1 25730U 99025A   26125.18059819  .00002636  00000+0  11041-2 0  9994
2 25730  98.8639 198.1396 0010510  23.9231 336.2435 14.26870283391826
1 29733U 99025X   26124.61711778  .00001187  00000+0  20396-2 0  9990
2 29733  99.2091 163.9268 0565528 231.7505 286.6801 12.96724829909712
1 29734U 99025Y   26124.72095970  .00001979  00000+0  31907-2 0  9991
2 29734  99.1715  36.2763 0616183  43.7835 346.4050 12.91811153903940
1 29735U 99025Z   26124.19038905  .00000556  00000+0  10087-2 0  9994
2 29735  99.3877  20.4567 0696613 219.4877 135.3436 12.75580242892318
1 29736U 99025AA  26124.42942706  .00000720  00000+0  16632-2 0  9999
2 29736  99.4193 281.6117 0723013 251.9880 131.2273 12.57695800883381
1 29737U 99025AB  26124.60959755  .00000886  00000+0  18890-2 0  9993
2 29737  99.5822  61.2226 0692992 189.1626 350.2339 12.66060981886763
1 29738U 99025AC  26124.82291508  .00001921  00000+0  26715-2 0  9999
2 29738  99.4173 270.8950 0848033 343.5979  13.9144 12.61931606880217
1 29740U 99025AE  26124.23638662  .00001359  00000+0  36100-2 0  9997
2 29740  99.0464 300.2298 0973268 273.9614  75.0907 12.08551888846560
1 29741U 99025AF  26124.32770147  .00001648  00000+0  41900-2 0  9998
2 29741  99.1765 323.2388 1026266 143.9005  29.4218 12.01478884538955
1 29748U 99025AN  26124.65055878  .00028652  00000+0  18840+0 0  9996
2 29748  99.8579  23.5201 0723169 100.4803 267.8490 11.91462726804340
1 29750U 99025AQ  26124.35105572  .00000303  00000+0  19579-3 0  9990
2 29750  98.7360 154.4485 0034744 256.5634 115.6209 14.09779244990832
1 29751U 99025AR  26124.33182490  .00000299  00000+0  14305-3 0  9999
2 29751  98.5239 153.0000 0090280  84.4018 290.1214 14.23750584  1015
1 29754U 99025AU  26124.82335036  .00001483  00000+0  71771-3 0  9998
2 29754  98.8860 232.9754 0036210 188.8261 298.2984 14.19690333993840
1 29758U 99025AY  26124.28113595  .00006251  00000+0  18606-2 0  9991
2 29758  98.8602 250.3706 0020341 243.1035 146.5018 14.43375577997261
1 29760U 99025BA  26124.42543043  .00000321  00000+0  19539-3 0  9994
2 29760  98.7650 127.5806 0131474 130.9151 230.3492 14.08398912991018
1 29762U 99025BC  26124.71756447  .00000459  00000+0  18338-3 0  9990
2 29762  98.5960 109.0346 0202481 279.8829 267.2712 14.22822307999814
1 29763U 99025BD  26124.52417154  .00000296  00000+0  18449-3 0  9991
2 29763  98.7791 104.9093 0128035 137.8837 347.2388 14.08002273990596
1 29765U 99025BF  26123.32889237  .00000276  00000+0  20483-3 0  9994
2 29765  98.8199 142.0225 0059152  58.6306 313.3157 14.02188544987353
1 29766U 99025BG  26124.79426639  .00001256  00000+0  84360-3 0  9993
2 29766  98.6976  71.7500 0143806 250.7538 137.8728 13.97602051978025
1 29767U 99025BH  26124.83207352  .00006327  00000+0  24466-2 0  9992
2 29767  98.2117  85.0123 0327906  13.4274  15.7785 14.04841676976082
1 29769U 99025BK  26124.39709142  .00002346  00000+0  12002-2 0  9999
2 29769  99.0904 189.2187 0094179  89.1266 272.0696 14.14266957986970
1 29770U 99025BL  26124.77731498  .00002621  00000+0  12049-2 0  9999
2 29770  98.8339 205.3461 0062570 220.3086 269.0856 14.21020450991171
1 29772U 99025BN  26124.80460795  .00001127  00000+0  68453-3 0  9995
2 29772  98.3805 327.9715 0135022 244.9197 130.3219 14.03728275982620
1 29773U 99025BP  26124.40094444  .00000631  00000+0  27091-3 0  9998
2 29773  99.0066 287.2060 0046374 236.9832 152.6669 14.27885855  2327
1 29774U 99025BQ  26124.83126184  .00000318  00000+0  16003-3 0  9996
2 29774  99.0945  74.6062 0051359  74.6550 313.5320 14.22873504  1118
1 29776U 99025BS  26124.68846015  .00000161  00000+0  11990-3 0  9999
2 29776  98.7538 152.2442 0022939 225.7317 250.4374 14.07858695990911
1 29777U 99025BT  26124.64207112  .00000184  00000+0  17266-3 0  9992
2 29777  99.2572 186.5127 0093118 183.1837 330.4369 13.92160005980294
1 29779U 99025BV  26124.51346548  .00000350  00000+0  20363-3 0  9994
2 29779  98.6723 136.4859 0064344 117.2269 243.5480 14.13587981994292
1 29780U 99025BW  26124.09476020  .00003041  00000+0  13813-2 0  9999
2 29780  99.2822  57.2755 0043210  85.5104 275.1006 14.22114342991019
1 29781U 99025BX  26124.56385866  .00000915  00000+0  57477-3 0  9991
2 29781  98.8193 119.7848 0072821 132.2622 355.6068 14.05556688986490
1 29782U 99025BY  26124.73789655  .00001763  00000+0  96779-3 0  9995
2 29782  99.0853 185.3271 0056016 160.4297 325.3346 14.12308885986894
1 29784U 99025CA  26124.77195240  .00000948  00000+0  37164-3 0  9999
2 29784  98.9508  52.7198 0058331 240.0299 147.3216 14.30979350  4020
1 29786U 99025CC  26124.52081975  .00000220  00000+0  14740-3 0  9991
2 29786  98.7258 142.3626 0076564 258.6059 255.1525 14.09178608991716
1 29788U 99025CE  26124.68547409  .00003439  00000+0  14154-2 0  9992
2 29788  98.7701 201.6732 0043590 134.1658  18.3075 14.27050757993933
1 29789U 99025CF  26124.47919645  .00001226  00000+0  14039-2 0  9999
2 29789  99.4593 306.3283 0295700 278.2484 135.7802 13.54656791949206
1 29790U 99025CG  26124.78480191  .00000633  00000+0  24305-3 0  9993
2 29790  99.1517 131.6820 0077288 121.7132 239.1614 14.32543016  5742
1 29791U 99025CH  26124.57464368  .00005699  00000+0  11759-2 0  9994
2 29791  99.0317 142.7195 0038044 349.8989 128.1551 14.60415936  9299
1 29792U 99025CJ  26124.59160951  .00001507  00000+0  78055-3 0  9995
2 29792  98.7397 177.5210 0046916 348.5935  11.4172 14.15832929989602
1 29793U 99025CK  26105.93777275  .00001079  00000+0  67657-3 0  9996
2 29793  98.3656 279.3436 0142074 348.1932 168.5523 14.01605240978884
1 29794U 99025CL  26124.40022483  .00000688  00000+0  37257-3 0  9992
2 29794  98.2179 275.4929 0155238 351.0581  34.4114 14.09410868988579
1 29795U 99025CM  26124.84932454  .00000039  00000+0  59881-4 0  9997
2 29795  98.8889 253.4137 0110926 243.6332 269.4236 13.92978532980571
1 29796U 99025CN  26124.64109859  .00001149  00000+0  63520-3 0  9998
2 29796  98.8451 179.8635 0051686 221.6204 290.4891 14.12701025990781
1 29798U 99025CQ  26124.77713765  .00001642  00000+0  10901-2 0  9993
2 29798  99.2821 195.8771 0106710 241.8954 234.5873 14.00145846979262
1 29800U 99025CS  26124.48754417  .00002480  00000+0  16052-2 0  9998
2 29800  98.2779 137.5378 0131448 184.2798 335.9400 13.99431538975727
1 29801U 99025CT  26124.52561391  .00000286  00000+0  10823-3 0  9994
2 29801  98.7875  33.3907 0103035 205.5003 332.1636 14.36052169  9895
1 29802U 99025CU  26124.28316285  .00011707  00000+0  20790-2 0  9991
2 29802  98.6240 245.1605 0033787 253.7381 136.2260 14.66985245  5580
1 29804U 99025CW  26124.29724929  .00000130  00000+0  10433-3 0  9994
2 29804  98.8034 133.1938 0096879 262.2812 113.0365 14.04364111988950
1 29805U 99025CX  26124.62979455  .00000130  00000+0  16758-3 0  9994
2 29805  99.4286 178.9158 0187912 217.6014 141.1872 13.72705639966639
1 29806U 99025CY  26124.81368666  .00000625  00000+0  36149-3 0  9997
2 29806  98.7040 141.5431 0028064 202.7456 332.9030 14.12294777991586
1 29807U 99025CZ  26124.54686536  .00000201  00000+0  13752-3 0  9992
2 29807  98.7556 130.0800 0078619 288.2453  71.0173 14.08789686991053
1 29809U 99025DB  26124.69792412  .00000721  00000+0  19701-3 0  9998
2 29809  98.8807  99.9779 0114358 281.3398 263.5332 14.46935371 15346
1 29810U 99025DC  26124.68227579  .00000581  00000+0  24177-3 0  9993
2 29810  99.1830 174.3217 0065641 326.8604 152.4637 14.29340859  4162
1 29812U 99025DE  26124.44455576  .00001542  00000+0  94015-3 0  9995
2 29812  98.3561 306.5031 0142126 284.3250 138.4589 14.02548058981726
1 29813U 99025DF  26124.80665272  .00000174  00000+0  12371-3 0  9997
2 29813  98.7156 145.1969 0012603 175.2927 358.1618 14.09494259992752
1 29815U 99025DH  26124.47131998  .00004915  00000+0  72858-3 0  9998
2 29815  98.0518 135.0099 0180588  45.5879 315.9945 14.65025433 19406
1 29816U 99025DJ  26124.22684199  .00003422  00000+0  69762-3 0  9990
2 29816  98.9781 357.6143 0234916 112.5497  14.1780 14.45724285  2446
1 29817U 99025DK  26124.72256272  .00000571  00000+0  31966-3 0  9990
2 29817  98.5709 113.0634 0011223 327.7392 214.7812 14.14458053994166
1 29818U 99025DL  26124.53753406  .00000295  00000+0  19909-3 0  9997
2 29818  98.7030   1.1733 0114352 345.0090  80.1918 14.04610806988146
1 29819U 99025DM  26124.69575292  .00000831  00000+0  48405-3 0  9999
2 29819  98.7496 107.7203 0191051  27.3207 146.2151 14.02372438986234
1 29820U 99025DN  26124.79861280  .00000248  00000+0  18374-3 0  9991
2 29820  98.8307 132.5743 0071777 197.6626 340.1668 14.02840198985657
1 29821U 99025DP  26124.61030891  .00002396  00000+0  69072-3 0  9996
2 29821  98.8487 183.1842 0373850  75.7776  76.9169 14.11797619985264
1 29827U 99025DV  26124.55445703  .00000544  00000+0  26539-3 0  9991
2 29827  98.6133 117.2940 0024133 266.4701 221.0092 14.21910905998928
1 29828U 99025DW  26124.82606333  .00001260  00000+0  74412-3 0  9999
2 29828  98.7526 171.2086 0062938 112.8784 307.7516 14.08560727987511
1 29832U 99025EA  26124.79931282  .00001048  00000+0  19313-3 0  9997
2 29832  98.8315 249.6560 0191967 206.4462 152.6839 14.56873996 23387
1 29833U 99025EB  26124.53814921  .00008492  00000+0  73275-3 0  9997
2 29833  99.0813 133.7585 0084678 158.8074 201.6685 14.94819132 27026
1 29835U 99025ED  26124.35222571  .00000153  00000+0  53092-4 0  9995
2 29835  99.0461 266.4312 0166458 334.3021  53.7872 14.43500837 15506
1 29836U 99025EE  26124.75915382  .00002393  00000+0  48529-3 0  9995
2 29836  98.1839 222.6984 0154403 120.1708  30.2804 14.54834976656349
1 29841U 99025EK  26124.81095425  .00000853  00000+0  19683-3 0  9993
2 29841  98.8390  83.0715 0198139 264.0287 153.9390 14.47002361 13896
1 29842U 99025EL  26124.77807838  .00005296  00000+0  98250-3 0  9991
2 29842  98.5616 222.2937 0106446  83.6655  67.7360 14.62051071 14363
1 29843U 99025EM  26124.56915522  .00000459  00000+0  16729-3 0  9996
2 29843  99.0296 333.0911 0190768 236.7851 179.1323 14.28831554  3118
1 29844U 99025EN  26124.68827311  .00001162  00000+0  38249-3 0  9991
2 29844  98.9305  35.3679 0168205 109.6216 252.3209 14.32449515  3883
1 29845U 99025EP  26124.51779440  .00000851  00000+0  35661-3 0  9992
2 29845  98.5258 126.1762 0078548  73.9805  45.9541 14.26828219  1446
1 29846U 99025EQ  26124.40310362  .00000172  00000+0  99587-4 0  9999
2 29846  98.6310 167.7488 0083575 252.3751 120.9731 14.19182473998832
1 29847U 99025ER  26124.58355656  .00000530  00000+0  35710-3 0  9999
2 29847  98.9109 122.4684 0084586   1.2932 123.6727 14.03111023987382
1 29848U 99025ES  26124.56383594  .00002072  00000+0  90620-3 0  9994
2 29848  98.2377 346.7282 0114266 236.7939 151.7988 14.21341261991463
1 29849U 99025ET  26124.72917105  .00001215  00000+0  75473-3 0  9991
2 29849  99.0012 213.0974 0079529   6.7026 146.6293 14.05408888983786
1 29850U 99025EU  26124.73659897  .00001253  00000+0  83162-3 0  9991
2 29850  98.1235  40.5053 0103348 243.0427 171.2699 14.00410753980212
1 29851U 99025EV  26124.13286083  .00000310  00000+0  29881-3 0  9990
2 29851  99.5593 172.6230 0141883 211.4145 213.6148 13.83716977973366
1 29852U 99025EW  26124.53621066  .00002786  00000+0  15282-2 0  9997
2 29852  99.3622 144.6223 0136245 114.8554  36.0157 14.08051056979939
1 29853U 99025EX  26124.78621646  .00001347  00000+0  93747-3 0  9994
2 29853  98.4654 239.4520 0160108 184.5068 175.4662 13.94279157976627
1 29854U 99025EY  26124.68125308  .00000291  00000+0  27770-3 0  9998
2 29854  98.9476 283.7491 0146560  26.0721 350.1382 13.83474834973205
1 29855U 99025EZ  26124.81138029  .00003434  00000+0  19468-2 0  9994
2 29855  98.1868  57.0553 0180272 359.9918  59.0451 14.02730600977178
1 29856U 99025FA  26124.80219492  .00016142  00000+0  26177-2 0  9993
2 29856  98.6845 228.5405 0245608 223.2664 269.8843 14.53158972984497
1 29857U 99025FB  26124.47323143  .00001445  00000+0  11946-2 0  9994
2 29857  98.4259 121.7895 0189988 264.8239  93.1211 13.82421617967475
1 29858U 99025FC  26124.80057779  .00001059  00000+0  94604-3 0  9995
2 29858  99.2116 227.2731 0196800  46.3187  78.5963 13.78232328965242
1 29859U 99025FD  26124.44224291  .00002496  00000+0  19471-2 0  9995
2 29859  98.3413 306.3470 0293982 186.7300 172.9866 13.74703807959400
1 29860U 99025FE  26124.57896278  .00002175  00000+0  18424-2 0  9992
2 29860  98.5996 150.3687 0216954 318.8784 161.8635 13.78300157961066
1 29865U 99025FK  26124.75176505  .00007755  00000+0  82246-3 0  9994
2 29865  98.9243  57.2297 0112600  48.6605   8.1286 14.84807738 28799
1 29866U 99025FL  26124.43201950  .00001549  00000+0  22712-3 0  9990
2 29866  98.0516 112.0643 0194341 124.4455  27.4392 14.64952892 24155
1 29868U 99025FN  26124.82877345  .00003794  00000+0  37074-3 0  9993
2 29868  97.9244 173.9418 0189210 259.6000 160.4244 14.80515127 24119
1 29869U 99025FP  26124.79615248  .00000744  00000+0  25525-3 0  9992
2 29869  98.8859  64.6256 0085911 309.3691 103.8541 14.37230786  8705
1 29870U 99025FQ  26124.89296118  .00000086  00000+0  46842-4 0  9991
2 29870  98.4817  96.7899 0120927 131.0184 258.1987 14.29040154  6367
1 29871U 99025FR  26124.88155475  .00002513  00000+0  74011-3 0  9996
2 29871  98.9897  90.7086 0058392  44.2632 343.3717 14.43630121  7669
1 29872U 99025FS  26124.32563897  .00001132  00000+0  27591-3 0  9994
2 29872  98.3363 141.6201 0232802 244.3628 113.3346 14.39649090  6421
1 29873U 99025FT  26124.57017067  .00000659  00000+0  47667-3 0  9994
2 29873  99.4272 353.6861 0092651 169.4381 249.7155 13.98300643983113
1 29874U 99025FU  26124.17942462  .00004283  00000+0  15618-2 0  9994
2 29874  98.3742  20.7628 0098570 290.2908 228.3138 14.30895688988834
1 29875U 99025FV  26124.40849918  .00000049  00000+0  37261-4 0  9999
2 29875  98.3786 174.6167 0082261   5.6360   9.0351 14.24913457  3477
1 29876U 99025FW  26124.69473818  .00000214  00000+0  11678-3 0  9990
2 29876  98.3076 171.8717 0060265 320.5376 159.7345 14.20394645999463
1 29877U 99025FX  26124.47545216  .00000773  00000+0  34374-3 0  9997
2 29877  98.5373 130.9225 0046778 160.9596 353.8912 14.25129529    12
1 29880U 99025GA  26124.67938477  .00001996  00000+0  12166-2 0  9990
2 29880  98.1930  32.3012 0232391  61.0751 358.4421 13.94497453975546
1 29881U 99025GB  26124.45234333  .00001814  00000+0  18617-2 0  9993
2 29881  98.7311  86.3701 0293129  60.0641  66.3881 13.60139545951742
1 29884U 99025GE  26124.66888257  .00001901  00000+0  60175-3 0  9993
2 29884  99.5838 180.3293 0044659  83.9185  71.6987 14.40919909  6070
1 29885U 99025GF  26124.78837897  .00000220  00000+0  12822-3 0  9990
2 29885  98.3672  55.5968 0119140 112.5718 303.4034 14.13678892994781
1 29887U 99025GH  26124.81227580  .00001294  00000+0  30466-3 0  9994
2 29887  98.7055 212.7405 0282854 296.4700 183.0461 14.34681526   247
1 29888U 99025GJ  26124.50319111  .00000836  00000+0  28667-3 0  9994
2 29888  99.1873 327.9391 0272867 339.4655  19.5718 14.20345531995300
1 29889U 99025GK  26124.81771206  .00000347  00000+0  18754-3 0  9999
2 29889  99.4927 255.8283 0153353   0.7137 154.6168 14.13750075993408
1 29890U 99025GL  26123.33263282  .00002398  00000+0  10666-2 0  9998
2 29890  99.4794 260.5942 0014994  42.2369 317.9959 14.23928252994657
1 29891U 99025GM  26124.52299390  .00000756  00000+0  53287-3 0  9993
2 29891  98.7332 125.1919 0058582 225.1923 254.0810 14.00164180984863
1 29892U 99025GN  26124.38758466  .00009083  00000+0  26333-2 0  9995
2 29892  99.1865 285.8012 0181578 243.2561 145.7487 14.35463709986943
1 29893U 99025GP  26124.80690328  .00000171  00000+0  18008-3 0  9995
2 29893  98.5442 212.0913 0174124 126.2802   2.5772 13.79530304971121
1 29894U 99025GQ  26124.83769264  .00000366  00000+0  34881-3 0  9998
2 29894  99.4643 184.6592 0168214  27.8372  25.2316 13.81161103970522
1 29895U 99025GR  26124.79978791  .00002711  00000+0  10386-2 0  9990
2 29895  99.8928 252.3237 0295118 313.3081 208.2807 14.10374537975394
1 29896U 99025GS  26124.68170920  .00000494  00000+0  53821-3 0  9995
2 29896  99.4101  17.3914 0240211  93.8260 325.2652 13.65528530959931
1 29897U 99025GT  26124.57371012  .00001635  00000+0  17400-2 0  9999
2 29897  98.6208 336.6359 0297182 126.3842 262.4162 13.57752921948781
1 29898U 99025GU  26124.49144907  .00002540  00000+0  15048-2 0  9994
2 29898  98.2348 101.9049 0422654 163.4825 328.7601 13.71671363951176
1 29899U 99025GV  26123.83886834  .00000057  00000+0  11885-3 0  9991
2 29899  98.6847 263.6906 0353815  81.7663 282.3426 13.37547563939843
1 29901U 99025GX  26124.40237484  .00000241  00000+0  38059-3 0  9997
2 29901  98.7644 279.7802 0377491 289.9388  94.4535 13.33346292938202
1 29904U 99025HA  26124.09265970  .00001215  00000+0  28229-3 0  9996
2 29904  99.0184 175.9552 0205815 255.0689 102.7632 14.44993276 11133
1 29906U 99025HC  26124.80917573  .00008330  00000+0  20430-2 0  9990
2 29906  98.7071 238.0917 0035233  78.6640 281.8510 14.52286253  2305
1 29907U 99025HD  26124.77815424  .00002228  00000+0  11930-2 0  9994
2 29907  99.0968 198.6442 0083441 206.8492 279.4642 14.12406511986175
1 29909U 99025HF  26124.57583353  .00007509  00000+0  16245-2 0  9998
2 29909  98.6363 238.4696 0035381 295.8755  80.9888 14.58165542  4865
1 29911U 99025HH  26124.69064440  .00001147  00000+0  56492-3 0  9996
2 29911  98.6962 170.2972 0027986 102.0999  26.2572 14.19284152994580
1 29912U 99025HJ  26124.79712465  .00006318  00000+0  18050-2 0  9997
2 29912  98.7366 231.0518 0043347 152.8761 338.6176 14.44921354  1029
1 29913U 99025HK  26124.51103027  .00000402  00000+0  25934-3 0  9994
2 29913  98.7933 124.5297 0061747 228.6127 285.3721 14.07549240989738
1 29914U 99025HL  26124.56376624 -.00000043  00000+0 -24321-6 0  9990
2 29914  98.8250 154.0080 0036728  77.6328  73.8295 14.03194795987894
1 29916U 99025HN  26124.74714580  .00000477  00000+0  57581-3 0  9999
2 29916  99.1847 139.7629 0269721 252.6004 172.8376 13.57170415953926
1 29917U 99025HP  26124.42312795  .00000858  00000+0  84109-3 0  9996
2 29917  98.8673 340.2528 0225202 107.2137  14.1919 13.70800076960854
1 29918U 99025HQ  26124.82850331  .00003091  00000+0  11047-2 0  9996
2 29918  98.8440 215.6100 0012533 250.3999 228.5659 14.34804970998452
1 29919U 99025HR  26124.68463257  .00000135  00000+0  14321-3 0  9993
2 29919  98.5022 270.6717 0136680 312.4955  62.0428 13.85200459975146
1 29920U 99025HS  26124.01062411  .00001703  00000+0  10275-2 0  9994
2 29920  98.3829 332.6693 0123734 237.4555 121.4613 14.04121069982843
1 29921U 99025HT  26124.78759486  .00000453  00000+0  29489-3 0  9993
2 29921  98.7861 131.8322 0046063  28.6226 152.4416 14.06831327988877
1 29922U 99025HU  26124.12080863  .00000035  00000+0  54064-4 0  9992
2 29922  99.1106 185.8553 0092668 336.0746  23.6124 13.98664957984318
1 29923U 99025HV  26124.47319895  .00000692  00000+0  38478-3 0  9990
2 29923  98.6856 133.8025 0018708 122.2128  41.1175 14.14178372992921
1 29924U 99025HW  26124.78780384  .00000176  00000+0  12582-3 0  9995
2 29924  98.7282 138.3013 0026281 211.5741 327.0353 14.08932558992225
1 29926U 99025HY  26124.72956115  .00000496  00000+0  14038-3 0  9991
2 29926  98.2972 112.8246 0247024 233.1275 310.7712 14.33748450  6289
1 29927U 99025HZ  26124.07238317  .00019206  00000+0  25184-2 0  9999
2 29927  99.0683 170.8140 0018898 129.6913 260.9578 14.80246928  7482
1 29928U 99025JA  26124.58333602  .00000558  00000+0  46396-3 0  9998
2 29928  99.5668 157.6027 0143882  83.1861  66.7867 13.88327197974735
1 29929U 99025JB  26124.52743458  .00002134  00000+0  13218-2 0  9995
2 29929  98.6263  41.0988 0130881 136.3779  35.8753 14.02029079979565
1 29930U 99025JC  26124.17015794  .00000470  00000+0  20863-3 0  9999
2 29930  99.0283  14.6867 0163720   6.7198 146.2828 14.21002766999139
1 29931U 99025JD  26124.08481731  .00000115  00000+0  99156-4 0  9996
2 29931  98.8384 160.6725 0032687  57.3578 328.4285 14.03979895988107
1 29932U 99025JE  26123.50066640  .00000478  00000+0  25739-3 0  9998
2 29932  98.6299 135.0263 0037962  24.6386 128.2456 14.16951061995911
1 29933U 99025JF  26124.29965345  .00015465  00000+0  24824-2 0  9991
2 29933  98.7489 242.4304 0006020 227.0907 160.9222 14.71729423  5970
1 29934U 99025JG  26124.73469797  .00004114  00000+0  72128-3 0  9991
2 29934  98.8800 188.0390 0100371 171.7253 188.5632 14.65116606 18625
1 29935U 99025JH  26124.13471201  .00000170  00000+0  98717-4 0  9990
2 29935  98.4354 183.7105 0151042 166.4519 224.4028 14.14306083995558
1 29936U 99025JJ  26124.60657650  .00000445  00000+0  15865-3 0  9994
2 29936  98.6671 243.5308 0114793 124.5293 236.6793 14.35466182  9818
1 29937U 99025JK  26124.55631477 -.00000095  00000+0 -32847-4 0  9991
2 29937  98.7900 146.1160 0031623 342.0065 134.6055 14.04391139989408
1 29938U 99025JL  26124.47663608  .00000029  00000+0  43012-4 0  9995
2 29938  98.8146 115.9353 0032337 267.9434 256.6187 14.07540986990646
1 29939U 99025JM  26124.57053338  .00000039  00000+0  43457-4 0  9994
2 29939  98.7147 125.1566 0067384  93.0457  19.3656 14.12119614994767
1 29940U 99025JN  26124.48555925  .00001091  00000+0  52617-3 0  9991
2 29940  98.6180 135.2845 0074660  49.2162 105.3469 14.19192869995127
1 29942U 99025JQ  26124.71679220  .00001439  00000+0  55706-3 0  9992
2 29942  98.6169 194.4467 0048961 214.7089 145.0896 14.30933145999138
1 29943U 99025JR  26124.53840441  .00000105  00000+0  83670-4 0  9999
2 29943  98.7250 132.9530 0035582 182.0750 301.2366 14.09701267993187
1 29944U 99025JS  26124.85878802  .00006464  00000+0  52146-3 0  9994
2 29944  99.0208  83.6990 0159665 135.0034 226.4247 14.90783767 25849
1 29945U 99025JT  26124.69609921 -.00000057  00000+0 -86777-5 0  9994
2 29945  98.7770 148.9759 0030084 321.0705 151.4321 14.05632179989860
1 29946U 99025JU  26124.48906081  .00000360  00000+0  22934-3 0  9997
2 29946  98.7905 118.0164 0079460 300.8722 181.7945 14.08386927990561
1 29947U 99025JV  26124.66547859  .00000234  00000+0  17625-3 0  9993
2 29947  98.8182 155.9591 0041055  82.4442  41.8026 14.03170700987540
1 29948U 99025JW  26124.51852257 -.00000074  00000+0 -18055-4 0  9992
2 29948  98.8390 112.2243 0084175 192.5542 292.1175 14.06266477989836
1 29949U 99025JX  26124.53577845 -.00000130  00000+0 -52300-4 0  9996
2 29949  98.7539 140.7312 0022950 261.7377 215.2543 14.06853221991154
1 29950U 99025JY  26124.56659205  .00000089  00000+0  73659-4 0  9993
2 29950  98.7210 156.5413 0032895 196.2803 284.0642 14.10399891993041
1 29953U 99025KB  26124.52629722  .00000173  00000+0  16478-3 0  9992
2 29953  98.9525 111.2037 0105183 236.7018 246.1022 13.90988622978478
1 29954U 99025KC  26124.14001922  .00001803  00000+0  63505-3 0  9991
2 29954 100.1319 191.7768 0073567 227.3916 132.1045 14.34895678  2264
1 29955U 99025KD  26124.83041911  .00003722  00000+0  12076-2 0  9998
2 29955  99.2655 221.9092 0008398 188.2077 296.6661 14.39554258  1164
1 29956U 99025KE  26124.52236714  .00000144  00000+0  11249-3 0  9999
2 29956  98.7730 154.1274 0052920 336.3876 150.6518 14.06206921990561
1 29957U 99025KF  26124.34969635  .00014917  00000+0  33279-2 0  9994
2 29957  98.9223 265.5787 0035269 107.7414 282.9154 14.56539871995649
1 29958U 99025KG  26124.65122022  .00000286  00000+0  16915-3 0  9993
2 29958  98.6610 139.8221 0053302 284.0584  75.4668 14.14616406994714
1 29959U 99025KH  26124.02943685  .00000344  00000+0  23371-3 0  9990
2 29959  98.7884 155.6755 0041057 288.0404 101.3945 14.06099890989406
1 29960U 99025KJ  26124.23144794  .00000560  00000+0  29002-3 0  9996
2 29960  98.6295 110.3944 0090267 236.3470 138.7503 14.16669791994726
1 29961U 99025KK  26124.27443656  .00000260  00000+0  12437-3 0  9991
2 29961  98.9340  19.6448 0073549 252.1733 107.1413 14.26345043  3412
1 29962U 99025KL  26124.78405740  .00000301  00000+0  19354-3 0  9991
2 29962  98.7663 133.7225 0110310 178.0826 355.7891 14.07256169990096
1 29963U 99025KM  26124.51810277  .00001250  00000+0  49717-3 0  9998
2 29963  98.9860  18.1023 0049452 247.4121 236.8952 14.29908379  1807
1 29964U 99025KN  26124.80997932  .00001343  00000+0  82379-3 0  9999
2 29964  98.3687 320.9270 0129894 223.9386 135.1397 14.03173320983230
1 29965U 99025KP  26124.53754064  .00000099  00000+0  95096-4 0  9995
2 29965  98.9715 120.4311 0145764  35.8838  75.6789 13.95859758982681
1 29966U 99025KQ  26124.62217265  .00000636  00000+0  28567-3 0  9998
2 29966  99.4790 348.2883 0038608 299.8378  59.8964 14.26020081   790
1 29967U 99025KR  26122.68876284  .00002955  00000+0  12557-2 0  9992
2 29967  98.8545 205.4225 0074346 244.9409 270.8554 14.24570209992285
1 29968U 99025KS  26124.74828059  .00000106  00000+0  86130-4 0  9995
2 29968  98.8170 115.9475 0089101 312.3843 224.9152 14.07359339990607
1 29969U 99025KT  26124.78757086  .00003412  00000+0  12107-2 0  9995
2 29969  98.7629 216.0392 0040337 348.6783 131.4517 14.34661658997121
1 29970U 99025KU  26124.83120961  .00001281  00000+0  36603-3 0  9999
2 29970  98.8199  63.3146 0091419 120.0627 305.2509 14.44512443 11860
1 29971U 99025KV  26124.56383440  .00001388  00000+0  68794-3 0  9997
2 29971  98.6613 166.1514 0023911 117.6259  40.5750 14.18672535993648
1 29972U 99025KW  26124.81916985  .00004157  00000+0  71090-3 0  9992
2 29972  98.9085 154.4785 0060655 289.0843 249.3515 14.68291094 15829
1 29973U 99025KX  26124.47986894  .00000854  00000+0  52944-3 0  9998
2 29973  98.8460 126.8118 0060071 108.4836  44.4049 14.06892728987251
1 29974U 99025KY  26124.71457088  .00001633  00000+0  84949-3 0  9990
2 29974  98.8844 213.3812 0046411  37.3406 115.4484 14.15504435989479
1 29975U 99025KZ  26124.67044729  .00000173  00000+0  14631-3 0  9999
2 29975  99.3153 173.0660 0113300 344.2929 140.0528 13.98094669984341
1 29976U 99025LA  26124.54937278 -.00000207  00000+0 -83997-4 0  9998
2 29976  98.9255 123.1233 0267587 204.5894 276.8477 13.98292155983326
1 29977U 99025LB  26123.88564019  .00001522  00000+0  89334-3 0  9993
2 29977  98.3876 340.4981 0126093 212.6695 162.9034 14.05607786983579
1 29978U 99025LC  26124.40048635 -.00000085  00000+0 -29671-4 0  9998
2 29978  99.0350 177.3482 0076255  21.6234   1.5563 13.95956402983079
1 29979U 99025LD  26124.56147784  .00000985  00000+0  40166-3 0  9999
2 29979  98.3567 146.3855 0108152 103.4713  47.5055 14.26294739  1097
1 29980U 99025LE  26124.70424961  .00000066  00000+0  62436-4 0  9997
2 29980  98.5689 291.1600 0087260 202.7834 168.6518 14.06410093990026
1 29982U 99025LG  26124.80800465  .00002604  00000+0  41910-3 0  9990
2 29982  99.3994 332.1301 0119569 211.8521 161.8561 14.67995087 23828
1 29985U 99025LK  26124.54722426  .00000040  00000+0  46050-4 0  9997
2 29985  98.7025 140.1102 0028949 163.7305 313.4633 14.10353637993616
1 29986U 99025LL  26124.77668190  .00003432  00000+0  13373-2 0  9998
2 29986  99.3856 208.5793 0020586 304.3245 174.7381 14.30340520995514
1 29987U 99025LM  26124.69268955  .00002970  00000+0  14904-2 0  9992
2 29987  98.8929  21.3130 0077169 184.5984 232.2949 14.15788673983956
1 29988U 99025LN  26124.82795019  .00004252  00000+0  95842-3 0  9990
2 29988  98.6979 238.7379 0113614 303.3224 210.3201 14.53001836  1403
1 29989U 99025LP  26124.73285682  .00000245  00000+0  13546-3 0  9990
2 29989  98.6862 104.8407 0124005 145.9595  31.0521 14.15937533996346
1 29992U 99025LS  26124.53893499  .00000075  00000+0  61801-4 0  9992
2 29992  98.7385 120.9218 0089593 122.3660 354.8046 14.11671300994028
1 29993U 99025LT  26124.66155611  .00000149  00000+0  11208-3 0  9991
2 29993  98.7704 162.5869 0038032 270.7386  88.9426 14.08195815991812
1 29994U 99025LU  26124.54403315  .00000629  00000+0  40327-3 0  9993
2 29994  98.8078 157.3298 0130463 175.1789 307.9786 14.02735431987289
1 29996U 99025LW  26124.69476730  .00002539  00000+0  13424-2 0  9991
2 29996  99.2908 171.8519 0130908  50.4138  71.0656 14.10420864981517
1 29997U 99025LX  26124.53454395  .00000562  00000+0  39253-3 0  9991
2 29997  98.8864 136.1850 0079134 290.8911 221.6304 14.01197075983899
1 29998U 99025LY  26124.75486802  .00001643  00000+0  66631-3 0  9995
2 29998  99.2889 199.5318 0004366 246.5651 113.5069 14.29219813999178
1 29999U 99025LZ  26124.71702043  .00001004  00000+0  40735-3 0  9998
2 29999  98.5922 109.8887 0189325  72.9517  98.6731 14.20449168997531
1 30001U 99025MA  26124.73025654  .00006569  00000+0  20422-2 0  9993
2 30001  98.9512 211.2243 0034944  37.0542 125.4882 14.40993182994890
1 30003U 99025MC  26124.72207361  .00000340  00000+0  31032-3 0  9992
2 30003  99.5940 107.7926 0143878 101.1992  70.5892 13.85760019974685
1 30004U 99025MD  26124.51106090  .00001132  00000+0  57748-3 0  9999
2 30004  99.2282 316.0234 0037142 300.7437 114.3630 14.17509640993298
1 30005U 99025ME  26123.83003037  .00001210  00000+0  12875-2 0  9999
2 30005  99.3184  82.3738 0346914  93.8300 270.2568 13.52626528948679
1 30007U 99025MG  26124.74894375  .00003377  00000+0  13892-2 0  9991
2 30007  99.1745  37.8206 0063002 326.4035  96.4827 14.26590740993945
1 30008U 99025MH  26124.54290916  .00010344  00000+0  17064-2 0  9998
2 30008  99.3793 106.5965 0038833 116.5959   0.4117 14.70178347 11564
1 30009U 99025MJ  26124.66931441  .00001423  00000+0  89111-3 0  9998
2 30009  98.9983 183.5849 0062375 294.5361  64.9312 14.05288365984908
1 30010U 99025MK  26124.81368667  .00000184  00000+0  95720-4 0  9998
2 30010  99.0664 326.7384 0073475 158.0254 219.0737 14.25075628  2971
1 30012U 99025MM  26124.63571095  .00000263  00000+0  24899-3 0  9997
2 30012  99.4377 184.1310 0137080 125.5570  27.0987 13.85863335975277
1 30013U 99025MN  26124.68131428  .00000218  00000+0  20900-3 0  9994
2 30013  99.5653 152.7040 0127968  24.1505  98.3004 13.87921645976647
1 30015U 99025MQ  26124.81377080  .00001409  00000+0  54644-3 0  9992
2 30015  99.2248 141.4908 0038930  73.3454  99.3804 14.31296399  2137
1 30016U 99025MR  26124.76925404  .00010581  00000+0  13003-2 0  9990
2 30016  98.8905 157.2891 0040358 308.5301 106.1001 14.82674226 15719
1 30017U 99025MS  26124.71119722  .00001283  00000+0  19373-3 0  9990
2 30017  98.7289 182.4913 0217459  94.9329 267.6733 14.61539745 25329
1 30018U 99025MT  26124.79671502  .00004977  00000+0  67822-3 0  9993
2 30018  98.7473 223.7149 0114872 106.6784  19.8248 14.74688394 25446
1 30020U 99025MV  26124.79421493  .00000704  00000+0  40108-3 0  9990
2 30020  98.8480 130.0855 0183468  30.4104 147.6549 14.04735708986668
1 30021U 99025MW  26124.73134325  .00000349  00000+0  23841-3 0  9990
2 30021  98.8466 117.6252 0071835 246.2003 293.7248 14.04949561989390
1 30022U 99025MX  26124.58183293  .00000067  00000+0  49566-4 0  9992
2 30022  99.0590 341.9624 0066779 219.1664 196.0831 14.23180581  2221
1 30023U 99025MY  26124.52171749  .00000568  00000+0  33212-3 0  9996
2 30023  99.2895 328.2345 0047046  25.8732  39.6688 14.12097653992117
1 30028U 99025ND  26124.51285764  .00001686  00000+0  32013-3 0  9993
2 30028  98.1557 118.4870 0174271 145.0097 335.0670 14.56206844 17997
1 30035U 99025NL  26124.80348455  .00000192  00000+0  76945-4 0  9994
2 30035  99.2763  55.6505 0114764   5.6265  53.4943 14.37054693 11790
1 30036U 99025NM  26124.55621080  .00001777  00000+0  40281-3 0  9998
2 30036  98.2353 152.9169 0189950 132.1172 351.5793 14.46766080 12385
1 30037U 99025NN  26124.38050781  .00000597  00000+0  19422-3 0  9996
2 30037  98.4022 101.0399 0172766 350.6313 168.6490 14.34327136  8324
1 30038U 99025NP  26124.47439854  .00001721  00000+0  38436-3 0  9995
2 30038  98.3819 114.0574 0256273  33.9445 128.2533 14.39749702  9457
1 30040U 99025NR  26124.47768743  .00003227  00000+0  10633-2 0  9991
2 30040  98.2246 139.8648 0030683 240.2667 287.2000 14.38518327999790
1 30041U 99025NS  26124.90267807  .00000677  00000+0  38396-3 0  9998
2 30041  99.4746 244.6560 0035195 178.1578 307.4232 14.13444855993096
1 30043U 99025NU  26124.72579125  .00002408  00000+0  70395-3 0  9998
2 30043  98.6247 225.1901 0281328  74.9536 288.2590 14.24341365993802
1 30044U 99025NV  26124.73526245  .00007988  00000+0  18525-2 0  9999
2 30044  98.2135  46.9002 0079197  87.0760 273.9497 14.53350887  1133
1 30045U 99025NW  26124.69152448  .00003861  00000+0  16610-2 0  9994
2 30045  99.1671 171.0382 0093682  66.8937  54.1500 14.22905090987209
1 30047U 99025NY  26124.44950162  .00000464  00000+0  36139-3 0  9993
2 30047  99.9351 297.1003 0124433 303.7371 110.5662 13.94650620979052
1 30048U 99025NZ  26124.58368905  .00000215  00000+0  21495-3 0  9990
2 30048  98.6507 343.4568 0186063 218.9699 197.7891 13.79981095970968
1 30050U 99025PB  26124.76350042  .00001111  00000+0  89236-3 0  9999
2 30050  96.8300  51.2343 0170048 342.3836  70.6214 13.85437785971821
1 30052U 99025PD  26124.67493865  .00000500  00000+0  43608-3 0  9996
2 30052  99.2823 151.2782 0288646 217.5393 264.0370 13.73142260965163
1 30053U 99025PE  26124.40386274  .00002221  00000+0  10778-2 0  9996
2 30053  98.5915 292.8867 0325263 302.2616  85.5308 13.95173062969755
1 30054U 99025PF  26124.04307990  .00000401  00000+0  38786-3 0  9993
2 30054  99.3505 157.5831 0275150 355.3234  32.7425 13.70031719962978
1 30056U 99025PH  26124.03072824  .00003060  00000+0  23584-2 0  9992
2 30056  98.3342 296.7585 0298405 185.5954 174.1839 13.74699458959307
1 30057U 99025PJ  26124.39544917  .00001039  00000+0  11353-2 0  9994
2 30057  98.8669 184.4650 0293222 137.6059 236.7900 13.57468492951711
1 30058U 99025PK  26124.53269433  .00000413  00000+0  53856-3 0  9998
2 30058  99.6503 129.1745 0315940 157.4554 330.2194 13.48447886947726
1 30059U 99025PL  26124.43557084  .00000181  00000+0  26925-3 0  9999
2 30059  98.8363 107.8577 0325984 300.7066 214.3765 13.45578572947166
1 30060U 99025PM  26124.59633747  .00001140  00000+0  14150-2 0  9991
2 30060  99.3112 345.9529 0346441  75.6744 313.3863 13.44174811941621
1 30061U 99025PN  26124.88696744  .00001892  00000+0  21258-2 0  9991
2 30061 101.8869 266.2591 0366061 285.2937 232.6661 13.47346339940264
1 30062U 99025PP  26124.54103924  .00000599  00000+0  37795-3 0  9995
2 30062  98.7775 134.6601 0048802   7.2524 145.4230 14.07315668989162
1 30063U 99025PQ  26124.53129229  .00000088  00000+0  65497-4 0  9995
2 30063  98.5406 102.2499 0033418  85.2168  29.7871 14.15664838996859
1 30064U 99025PR  26124.56915652  .00000271  00000+0  16001-3 0  9992
2 30064  98.6570 136.2946 0066685  63.9626  56.0937 14.14376518995243
1 30065U 99025PS  26124.48571252  .00000139  00000+0  14352-3 0  9998
2 30065  98.7055  92.3739 0131151   2.2886 357.8846 13.86976479976509
1 30066U 99025PT  26124.47586902  .00000172  00000+0  95998-4 0  9999
2 30066  98.6462 116.4012 0116962 209.8260 302.9161 14.19215901998617
1 30067U 99025PU  26124.32337499  .00000980  00000+0  26352-3 0  9993
2 30067  98.7514  19.6323 0149565 311.5179 164.7561 14.44128704 12539
1 30068U 99025PV  26124.70116557  .00000230  00000+0  12634-3 0  9992
2 30068  98.7503 114.0816 0188916 302.3164  55.9835 14.12156886993619
1 30069U 99025PW  26124.69959472  .00000562  00000+0  36937-3 0  9992
2 30069  98.8184 107.4993 0049274  13.2166 160.7258 14.05357097988540
1 30070U 99025PX  26124.62557191  .00002451  00000+0  84758-3 0  9992
2 30070  98.2643 178.2905 0323488 267.4316 248.5921 14.11144923978930
1 30071U 99025PY  26124.58494926  .00007877  00000+0  18135-2 0  9996
2 30071  98.6579 233.6167 0036596  35.2555 335.6244 14.55234342  3002
1 30072U 99025PZ  26124.41372441  .00007844  00000+0  24222-2 0  9994
2 30072  99.0831 286.0475 0056747 211.5555 148.2224 14.40689737992236
1 30073U 99025QA  26124.44820034  .00002024  00000+0  96900-3 0  9992
2 30073  99.4225 111.4531 0050840 237.6106 274.6139 14.19632691989497
1 30074U 99025QB  26124.14448826  .00002560  00000+0  13197-2 0  9996
2 30074  99.1149 198.1318 0097355 111.5048 249.6537 14.13612234986735
1 30075U 99025QC  26124.68239515  .00000263  00000+0  23065-3 0  9993
2 30075  99.3356 181.3071 0091493 151.1965 329.4788 13.92586294980543
1 30076U 99025QD  26124.53544034  .00000267  00000+0  28177-3 0  9996
2 30076  99.2529 112.2131 0176007  77.4902  37.9687 13.76395798968589
1 30077U 99025QE  26124.78854403  .00000180  00000+0  13262-3 0  9991
2 30077  98.7495 140.9381 0020755 219.2382 318.6381 14.07100768991242
1 30078U 99025QF  26124.82286096  .00003721  00000+0  16129-2 0  9992
2 30078  98.8220 205.1914 0050515 225.5568 254.6587 14.24175445991496
1 30079U 99025QG  26124.40657618  .00000239  00000+0  18372-3 0  9993
2 30079  99.0005 183.1219 0084659 263.8113 161.2171 14.00873630985356
1 30080U 99025QH  26124.74779067  .00000432  00000+0  24353-3 0  9996
2 30080  98.7160 105.9335 0133027  14.9132 163.6716 14.10952230992542
1 30081U 99025QJ  26124.54616652  .00000170  00000+0  14616-3 0  9995
2 30081  98.9303 122.0074 0075266 304.4066 173.2943 13.98429573983506
1 30082U 99025QK  26124.81379552  .00044134  00000+0  16510-2 0  9993
2 30082  98.8297  81.7209 0057629  48.0086 312.6035 15.25608171 34676
1 30086U 99025QP  26124.36062275  .00000184  00000+0  14116-3 0  9996
2 30086  98.8898 160.1104 0062747  96.8615 284.0009 14.03991973986971
1 30087U 99025QQ  26124.57295947  .00001176  00000+0  31192-3 0  9999
2 30087  98.3602 157.8354 0229427  54.8587  71.2698 14.36037771  7430
1 30088U 99025QR  26124.71756218  .00000630  00000+0  18443-3 0  9997
2 30088  98.3700 109.8842 0200744 179.7196 354.7078 14.36312431  7220
1 30089U 99025QS  26124.29038478  .00000403  00000+0  16724-3 0  9990
2 30089  98.8989  37.9784 0074111 154.3423 327.0120 14.30502156  5161
1 30090U 99025QT  26124.48013851  .00000266  00000+0  12193-3 0  9994
2 30090  99.4165 313.9135 0058349  63.7181 326.1624 14.29375787  3086
1 30092U 99025QV  26124.52091709  .00001373  00000+0  43723-3 0  9992
2 30092  98.9285 314.6687 0082416 187.8318 197.7880 14.39628619  7959
1 30093U 99025QW  26124.63710264  .00001970  00000+0  56885-3 0  9995
2 30093  98.8538  10.1610 0067552 271.0166 118.0160 14.44513933  8670
1 30095U 99025QY  26124.81437786  .00010502  00000+0  95013-3 0  9999
2 30095  99.2301  73.3480 0150002 241.0286 117.5819 14.87403017 14573
1 30096U 99025QZ  26124.50652617  .00000731  00000+0  28094-3 0  9996
2 30096  99.1353 216.2949 0079704 178.1935 181.9550 14.31942159  5850
1 30099U 99025RC  26124.13277731  .00000559  00000+0  24658-3 0  9998
2 30099  98.5200 197.7039 0061847 187.6414 201.9714 14.26141822  2142
1 30102U 99025RF  26124.79099006  .00000533  00000+0  23410-3 0  9999
2 30102  98.3785 130.5646 0140287 302.3624 237.7711 14.22309020999913
1 30103U 99025RG  26124.56316132  .00000924  00000+0  40517-3 0  9998
2 30103  99.2584 118.7418 0063987  72.5545  48.4423 14.25218493999536
1 30104U 99025RH  26124.49723410  .00000995  00000+0  42077-3 0  9993
2 30104  98.3580 320.0518 0074330  49.7120  11.8624 14.26125318999273
1 30105U 99025RJ  26124.40665806  .00000973  00000+0  37933-3 0  9990
2 30105  98.6085 111.9375 0198575  20.5778 340.3257 14.21712050997897
1 30106U 99025RK  26124.75116652  .00065987  00000+0  49369-2 0  9990
2 30106  98.9208  56.1614 0041414  94.3351 322.3814 15.01770083  6674
1 30107U 99025RL  26124.15027344  .00000051  00000+0  46050-4 0  9991
2 30107  98.8209 184.5765 0126587 230.1946 128.8029 14.14490594995744
1 30108U 99025RM  26124.54469758  .00000692  00000+0  30173-3 0  9993
2 30108  98.6751 111.9672 0196126 331.8944 151.6136 14.17404228996217
1 30109U 99025RN  26124.55565109  .00000493  00000+0  22802-3 0  9991
2 30109  98.5186 117.2302 0167518 179.6652 307.2634 14.17815685995758
1 30110U 99025RP  26124.79866549  .00000138  00000+0  20082-3 0  9995
2 30110  98.9089 225.1002 0267160 344.5870  14.7248 13.56302375954543
1 30112U 99025RR  26124.71305355  .00001839  00000+0  68528-3 0  9998
2 30112  99.2972 111.4529 0200957  61.2733 300.8475 14.22770686996155
1 30113U 99025RS  26124.59752888  .00004824  00000+0  13202-2 0  9997
2 30113  99.0328 351.1860 0037392 299.0650  88.8002 14.47284943999740
1 30114U 99025RT  26124.54024402  .00000343  00000+0  21242-3 0  9993
2 30114  98.7494 127.9286 0082356  76.2915  40.2958 14.09771128991660
1 30115U 99025RU  26124.68090913  .00001707  00000+0  79867-3 0  9990
2 30115  98.6054 153.2368 0066575   8.7768 110.1377 14.20394673993579
1 30116U 99025RV  26124.70411328  .00003110  00000+0  12124-2 0  9993
2 30116  99.3864 211.8826 0018414 290.5017 223.9245 14.30418856995529
1 30117U 99025RW  26124.75011234 -.00000005  00000+0  19652-4 0  9997
2 30117  98.8173 114.6803 0164175 166.6286   8.7555 14.07281423990002
1 30118U 99025RX  26124.57579847 -.00000027  00000+0  93100-5 0  9992
2 30118  98.8048 129.1699 0084835  19.8022 103.0975 14.05184791989370
1 30119U 99025RY  26124.51236894  .00002329  00000+0  96136-3 0  9995
2 30119  97.9321 109.3001 0127964 229.7207 253.0814 14.23258073992108
1 30120U 99025RZ  26124.22889503  .00003460  00000+0  13608-2 0  9995
2 30120  98.8424 213.0214 0063407 157.3435 228.9600 14.28794080994051
1 30121U 99025SA  26124.49239103  .00007414  00000+0  22541-2 0  9999
2 30121 102.1549 210.5009 0032351 149.9927 232.3361 14.42251934995966
1 30123U 99025SC  26124.02787202  .00002922  00000+0  92293-3 0  9999
2 30123  96.9322  40.1127 0226606  11.3012 349.3142 14.27108432992768
1 30124U 99025SD  26124.65400913  .00001620  00000+0  78271-3 0  9994
2 30124  99.1123 186.6302 0142584  63.0787  87.0325 14.14800161989353
1 30125U 99025SE  26124.28525157  .00001475  00000+0  37106-3 0  9992
2 30125  98.7222 227.1275 0337464 290.4680 127.9060 14.23859172989491
1 30127U 99025SG  26124.56623453  .00006123  00000+0  18636-2 0  9994
2 30127  98.2029 340.0256 0083906  10.8834 349.4146 14.40346416992908
1 30128U 99025SH  26124.41657310  .00012861  00000+0  31051-2 0  9990
2 30128  96.9886 103.5458 0103851  36.4689 113.8130 14.49970168993762
1 30129U 99025SJ  26124.28966476  .00000503  00000+0  30393-3 0  9991
2 30129  98.0399  54.3641 0186507  46.5126 103.1942 14.01825250984750
1 30131U 99025SL  26124.26382385  .00004686  00000+0  20401-2 0  9997
2 30131  99.0715 225.1365 0082181 111.8597 274.5812 14.22702409987146
1 30132U 99025SM  26124.15322956  .00000341  00000+0  27541-3 0  9991
2 30132  99.5973  88.2566 0105492  27.1057 353.9555 13.95028127980753
1 30133U 99025SN  26124.45540021  .00002470  00000+0  14447-2 0  9995
2 30133  98.3394 285.0186 0084050 212.5421 215.3234 14.07395103983858
1 30134U 99025SP  26124.02272238  .00000689  00000+0  38733-3 0  9996
2 30134  98.6822 143.9973 0020011 137.6959 250.8106 14.13617568992563
1 30136U 99025SR  26124.16529142  .00000430  00000+0  32193-3 0  9990
2 30136  98.5429  11.8034 0129404  34.1010 117.0002 13.95501035980772
1 30138U 99025ST  26124.44579796  .00001379  00000+0  66070-3 0  9997
2 30138  98.7405 181.1856 0021573  89.3050 284.0163 14.20542961994272
1 30139U 99025SU  26124.50241072  .00001362  00000+0  82090-3 0  9990
2 30139  98.3609 321.8387 0128753 245.2402 143.2863 14.04194743982531
1 30140U 99025SV  26122.65743620  .00002366  00000+0  10910-2 0  9998
2 30140  98.8110 190.3279 0039298 264.3062 249.2750 14.21593516991456
1 30141U 99025SW  26124.25589399  .00007579  00000+0  17774-2 0  9994
2 30141  99.0187  61.7318 0015819 336.2207  23.8255 14.54737924  3091
1 30142U 99025SX  26124.65746016  .00002454  00000+0  13185-2 0  9999
2 30142  99.1171 207.6607 0099861 267.3152  91.6584 14.11372470983145
1 30143U 99025SY  26124.43384973  .00001712  00000+0  10777-2 0  9996
2 30143  98.7425 307.0526 0101467 250.9574 138.5385 14.03118468982202
1 30144U 99025SZ  26124.55916404  .00000499  00000+0  39909-3 0  9990
2 30144  99.0198 118.4147 0124795 261.3079 226.6792 13.92018754978279
1 30145U 99025TA  26124.78280647  .00005583  00000+0  27590-2 0  9990
2 30145  99.2715 244.8461 0090858 107.3996  48.5259 14.15649161982181
1 30146U 99025TB  26124.34528922  .00000583  00000+0  46551-3 0  9998
2 30146  98.0391 268.9360 0179108  86.7605 295.0854 13.86845556973944
1 30148U 99025TD  26124.71535147  .00000841  00000+0  68369-3 0  9996
2 30148  99.5633 282.5186 0134987 175.3727 200.5199 13.88764278975011
1 30150U 99025TF  26124.31911098  .00000496  00000+0  42564-3 0  9993
2 30150  99.0119 259.9984 0145472 310.7547 109.7390 13.86810916974345
1 30151U 99025TG  26124.52176456  .00000482  00000+0  42198-3 0  9996
2 30151  99.0613 132.6267 0162304 254.8272 258.2052 13.84736615972212
1 30152U 99025TH  26124.54621672  .00003127  00000+0  20083-2 0  9991
2 30152  99.0820 345.6675 0163702  53.6910 307.9244 13.97552326973720
1 30153U 99025TJ  26124.56374387  .00001147  00000+0  10109-2 0  9990
2 30153 100.4706 134.8304 0199505   3.1419 119.1114 13.79127844967435
1 30154U 99025TK  26124.56806674  .00001598  00000+0  12364-2 0  9995
2 30154  98.4324 157.4887 0182132 166.0042 352.7672 13.86517062969635
1 30155U 99025TL  26124.71523942  .00002461  00000+0  21516-2 0  9996
2 30155  99.7464 206.2595 0237280 335.7736  23.2399 13.74741367958283
1 30156U 99025TM  26124.83770979  .00001259  00000+0  10576-2 0  9992
2 30156  98.9288  89.0655 0196580 238.3592 149.9815 13.81344006966665
1 30157U 99025TN  26123.76082640  .00006936  00000+0  18904-2 0  9995
2 30157  98.7131 229.7169 0037684 128.0396  25.2065 14.47280250  1206
1 30160U 99025TR  26124.80295169  .00000730  00000+0  94301-3 0  9999
2 30160  98.8985  61.8310 0342979 126.9633 292.4432 13.43145176943346
1 30161U 99025TS  26124.47558666  .00001149  00000+0  13562-2 0  9991
2 30161 100.5149 124.8959 0324780 272.8684 244.0979 13.50188326944854
1 30162U 99025TT  26124.39280188  .00001195  00000+0  13381-2 0  9994
2 30162  99.4732 179.7438 0312503 350.4071  70.9872 13.54047969945910
1 30163U 99025TU  26124.78180998  .00001745  00000+0  22255-2 0  9997
2 30163  98.7019 224.8235 0369930 231.7178 256.6837 13.39211902938596
1 30167U 99025TY  26124.22910571  .00001486  00000+0  35604-3 0  9993
2 30167  98.9601 223.1688 0143563  87.7781 305.3519 14.49080103 14216
1 30168U 99025TZ  26124.11758436  .00006638  00000+0  14532-2 0  9992
2 30168  97.3707 184.7558 0097453  66.3751 294.7643 14.55030466  3728
1 30169U 99025UA  26124.16599947  .00016342  00000+0  24168-2 0  9997
2 30169  98.3182 199.4332 0203319 144.0824 280.8963 14.62154199998020
1 30170U 99025UB  26124.47836828  .00000663  00000+0  46410-3 0  9999
2 30170  98.8549 111.9836 0077564 239.9761 249.9965 14.00452574984132
1 30171U 99025UC  26124.54772314  .00000003  00000+0  26670-4 0  9992
2 30171  98.3848 334.9517 0184269 227.3011 131.2510 13.96962098982647
1 30172U 99025UD  26124.50943689  .00002178  00000+0  11592-2 0  9994
2 30172  99.2478 113.1411 0068821 160.2503 325.7667 14.13339713985337
1 30173U 99025UE  26124.70460266  .00002049  00000+0  11067-2 0  9996
2 30173  98.9627 200.4692 0080163 244.8952 267.5469 14.12164172985664
1 30174U 99025UF  26124.42787559  .00042817  00000+0  38795-2 0  9997
2 30174  98.7812 293.4037 0013404 304.7357  84.9350 14.95137923  4907
1 30175U 99025UG  26124.73979926  .00000449  00000+0  40890-3 0  9998
2 30175  99.3566 185.3892 0145869 192.1600 291.7220 13.84004278973182
1 30177U 99025UJ  26124.55303417  .00000829  00000+0  55338-3 0  9991
2 30177  98.6385  57.5524 0449192 122.1201  47.6010 13.63310425954087
1 30178U 99025UK  26124.68492921  .00001362  00000+0  14955-2 0  9997
2 30178 102.2568  38.5645 0279958 161.0622 267.5716 13.59193071951136
1 30181U 99025UN  26124.77253330  .00003269  00000+0  12646-2 0  9993
2 30181  98.8342 215.1152 0037425 300.1614 221.7901 14.30416588995557
1 30182U 99025UP  26124.69695639  .00000008  00000+0  36753-4 0  9992
2 30182  99.0399 178.3706 0074456 350.7744 133.7812 13.96523316983030
1 30183U 99025UQ  26124.13734131  .00000798  00000+0  45029-3 0  9994
2 30183  98.7679 168.5876 0026220 206.5709 222.8837 14.12948089991541
1 30191U 99025UY  26124.73460196  .00005415  00000+0  66759-3 0  9990
2 30191  98.7603 213.7956 0094231 170.2233 349.3569 14.80249554 23892
1 30193U 99025VA  26124.54178786  .00003325  00000+0  80776-3 0  9995
2 30193  98.7545  43.2483 0106427  63.0101 117.6126 14.50176689 12364
1 30196U 99025VD  26124.78120344  .00000079  00000+0  49561-4 0  9992
2 30196  98.6330 220.1562 0085982   6.5967 115.4103 14.25897328  4001
1 30197U 99025VE  26124.81693213  .00001671  00000+0  55809-3 0  9997
2 30197  98.9476  60.8698 0057566 152.3986 268.1736 14.37933896  5433
1 30198U 99025VF  26124.86288536  .00006383  00000+0  14707-2 0  9997
2 30198  98.4639 261.7309 0104898 121.2756  29.5323 14.52316548  5709
1 30199U 99025VG  26124.83022295  .00001841  00000+0  58592-3 0  9998
2 30199  98.3698 150.2692 0076396 238.0745 209.0061 14.39368570  4684
1 30200U 99025VH  26124.80132245  .00000255  00000+0  12160-3 0  9994
2 30200  99.1076 329.3976 0147355  50.6766 310.7366 14.22398537   126
1 30201U 99025VJ  26124.66924141  .00000785  00000+0  36758-3 0  9990
2 30201  99.4204 273.6251 0028204 266.4526  93.3424 14.23262293998600
1 30202U 99025VK  26124.74776375  .00007140  00000+0  16445-2 0  9996
2 30202  98.6381 231.5259 0035113 342.4267  17.5712 14.55287100  3641
1 30205U 99025VN  26124.53101914  .00000340  00000+0  30180-3 0  9995
2 30205  99.0034 235.7941 0121745 153.0686 267.8948 13.88155064976194
1 30206U 99025VP  26124.22243062  .00001428  00000+0  33724-3 0  9998
2 30206  98.2363 125.2031 0142863 319.7269  39.3410 14.49741177 14649
1 30207U 99025VQ  26124.23674676  .00000187  00000+0  16876-3 0  9999
2 30207  98.5770 226.6341 0260936 122.9305 269.6466 13.79216142970272
1 30208U 99025VR  26124.47492946  .00000765  00000+0  35105-3 0  9992
2 30208  98.5656 126.7195 0033003 212.4887 300.8750 14.23861169998680
1 30209U 99025VS  26124.78304397  .00000452  00000+0  26333-3 0  9995
2 30209  98.7209 122.8871 0039046 189.9967 343.9737 14.13094418992260
1 30210U 99025VT  26124.73785514  .00000924  00000+0  55599-3 0  9996
2 30210  99.1691 181.9902 0057376  98.4895  26.5230 14.08578091987706
1 30212U 99025VV  26124.60027822  .00000244  00000+0  19981-3 0  9995
2 30212  99.4423 358.9797 0096479 209.5416 150.0274 13.97213049982200
1 30213U 99025VW  26124.73813926  .00002379  00000+0  12841-2 0  9996
2 30213  99.1116 208.5510 0070863 201.8422 290.0723 14.12387130985333
1 30214U 99025VX  26124.20147293  .00003057  00000+0  11513-2 0  9995
2 30214  98.7102 202.9088 0018288 345.9983  39.8094 14.32105398996054
1 30217U 99025WA  26124.68650661  .00000756  00000+0  30741-3 0  9996
2 30217  98.4480 108.0423 0140160  41.7611 319.4165 14.25074041  1073
1 30218U 99025WB  26124.74969773  .00005665  00000+0  21309-2 0  9994
2 30218  98.9815 223.6078 0069843 198.2162 314.5338 14.30563942991523
1 30221U 99025WE  26124.72660351  .00000555  00000+0  15101-3 0  9993
2 30221  98.9498 225.3181 0143499 334.6512  24.7684 14.46158369 14680
1 30222U 99025WF  26124.67154218  .00000085  00000+0  80402-4 0  9993
2 30222  98.8206 159.0763 0037238 358.0565 120.4985 14.04124806988442
1 30224U 99025WH  26124.58481352  .00000320  00000+0  28359-3 0  9991
2 30224  99.4613 170.9149 0110398 320.9984 195.1870 13.89995689977251
1 30225U 99025WJ  26124.54559748  .00000263  00000+0  14936-3 0  9995
2 30225  98.6428 152.0900 0100037  37.5282 113.9052 14.15290133995560
1 30229U 99025WN  26124.16045072  .00005238  00000+0  10199-2 0  9990
2 30229  99.0449 202.2898 0034144 325.9371  93.8497 14.63181200  9971
1 30231U 99025WQ  26124.06492575  .00000937  00000+0  49646-3 0  9997
2 30231  98.7814 171.0915 0127018 345.5048  43.3525 14.12009685990286
1 30232U 99025WR  26124.58442811  .00002402  00000+0  40591-3 0  9992
2 30232  98.6835 337.6906 0131751 266.8906 152.6776 14.64893688 18392
1 30234U 99025WT  26123.94101941  .00000579  00000+0  30219-3 0  9998
2 30234  98.6293 135.5737 0066473  27.4688  40.7366 14.17074199994701
1 30235U 99025WU  26124.56150279  .00000583  00000+0  32391-3 0  9994
2 30235  98.7387 143.5556 0153847 194.4271 285.9820 14.08990671989041
1 30237U 99025WW  26124.24990815  .00005556  00000+0  16645-2 0  9997
2 30237  98.8270 236.8125 0013926 237.2615 152.6643 14.43170806997528
1 30239U 99025WY  26124.23844962  .00005084  00000+0  86641-2 0  9998
2 30239  99.4786 230.8167 1466069 142.3558 228.9803 11.42818692561599
1 30241U 99025XA  26124.87305351  .00000223  00000+0  13854-3 0  9992
2 30241  99.1685 265.2363 0146329  41.2925 110.7168 14.09725611989281
1 30242U 99025XB  26124.04378012  .00000933  00000+0  47655-3 0  9990
2 30242  98.6631 159.9141 0010511  11.1650  49.8922 14.17976128994437
1 30243U 99025XC  26124.58018984  .00000555  00000+0  31892-3 0  9995
2 30243  98.6880 136.8852 0013451  76.1257  42.2777 14.13239143992963
1 30244U 99025XD  26124.68071088  .00000530  00000+0  29670-3 0  9995
2 30244  99.1311  22.7731 0008568 269.3898 145.0146 14.15230853993681
1 30245U 99025XE  26124.87449610  .00000916  00000+0  81218-3 0  9991
2 30245  98.9036 108.8805 0191094 227.2013 131.2937 13.79451481966675
1 30246U 99025XF  26123.93182904  .00000152  00000+0  23836-3 0  9992
2 30246  98.6927 251.9985 0371196 102.5481  17.4889 13.37109874940402
1 30247U 99025XG  26124.70068955  .00011602  00000+0  17495-2 0  9993
2 30247  98.2722  37.1128 0176791 265.1413 123.2775 14.64449404993719
1 30248U 99025XH  26124.03209170  .00015338  00000+0  28417-2 0  9992
2 30248  99.0969 327.5337 0028937  77.5671 282.8765 14.65127000995088
1 30249U 99025XJ  26124.48498644  .00012681  00000+0  24744-2 0  9995
2 30249  98.9653 305.4818 0022892 330.4458  84.2110 14.62946847996471
1 30250U 99025XK  26124.47405466  .00000165  00000+0  13382-3 0  9997
2 30250  98.7631 115.7439 0066385 183.6171 328.4560 14.01792239984918
1 30251U 99025XL  26124.80959321  .00000842  00000+0  34259-3 0  9997
2 30251  99.0415 333.6065 0050370 275.4842  99.2975 14.29672123  1867
1 30252U 99025XM  26124.80617742  .00000624  00000+0  37063-3 0  9990
2 30252  98.7353 140.7510 0066266 195.7753 344.8007 14.09952574989817
1 30253U 99025XN  26124.16461566  .00000653  00000+0  62274-3 0  9995
2 30253  98.7397 205.1723 0219142  21.5803  40.9160 13.73706415959691
1 30257U 99025XS  26124.74168456  .00000252  00000+0  16507-3 0  9998
2 30257  98.7555 124.3970 0059625  55.5339 121.9668 14.09807687992329
1 30259U 99025XU  26124.56839566  .00001404  00000+0  24806-3 0  9998
2 30259  98.7477 347.4742 0240926 194.7484 230.6829 14.52083413 15461
1 30263U 99025XY  26124.27783388  .00000884  00000+0  55567-3 0  9990
2 30263  98.9396 241.6208 0143765 324.8033  63.4742 14.02033620980220
1 30264U 99025XZ  26124.63815740  .00001449  00000+0  83249-3 0  9995
2 30264  98.9551 183.7651 0105359 246.6618 268.2441 14.08173469985687
1 30265U 99025YA  26124.26341263  .00008462  00000+0  16806-2 0  9995
2 30265  98.6688 244.8875 0025187 292.3420  96.9376 14.62227718  4831
1 30266U 99025YB  26124.78181325  .00001997  00000+0  10049-2 0  9993
2 30266  99.0278 195.9165 0081910  21.4793 105.3796 14.15880844988138
1 30267U 99025YC  26124.18967521  .00002814  00000+0  12093-2 0  9998
2 30267  98.8368 201.2219 0059425 191.1050 168.8821 14.24558833993223
1 30270U 99025YF  26124.81040763  .00000116  00000+0  87806-4 0  9991
2 30270  98.6953 139.1223 0008183 116.5059  56.7395 14.11340367993794
1 30272U 99025YH  26124.63398229  .00002303  00000+0  11880-2 0  9993
2 30272  98.8862 196.8745 0051303  60.0412 300.5841 14.15410407988779
1 30273U 99025YJ  26124.32110378  .00000831  00000+0  55436-3 0  9997
2 30273  98.8331 139.6980 0060674 210.9932 165.1916 14.02925243985287
1 30274U 99025YK  26124.08653178  .00008740  00000+0  20459-2 0  9994
2 30274  99.3102 273.3311 0004332 142.6183 277.5824 14.54855125  2770
1 30275U 99025YL  26124.51100420  .00006614  00000+0  17928-2 0  9995
2 30275  98.6192 216.2621 0038993 117.1318  17.5139 14.47524908  1357
1 30276U 99025YM  26124.63770660  .00002344  00000+0  96079-3 0  9999
2 30276  98.8455 203.0255 0024283  37.1768 323.1089 14.27960273995692
1 30277U 99025YN  26124.16880934  .00001992  00000+0  99113-3 0  9994
2 30277  98.9569 200.2802 0123782 134.7344 282.0142 14.14233557988021
1 30279U 99025YQ  26124.79007626  .00002363  00000+0  82642-3 0  9996
2 30279  99.1644  70.3985 0218265  23.7713   6.2707 14.23736258996462
1 30280U 99025YR  26124.71095140  .00000589  00000+0  43001-3 0  9992
2 30280  98.7883 113.0384 0078775 293.2792 246.0555 13.98448414984044
1 30281U 99025YS  26124.71299757  .00000333  00000+0  21018-3 0  9994
2 30281  98.7693 115.9494 0028400 190.5821 348.1572 14.10597049992360
1 30282U 99025YT  26124.78890844  .00000493  00000+0  23331-3 0  9993
2 30282  98.5048 126.0493 0208773 311.8020 228.6247 14.13173635993712
1 30283U 99025YU  26124.78810450  .00000168  00000+0  11964-3 0  9997
2 30283  98.8767 119.7139 0183159   5.1665 175.7138 14.02058760986956
1 30284U 99025YV  26124.66902750  .00002939  00000+0  11511-2 0  9995
2 30284  98.7063 198.0898 0037431  53.5452  99.9328 14.29840957995571
1 30286U 99025YX  26124.55370558  .00000115  00000+0  82654-4 0  9992
2 30286  98.6912 129.7222 0065080  86.6641  33.9431 14.12781462994754
1 30287U 99025YY  26124.31595877  .00001199  00000+0  78939-3 0  9993
2 30287  98.6194 149.0409 0411503 353.2306  19.4684 13.69061643958094
1 30288U 99025YZ  26124.77848986  .00004021  00000+0  14517-2 0  9994
2 30288  99.3893 223.4662 0020425 269.6328 242.3730 14.34102477996185
1 30289U 99025ZA  26124.51346028  .00003586  00000+0  14723-2 0  9991
2 30289  98.9245 228.7787 0034856 276.3666 216.3858 14.27371659991179
1 30290U 99025ZB  26124.77366208  .00041011  00000+0  43493-2 0  9994
2 30290 102.6193 312.9800 0011686  25.6149 102.4595 14.88889979999970
1 30291U 99025ZC  26124.16713027  .00008317  00000+0  16604-2 0  9999
2 30291  97.2226 359.2755 0102112 286.5014 196.4129 14.58843954997822
1 30293U 99025ZE  26124.51663131  .00002257  00000+0  57717-3 0  9998
2 30293  99.2489 334.2483 0076314  51.0176 339.5361 14.49846858 10444
1 30294U 99025ZF  26124.72877674  .00000522  00000+0  16079-3 0  9990
2 30294  98.3693 113.6442 0195977 242.4602 295.5332 14.35292545  5865
1 30295U 99025ZG  26124.54469477  .00000333  00000+0  15265-3 0  9995
2 30295  98.4939 147.5990 0093747  25.6612 125.4184 14.25174014  2039
1 30297U 99025ZJ  26124.81997963  .00017254  00000+0  35798-2 0  9995
2 30297  98.8259  82.1183 0368457  61.2320   1.5531 14.25320071971887
1 30298U 99025ZK  26124.78290707  .00003696  00000+0  17004-2 0  9999
2 30298  98.9964 223.2355 0048099  80.3627  43.9921 14.21149548988650
1 30299U 99025ZL  26124.78922139  .00001842  00000+0  10484-2 0  9997
2 30299  99.0813 203.0261 0101353 328.2903 157.7187 14.08545337983038
1 30300U 99025ZM  26124.18603032  .00004176  00000+0  16396-2 0  9993
2 30300  99.0302 203.3694 0072329 241.9200 174.5135 14.28471280990178
1 30301U 99025ZN  26124.72726869  .00018749  00000+0  38945-2 0  9993
2 30301  98.6374 285.8618 0062385 210.0181 165.0241 14.58924081992989
1 30302U 99025ZP  26124.27195854  .00004060  00000+0  20321-2 0  9998
2 30302  98.5523  30.8057 0105892  69.4840 291.7661 14.14335565980579
1 30303U 99025ZQ  26123.17832992  .00005257  00000+0  20936-2 0  9999
2 30303  99.0103 209.7078 0074693 233.2368 126.1939 14.27518691990522
1 30304U 99025ZR  26124.65726338  .00002124  00000+0  10687-2 0  9992
2 30304  99.0189 203.9393 0071014   4.4824 355.6971 14.16244788988413
1 30305U 99025ZS  26124.74886593  .00000210  00000+0  25836-3 0  9990
2 30305  98.5997  52.5621 0266020  86.7337 305.1227 13.60306368957187
1 30306U 99025ZT  26124.81995521  .00001991  00000+0  75354-3 0  9998
2 30306  98.5695 168.5682 0110432 297.7389  61.2627 14.28997199997242
1 30309U 99025ZW  26124.41227217  .00000135  00000+0  13151-3 0  9993
2 30309  99.2015 186.0647 0093822 164.2648 196.1463 13.93631353980206
1 30310U 99025ZX  26122.97838694  .00001037  00000+0  48226-3 0  9994
2 30310  98.6540 142.1961 0238749 317.1435  41.1341 14.08809724987205
1 30311U 99025ZY  26124.77052995  .00000409  00000+0  40615-3 0  9993
2 30311  99.1335 220.1224 0165467 177.4648 182.7381 13.78014390969302
1 30312U 99025ZZ  26124.20819707  .00006618  00000+0  17776-2 0  9993
2 30312  98.8567 215.1027 0012612 144.0840 237.4783 14.48384451999817
1 30313U 99025AAA 26124.77698250  .00003341  00000+0  13767-2 0  9990
2 30313  98.8672 217.7357 0054769 280.6845 238.3961 14.26749507991284
1 30314U 99025AAB 26123.96961048  .00001150  00000+0  71828-3 0  9998
2 30314  98.3925 308.5001 0140695 316.6568  42.3601 14.01789082981011
1 30315U 99025AAC 26124.51986328  .00000471  00000+0  24366-3 0  9999
2 30315  98.5986 134.8597 0034033 307.6761 174.1533 14.19275949997324
1 30316U 99025AAD 26124.28066101  .00007086  00000+0  15002-2 0  9997
2 30316  98.6494 237.2341 0032821 321.1996  38.6845 14.59231290  4132
1 30317U 99025AAE 26124.52424162  .00000057  00000+0  59841-4 0  9992
2 30317  98.7906 126.0146 0024164 233.0050 126.8907 14.07020884990213
1 30320U 99025AAH 26124.67259016  .00000027  00000+0  49253-4 0  9999
2 30320  99.1626 189.0652 0085087 262.4200 223.8907 13.98640708984051
1 30321U 99025AAJ 26124.46537866  .00000392  00000+0  21322-3 0  9990
2 30321  98.6615 124.7154 0060516 186.3598 331.5849 14.16834513995640
1 30322U 99025AAK 26124.55735723  .00001526  00000+0  87911-3 0  9999
2 30322  98.3884 337.0169 0125281 206.3126 153.1645 14.06652296982072
1 30325U 99025AAL 26124.48627605  .00000194  00000+0  13627-3 0  9996
2 30325  98.7215 144.3901 0015707 206.7983 153.2378 14.09155580990267
1 30326U 99025AAM 26124.47828094  .00000159  00000+0  16063-3 0  9999
2 30326  98.6368   5.8313 0141879   1.6627 358.4975 13.85538612974326
1 30327U 99025AAN 26124.16501072  .00003513  00000+0  15814-2 0  9999
2 30327  98.4376  16.6770 0118327  90.0666  61.6936 14.19192220984621
1 30328U 99025AAP 26124.53231683  .00000168  00000+0  11393-3 0  9991
2 30328  98.6826 135.3006 0006539 111.8734   9.6404 14.12552240992800
1 30329U 99025AAQ 26124.76383316  .00000429  00000+0  37399-3 0  9992
2 30329  99.2659  47.8026 0141999  12.3575  13.8217 13.86891418973934
1 30330U 99025AAR 26124.51697799  .00001369  00000+0  11352-2 0  9994
2 30330  98.8977 113.9286 0187467 159.6952 325.3640 13.82594893966308
1 30331U 99025AAS 26124.60293138  .00000245  00000+0  19587-3 0  9995
2 30331  98.9350 160.5827 0095173 334.0120 177.8963 13.98017341981155
1 30332U 99025AAT 26124.45675713  .00000367  00000+0  37289-3 0  9996
2 30332  99.7346 104.1696 0178216  92.2892  30.8834 13.76872051966798
1 30334U 99025AAV 26124.25411425  .00001491  00000+0  10879-2 0  9998
2 30334  99.0186 225.1770 0141129 313.3462  72.2652 13.93040564972054
1 30335U 99025AAW 26124.56450747  .00000484  00000+0  32169-3 0  9991
2 30335  98.9168 117.4765 0134607  94.4362  21.5511 14.01455975985915
1 30336U 99025AAX 26124.54754059  .00000572  00000+0  28910-3 0  9990
2 30336  98.5877 146.2882 0042309 316.0409 173.1930 14.19527867996281
1 30338U 99025AAZ 26124.16403199  .00006754  00000+0  11282-2 0  9997
2 30338  98.4393 199.0981 0267608 120.4679 307.6180 14.49225802  2071
1 30339U 99025ABA 26124.81361815  .00005733  00000+0  18099-2 0  9997
2 30339  98.9743 242.8808 0018769  24.7655 132.9334 14.40554695994855
1 30340U 99025ABB 26124.74367458  .00000115  00000+0  89877-4 0  9993
2 30340  98.9756 185.1147 0146442  96.6432  26.6150 14.04669130987888
1 30341U 99025ABC 26124.69700866  .00006770  00000+0  22933-2 0  9993
2 30341  99.2167  27.4246 0052063   8.4526  45.3732 14.36342290991325
1 30342U 99025ABD 26124.78551321  .00000610  00000+0  56785-3 0  9994
2 30342 100.1994 320.3929 0168841 114.9230 258.9201 13.80247998968623
1 30344U 99025ABF 26124.82308837  .00008954  00000+0  20964-2 0  9991
2 30344  98.8132 219.2490 0006983  61.9138  67.1678 14.54805162  1550
1 30345U 99025ABG 26124.73610234  .00005406  00000+0  16059-2 0  9998
2 30345  98.9076 195.5677 0018389 176.2040 183.9292 14.43555056998351
1 30346U 99025ABH 26124.76501543  .00003861  00000+0  13330-2 0  9996
2 30346  98.8055 229.2620 0051981 322.3921 190.0678 14.35659225994647
1 30347U 99025ABJ 26124.45708664  .00000073  00000+0  78198-4 0  9993
2 30347  98.3874 299.9507 0149753 357.0090  58.2127 13.92849875979479
1 30348U 99025ABK 26124.73897777  .00004679  00000+0  16010-2 0  9998
2 30348  98.8604 228.4422 0015956 308.6359 207.7048 14.36693145995866
1 30349U 99025ABL 26123.43956128  .00003626  00000+0  19275-2 0  9998
2 30349  98.5959  84.8888 0086659 329.6109 155.6683 14.12176237982304
1 30350U 99025ABM 26124.41583451  .00000728  00000+0  58280-3 0  9994
2 30350  98.1089 288.1074 0217273 275.0347 111.2409 13.83129991969545
1 30352U 99025ABP 26124.85966350  .00000379  00000+0  24854-3 0  9999
2 30352  98.7513 146.6210 0027205 274.4185 162.5948 14.07690966989240
1 30355U 99025ABS 26124.78942234  .00001051  00000+0  51499-3 0  9992
2 30355  98.5896 129.7548 0051854 255.5627 278.9021 14.19248149993793
1 30356U 99025ABT 26124.48461865  .00001006  00000+0  55125-3 0  9996
2 30356  98.6896 120.5544 0050797 240.7676 242.5884 14.13434794990377
1 30357U 99025ABU 26124.02483260  .00000176  00000+0  13386-3 0  9990
2 30357  98.7886 152.0698 0048235 290.5038  98.7735 14.05331914988056
1 30358U 99025ABV 26124.00277285  .00003077  00000+0  13718-2 0  9998
2 30358  98.5573 313.7336 0083134 145.7764   6.2432 14.21639930989389
1 30359U 99025ABW 26124.59226537  .00002398  00000+0  16782-2 0  9996
2 30359 101.6215 351.9728 0143584 347.8258  11.9438 13.95022015970601
1 30360U 99025ABX 26124.67496432  .00002990  00000+0  12281-2 0  9998
2 30360  98.7503 199.4328 0031471  94.4529  58.5571 14.27508149994634
1 30361U 99025ABY 26124.55061620  .00001860  00000+0  78063-3 0  9999
2 30361  98.5502 162.1612 0063716 334.6162  25.1893 14.26008536996514
1 30362U 99025ABZ 26124.75023139  .00002934  00000+0  15339-2 0  9994
2 30362  99.0529  54.0070 0092173 301.5153  57.7039 14.13028135981878
1 30363U 99025ACA 26122.16211249  .00002456  00000+0  11919-2 0  9998
2 30363  99.0175 200.4385 0076827   0.3331 359.7882 14.17759944988132
1 30364U 99025ACB 26121.69750865  .00004501  00000+0  12886-2 0  9995
2 30364  98.1351  31.7471 0322260 270.7690 115.5517 14.19280743976257
1 30365U 99025ACC 26124.53710421  .00000596  00000+0  26366-3 0  9995
2 30365  98.6280 120.2206 0167896  59.5953  61.6629 14.19419854996389
1 30366U 99025ACD 26124.74442852  .00001000  00000+0  36737-3 0  9993
2 30366  98.9279  51.7142 0062583 159.8607 230.8307 14.33934267  3732
1 30368U 99025ACF 26124.80686534  .00000278  00000+0  29495-3 0  9998
2 30368  99.1905 230.6132 0185622 290.3903 226.2743 13.75480379966286
1 30369U 99025ACG 26124.44901266  .00000271  00000+0  16250-3 0  9999
2 30369  98.7281 123.0212 0099987 149.6915  16.2113 14.12185073992608
1 30370U 99025ACH 26124.11443501  .00002015  00000+0  92704-3 0  9994
2 30370  99.0389 188.1503 0097841 270.5232 118.3446 14.19837118991143
1 30371U 99025ACJ 26124.05693490  .00002163  00000+0  83943-3 0  9991
2 30371  98.5573 169.9688 0005587 263.9268 111.9788 14.30949630999383
1 30374U 99025ACM 26124.63345589  .00006217  00000+0  11936-2 0  9997
2 30374  99.2626  10.5422 0040286  93.6948 298.8658 14.63595319 10100
1 30377U 99025ACQ 26124.79566191  .00000648  00000+0  44828-3 0  9990
2 30377  98.8818 145.1164 0117036 229.9862 309.4059 13.99337172982073
1 30379U 99025ACS 26124.79797684  .00000481  00000+0  30542-3 0  9998
2 30379  98.7504 140.2784 0035337 234.0336 307.3312 14.08189045988302
1 30380U 99025ACT 26124.61193133  .00001326  00000+0  28515-3 0  9996
2 30380  98.8883 185.5456 0177478 146.8099 214.4377 14.51048320 16367
1 30381U 99025ACU 26122.04769250  .00001450  00000+0  78214-3 0  9990
2 30381  98.7959 159.8130 0054579  38.2900 322.2129 14.13515604941480
1 30382U 99025ACV 26124.06423780  .00001497  00000+0  57260-3 0  9999
2 30382  98.4801 163.0393 0152037 300.2580  87.5108 14.25969038995637
1 30385U 99025ACY 26124.59187062  .00000550  00000+0  17857-3 0  9997
2 30385  99.0654 158.5397 0124327 229.0473 283.9264 14.39057153  8211
1 30386U 99025ACZ 26124.66716740  .00001226  00000+0  13343-2 0  9993
2 30386  98.6821   8.2534 0304384 145.0085 275.5609 13.56108629947660
1 30387U 99025ADA 26124.31345053  .00000372  00000+0  21352-3 0  9992
2 30387  98.6486 140.1314 0001400  92.9714 282.6711 14.15223171993415
1 30388U 99025ADB 26124.76805972  .00001225  00000+0  46698-3 0  9991
2 30388  98.5866 146.4584 0220244   9.2118  44.6132 14.20170556994624
1 30389U 99025ADC 26124.75649394  .00006556  00000+0  18326-2 0  9993
2 30389  98.8290 216.7303 0014503 155.1434 329.0239 14.46448911998522
1 30390U 99025ADD 26124.81241227  .00004011  00000+0  15019-2 0  9995
2 30390  98.8131 214.9520 0067978 107.2414  18.7562 14.31019698994290
1 30391U 99025ADE 26124.60479351  .00001798  00000+0  89630-3 0  9994
2 30391  98.7634 173.5955 0071175 212.3636 301.4444 14.16865884989012
1 30392U 99025ADF 26124.80787943  .00000868  00000+0  46483-3 0  9992
2 30392  98.7745 144.5159 0179003 313.6314 229.5635 14.07812082986838
1 30393U 99025ADG 26124.66357432 -.00000138  00000+0 -62812-4 0  9990
2 30393  99.1386 187.2602 0070632 227.2430 287.0964 13.99041044983281
1 30394U 99025ADH 26124.03668307  .00000526  00000+0  40449-3 0  9998
2 30394  99.4148 160.5722 0090214  76.4254 314.3493 13.95897702980895
1 30395U 99025ADJ 26124.79951815  .00000709  00000+0  48568-3 0  9994
2 30395  98.9221 141.2385 0159238 352.1438 191.0298 13.96911496980209
1 30396U 99025ADK 26124.49396500  .00000088  00000+0  97316-4 0  9992
2 30396  98.2305 117.3241 0135376  95.0198  28.9940 13.87217776975581
1 30397U 99025ADL 26124.83361139  .00001224  00000+0  79096-3 0  9998
2 30397  98.4205 266.4081 0149074  51.4392 113.3511 13.99196218977656
1 30398U 99025ADM 26124.70057230  .00000349  00000+0  34961-3 0  9998
2 30398  99.7061  29.6918 0172047 283.3459 102.8536 13.78845585967277
1 30400U 99025ADP 26124.81465222  .00004371  00000+0  19302-2 0  9998
2 30400  99.1612  60.2454 0219184 295.1466 125.8935 14.11844476975325
1 30401U 99025ADQ 26124.49102187  .00000333  00000+0  14300-3 0  9999
2 30401  98.9296   9.7681 0108117  74.0094 287.2964 14.28119302  3424
1 30403U 99025ADS 26124.68793329  .00003195  00000+0  14048-2 0  9993
2 30403  99.0507 211.9534 0072242 333.8702  25.8836 14.22864676988384
1 30404U 99025ADT 26122.00140065  .00000518  00000+0  74197-3 0  9999
2 30404  99.8241 213.5317 0379937 158.0286 203.7627 13.34558277599078
1 30405U 99025ADU 26124.55779605  .00003537  00000+0  13654-2 0  9994
2 30405  98.7900 224.8342 0051046  97.8984 278.4342 14.30117614994362
1 30406U 99025ADV 26124.63727265  .00001131  00000+0  12157-2 0  9994
2 30406  98.6141   3.3524 0280144 347.0934  31.2322 13.59680388951087
1 30409U 99025ADY 26123.95165880  .00001158  00000+0  66938-3 0  9996
2 30409  98.4885 106.9513 0166048 324.0399  99.6099 14.04126536984252
1 30411U 99025AEA 26124.17527531  .00003429  00000+0  18764-2 0  9995
2 30411  98.5788  32.8463 0124064  62.8724 298.5037 14.08691407979883
1 30413U 99025AEC 26124.33026071  .00004472  00000+0  16004-2 0  9992
2 30413 102.0616  57.6761 0043296 202.9530 309.3156 14.34304964991820
1 30414U 99025AED 26124.40248344  .00005247  00000+0  17842-2 0  9992
2 30414  99.0924 294.1076 0057853 131.0698 229.5504 14.36070435991337
1 30415U 99025AEE 26124.63851919  .00001004  00000+0  99860-3 0  9994
2 30415  99.6330 190.0444 0233645 262.6524 258.8800 13.69391477958336
1 30416U 99025AEF 26124.31295298 -.00000031  00000+0  72024-5 0  9997
2 30416  98.8195 149.3871 0055994 151.2658 209.1613 14.02742590986233
1 30417U 99025AEG 26124.71699406  .00000457  00000+0  25387-3 0  9990
2 30417  98.7054 116.0897 0064880  72.3212 104.9678 14.14836963994108
1 30418U 99025AEH 26124.46721833  .00004349  00000+0  44959-3 0  9993
2 30418  98.8531 305.0464 0106115  21.3779   7.4721 14.86633949 27112
1 30419U 99025AEJ 26124.78588198  .00000952  00000+0  47775-3 0  9999
2 30419  99.2551  82.5320 0051937 342.1152  95.2197 14.18492558993767
1 30432U 99025AET 26124.67238156  .00001402  00000+0  43195-3 0  9991
2 30432  98.8283  33.2449 0080805 274.0046  85.1908 14.41285783  7934
1 30434U 99025AEV 26124.73481417  .00000296  00000+0  25534-3 0  9997
2 30434  99.0139 112.2086 0120773 201.7819 339.9797 13.90793683976946
1 30435U 99025AEW 26124.74525714  .00003028  00000+0  24670-2 0  9993
2 30435  99.0294 109.5418 0213418  89.6873  86.2051 13.80479176961327
1 30436U 99025AEX 26124.67815520  .00004424  00000+0  18545-2 0  9998
2 30436  98.4190  17.5649 0098512  76.4906 350.7400 14.23837779984706
1 30437U 99025AEY 26124.79272612  .00023771  00000+0  21368-2 0  9994
2 30437  98.9022 168.1301 0028305   5.9037  59.7893 14.95369696 13183
1 30438U 99025AEZ 26124.46090210  .00001321  00000+0  97842-3 0  9999
2 30438  98.7422 138.5762 0135280 153.9425 206.8628 13.92629153972924
1 30439U 99025AFA 26124.52857442  .00000241  00000+0  16267-3 0  9997
2 30439  98.7451 137.0753 0037331 292.2321 199.4593 14.09024916988022
1 30441U 99025AFC 26124.67802024  .00000582  00000+0  55112-3 0  9992
2 30441  99.1246 213.5887 0183199 238.3562 119.9605 13.77853676968387
1 30442U 99025AFD 26124.75394843  .00004585  00000+0  17602-2 0  9995
2 30442  98.8630 225.8058 0054373 229.7079 129.9344 14.30159302992052
1 30443U 99025AFE 26124.44300108  .00004902  00000+0  16035-2 0  9995
2 30443  98.8571  80.8171 0023890 277.4826  82.3646 14.38812344994848
1 30445U 99025AFG 26124.85394164  .00001876  00000+0  47056-3 0  9992
2 30445  98.8548  88.0924 0103107 307.6594  51.5278 14.49522637 12551
1 30446U 99025AFH 26124.75895760  .00004631  00000+0  12901-2 0  9992
2 30446  98.6035 214.3111 0032482  29.5149 330.7867 14.46506703  2442
1 30447U 99025AFJ 26124.19943394  .00007723  00000+0  15932-2 0  9990
2 30447  98.9665   1.9467 0055748 321.1465 161.9292 14.59761941  1638
1 30448U 99025AFK 26124.79647176  .00004253  00000+0  14538-2 0  9992
2 30448  98.8264 224.8164 0015534 308.2804 172.5893 14.36791007993912
1 30450U 99025AFM 26124.29529941  .00003367  00000+0  51707-3 0  9994
2 30450  98.0716 140.3111 0187787 120.3316 258.3516 14.62997828 16205
1 30452U 99025AFP 26123.94491218  .00021340  00000+0  34286-2 0  9995
2 30452  99.3303 287.2755 0044621 176.7333 334.6171 14.70958081  1780
1 30453U 99025AFQ 26124.68496927  .00003238  00000+0  12896-2 0  9999
2 30453  98.7980 201.9653 0115332 171.8247 341.4601 14.25719987992708
1 30454U 99025AFR 26124.85401330  .00003918  00000+0  17032-2 0  9995
2 30454  98.1369  87.8974 0168320 137.3181 254.0093 14.17272873979865
1 30462U 99025AFZ 26124.74550693  .00000027  00000+0  38869-4 0  9990
2 30462  98.8300 114.4423 0138942 208.2982 326.3524 14.06379640988035
1 30464U 99025AGB 26124.38427380  .00000131  00000+0  93216-4 0  9991
2 30464  98.8108 177.0563 0108630 215.0855 208.8554 14.10295978990743
1 30465U 99025AGC 26124.21851051  .00003669  00000+0  12919-2 0  9998
2 30465  98.8227 220.4917 0014476 331.3241  93.4271 14.35404270994019
1 30466U 99025AGD 26124.58620330  .00002080  00000+0  87684-3 0  9991
2 30466  98.6364 167.0721 0115263 330.2676 183.1930 14.23232068993823
1 30467U 99025AGE 26123.60653770  .00001605  00000+0  79034-3 0  9990
2 30467  98.6614 152.7497 0065534  80.8430  49.8748 14.17804899991872
1 30468U 99025AGF 26124.73059906  .00002407  00000+0  10874-2 0  9994
2 30468  98.9112 212.6050 0070554 349.8501 173.4654 14.21752937988411
1 30469U 99025AGG 26124.57499027  .00001640  00000+0  10811-2 0  9998
2 30469  98.4701 329.1965 0159801 130.5704 304.2886 13.96956789977009
1 30471U 99025AGJ 26124.72784162  .00002848  00000+0  14609-2 0  9995
2 30471  99.0474 219.1444 0082315 209.6941 304.7486 14.14492211984636
1 30472U 99025AGK 26124.27091963  .00007137  00000+0  15870-2 0  9993
2 30472  98.6522 235.4278 0035061   4.8534  24.2153 14.56921424  1095
1 30474U 99025AGM 26124.77231167  .00004999  00000+0  16049-2 0  9994
2 30474  98.9197 214.3423 0022486 298.6734 187.9226 14.39748037994501
1 30475U 99025AGN 26124.80375035  .00001340  00000+0  69442-3 0  9995
2 30475  98.7735 169.2850 0041652 239.9578 189.5172 14.16115476989760
1 30476U 99025AGP 26123.67731846  .00002268  00000+0  10424-2 0  9991
2 30476  99.1093 170.4787 0043956 253.1311 230.4291 14.21757484988616
1 30477U 99025AGQ 26124.66640602  .00001494  00000+0  22090-2 0  9993
2 30477  99.4171 199.4393 0426408 293.8055 225.6129 13.24153922926105
1 30480U 99025AGS 26124.32245399  .00000764  00000+0  24822-3 0  9999
2 30480  98.2172 137.1532 0166530  79.9161  44.3054 14.33853011  7110
1 30481U 99025AGT 26124.51545065  .00001104  00000+0  27639-3 0  9992
2 30481  98.3268 142.9828 0222356 190.1184 324.8549 14.39618597  5296
1 30489U 99025AHB 26124.79074347  .00000351  00000+0  18142-3 0  9992
2 30489  98.4619 137.6561 0139008 212.1858 329.0176 14.15992055994113
1 30492U 99025AHE 26124.47902063  .00015898  00000+0  33895-2 0  9999
2 30492 102.3230 213.3595 0089768  47.2221 313.6468 14.56562902989697
1 30493U 99025AHF 26124.46414897  .00001697  00000+0  11507-2 0  9990
2 30493  98.5780 309.5375 0181426 180.6862 199.1610 13.93751575970833
1 30494U 99025AHG 26124.52749627  .00001562  00000+0  13625-2 0  9994
2 30494  99.2640 162.0508 0185965 203.0303 156.2433 13.79800008964558
1 30495U 99025AHH 26123.06116258  .00002342  00000+0  38776-2 0  9992
2 30495 102.2588 233.8924 0588978 337.1617  20.4236 12.94873864905028
1 30496U 99025AHJ 26124.25082869  .00009047  00000+0  68061-3 0  9995
2 30496  98.7836  52.2572 0123113 355.5212   4.4894 14.96911034 32745
1 30498U 99025AHL 26124.60468455  .00002495  00000+0  14514-2 0  9998
2 30498  99.2272 183.6144 0103967 120.5633  37.9555 14.06882315977779
1 30500U 99025AHN 26123.98671914  .00004656  00000+0  18952-2 0  9999
2 30500  99.0686 225.4460 0063020  67.5219 350.7285 14.26907956987094
1 30501U 99025AHP 26123.94638736  .00003145  00000+0  13144-2 0  9991
2 30501  99.0904 124.9802 0042000 151.4814 275.4315 14.26406336989466
1 30503U 99025AHR 26124.52217148  .00000374  00000+0  21222-3 0  9996
2 30503  99.1941 337.7544 0008094 218.0341 203.4625 14.16285100993673
1 30504U 99025AHS 26124.65165630  .00000424  00000+0  20401-3 0  9993
2 30504  99.0024 178.6771 0112516 168.2793 192.1042 14.20827803994238
1 30505U 99025AHT 26124.79026338  .00003112  00000+0  13710-2 0  9991
2 30505  98.9151 211.1953 0064789 189.9472 299.3601 14.23018938989571
1 30506U 99025AHU 26124.68263647  .00000397  00000+0  24976-3 0  9995
2 30506  98.7574 130.6924 0069173 304.1115 110.2791 14.08814273988343
1 30507U 99025AHV 26124.47664861  .00001866  00000+0  93244-3 0  9992
2 30507  98.9970 194.9508 0128914 132.8196 353.8649 14.13775915985148
1 30509U 99025AHX 26124.13075850  .00002304  00000+0  12996-2 0  9993
2 30509  98.4605 352.2073 0102746  19.8137 109.8939 14.08563511977266
1 30510U 99025AHY 26123.02063247  .00002093  00000+0  11004-2 0  9993
2 30510  99.2348 144.6442 0079831 129.8497 258.5779 14.13594610985705
1 30514U 99025AJC 26124.50947258  .00001830  00000+0  55777-3 0  9998
2 30514  98.3974 149.3042 0172644  29.3718 331.7038 14.34918946  2705
1 30515U 99025AJD 26124.38343965  .00001370  00000+0  75661-3 0  9993
2 30515  98.4954 348.3617 0495846  56.4997 357.6683 13.64339521952756
1 30516U 99025AJE 26124.80125881  .00005940  00000+0  17620-2 0  9993
2 30516  98.8586 239.2803 0008617 218.9212 292.7050 14.43659988997776
1 30520U 99025AJJ 26124.79572351  .00018974  00000+0  81164-3 0  9990
2 30520  98.7188 324.1981 0059329 339.7796  20.1087 15.21273595 32118
1 30521U 99025AJK 26124.83860259  .00003581  00000+0  67899-3 0  9990
2 30521  99.0083 276.9389 0134441 167.9968 192.4487 14.59316507 16664
1 30523U 99025AJM 26124.22828029  .00000838  00000+0  25905-3 0  9998
2 30523  98.4844 103.5442 0243338  49.5478 327.9574 14.28201898  1349
1 30524U 99025AJN 26122.76421919  .00006226  00000+0  40071-2 0  9990
2 30524  99.3162 300.8882 0201163 227.6290 130.7688 13.94018478958499
1 30525U 99025AJP 26124.59194468  .00001135  00000+0  12093-2 0  9997
2 30525  98.5946 357.3632 0291340 296.3912  60.7596 13.59059615950571
1 30526U 99025AJQ 26124.71021995  .00001326  00000+0  16150-2 0  9996
2 30526  99.5351 206.1680 0303827 266.5657  90.0686 13.50093415945876
1 30527U 99025AJR 26123.62338887  .00001207  00000+0  16499-2 0  9991
2 30527 100.0462 169.1096 0409387 248.5977 268.2025 13.31344511932440
1 30528U 99025AJS 26124.41651913  .00000532  00000+0  27331-3 0  9996
2 30528  98.2199 347.7660 0144053 173.3359 312.8779 14.13707928991535
1 30529U 99025AJT 26123.21881419  .00001187  00000+0  11189-2 0  9990
2 30529  98.4875  33.9722 0228423 203.0674 156.0092 13.72019442959482
1 30530U 99025AJU 26124.57795544  .00000661  00000+0  22432-3 0  9995
2 30530  98.3741 164.3287 0100267  70.5314  81.4841 14.37013774  8373
1 30531U 99025AJV 26124.66074051  .00017483  00000+0  30674-2 0  9995
2 30531 102.3088  25.9748 0023577 169.9842 190.1821 14.67671002997881
1 30533U 99025AJX 26124.34354895  .00010664  00000+0  22436-2 0  9990
2 30533  98.8414 266.4716 0076181  76.1693 314.7980 14.57900702998965
1 30539U 99025AKD 26124.52856389  .00001361  00000+0  29390-3 0  9992
2 30539  98.8930 119.1939 0114644 201.1043 158.5403 14.56199085 14215
1 30540U 99025AKE 26124.82235149  .00004033  00000+0  14435-2 0  9994
2 30540  98.8816 241.7448 0049808   3.0746 148.1963 14.33889767993350
1 30541U 99025AKF 26124.07686911  .00002015  00000+0  90012-3 0  9993
2 30541  98.6769 173.7952 0017141  39.2788 320.9631 14.23708961993528
1 30542U 99025AKG 26124.57746199 -.00000014  00000+0  17089-4 0  9996
2 30542  98.7686 154.1864 0026848 291.2240 200.3921 14.07049981989272
1 30543U 99025AKH 26124.53223685  .00000213  00000+0  15856-3 0  9992
2 30543  98.8299 135.0674 0071763 354.9404 134.7909 14.03854583985085
1 30545U 99025AKK 26121.80561136  .00000247  00000+0  38359-3 0  9997
2 30545  98.9916 319.7419 0472503  31.6178 331.2430 13.20883140927792
1 30546U 99025AKL 26124.19519962  .00006769  00000+0  66366-3 0  9997
2 30546  98.8934   2.7020 0089708  67.7695  60.1201 14.89621399 25766
1 30547U 99025AKM 26124.57571325  .00000553  00000+0  18889-3 0  9993
2 30547  98.8917 337.6422 0095905 155.7335 230.9912 14.37971849  7733
1 30548U 99025AKN 26124.24405345  .00003296  00000+0  13136-2 0  9992
2 30548  99.6790  41.9303 0065273 293.0408 220.6924 14.28218410161285
1 30549U 99025AKP 26124.26473957  .00002992  00000+0  14570-2 0  9994
2 30549  98.4887 239.4478 0285159 216.9509 141.1713 13.99771809972871
1 30550U 99025AKQ 26124.46812891  .00002963  00000+0  17879-2 0  9995
2 30550  99.0514  24.0241 0126896 261.5780 275.1667 14.03497669973964
1 30552U 99025AKS 26124.85343561  .00013501  00000+0  28799-2 0  9996
2 30552  98.8418 270.1300 0015330 177.1365 182.9923 14.58950701997368
1 30553U 99025AKT 26124.77891498  .00019875  00000+0  26876-2 0  9999
2 30553  99.1280 242.9560 0016909  65.9066 294.3909 14.78964692  5706
1 30555U 99025AKV 26124.63241166  .00002268  00000+0  10445-2 0  9990
2 30555  98.7396 181.8473 0042426 218.1051 295.8438 14.21610379989650
1 30556U 99025AKW 26124.47659242  .00000077  00000+0  77232-4 0  9996
2 30556  98.7940 117.4732 0067679 200.5475 311.6324 14.01554357982566
1 30557U 99025AKX 26124.64842690  .00002135  00000+0  11753-2 0  9998
2 30557  98.9057 193.7520 0068851 187.5914 172.4221 14.11472468983164
1 30558U 99025AKY 26123.30701689  .00002059  00000+0  28087-2 0  9996
2 30558  99.4712 257.8494 0420018 290.9448  64.7215 13.29109257926387
1 30560U 99025ALA 26124.54334514  .00000414  00000+0  21186-3 0  9992
2 30560  98.6731 119.7610 0115547 161.5103 325.8017 14.17223712993912
1 30561U 99025ALB 26124.66811771  .00000510  00000+0  29954-3 0  9999
2 30561  98.7276 127.8497 0060928  69.1032 355.1783 14.11452698989942
1 30562U 99025ALC 26124.74403669  .00002961  00000+0  12844-2 0  9993
2 30562  98.7486 196.8338 0059273 210.2282 269.0974 14.24028485990341
1 30564U 99025ALE 26124.75579852  .00001481  00000+0  76812-3 0  9996
2 30564  98.7904 137.5147 0202921  77.1998 342.2738 14.06167642983053
1 30565U 99025ALF 26123.62382801  .00003145  00000+0  16204-2 0  9995
2 30565  98.4497 350.4890 0139053 311.4219  70.9382 14.10974280979272
1 30566U 99025ALG 26124.63721029  .00002198  00000+0  11903-2 0  9995
2 30566  99.2003 182.0143 0069404 141.5411  10.3986 14.12357611983990
1 30567U 99025ALH 26124.74724580  .00000322  00000+0  19894-3 0  9998
2 30567  98.7873 116.8209 0109480 145.4279  28.6224 14.09063403987879
1 30568U 99025ALJ 26124.28683625  .00010444  00000+0  22225-2 0  9999
2 30568  98.9479 309.9900 0017838 114.6933  64.0119 14.59109316997357
1 30569U 99025ALK 26124.42837135  .00020043  00000+0  25221-2 0  9998
2 30569  98.7419 280.3969 0003241 357.0312   3.0879 14.82080444  3051
1 30570U 99025ALL 26124.35658471  .00000628  00000+0  34762-3 0  9994
2 30570  98.6952 158.2956 0036124 163.8733 214.5989 14.14520189990145
1 30571U 99025ALM 26124.68644858  .00000346  00000+0  21674-3 0  9990
2 30571  98.7144 151.7541 0021422 186.6794 299.6125 14.10837740989024
1 30572U 99025ALN 26124.66974602  .00000368  00000+0  23674-3 0  9998
2 30572  98.7530 155.3667 0020872 248.2792 225.5832 14.09052786987741
1 30573U 99025ALP 26124.05928573  .00002644  00000+0  13456-2 0  9993
2 30573  99.2120 171.3610 0087474 232.7038 191.5432 14.14784108982098
1 30574U 99025ALQ 26124.39739572  .00001819  00000+0  15525-2 0  9992
2 30574  99.3146 290.3002 0214897 331.6500  27.3092 13.78435350957337
1 30575U 99025ALR 26124.81211167  .00002725  00000+0  84889-3 0  9992
2 30575  99.1673 230.8653 0054335 175.7666 343.2997 14.40969012  2681
1 30577U 99025ALT 26124.57733829  .00000646  00000+0  37928-3 0  9993
2 30577  98.7503 160.0758 0028295 235.1065 277.3290 14.11399707987995
1 30579U 99025ALV 26124.57079889  .00000242  00000+0  17285-3 0  9990
2 30579  98.7912 150.0591 0053953  63.8985  87.2130 14.05409443984632
1 30594U 99025ALZ 26124.39922410  .00000201  00000+0  10329-3 0  9991
2 30594  99.1353 349.7964 0192576 272.0244  85.8887 14.17463520996007
1 30596U 99025AMB 26124.47901046  .00000436  00000+0  12293-3 0  9996
2 30596  98.4198 123.6979 0246495 223.5588 290.7977 14.34724755  6069
1 30597U 99025AMC 26124.33806803  .00127387  00000+0  60701-2 0  9998
2 30597  98.9480  87.9729 0033170  70.6492 289.8319 15.18061861  6595
1 30599U 99025AME 26123.30501267  .00001434  00000+0  44247-3 0  9994
2 30599  98.5976 136.2342 0299198 294.7627  62.2691 14.20359065991761
1 30600U 99025AMF 26124.76387638  .00004728  00000+0  16776-2 0  9996
2 30600  98.3936  64.9385 0318518 197.7721 161.2104 14.10196076964463
1 30602U 99025AMH 26123.82359292  .04015724  00000+0  23148-1 0  9991
2 30602  98.9942  68.6390 0023216 157.1104 227.0531 15.74365955999545
1 30603U 99025AMJ 26124.51141486  .00001311  00000+0  10531-2 0  9999
2 30603  98.3994 137.5803 0183170 173.5685 339.5373 13.84610113968518
1 30604U 99025AMK 26124.05017572  .00000504  00000+0  19236-3 0  9992
2 30604  98.3816 157.5444 0207805 310.1446  77.0034 14.23881260998643
1 30606U 99025AMM 26124.73353058  .00005376  00000+0  84845-3 0  9991
2 30606  98.0907 136.2694 0210652  51.3152  10.0423 14.58982637 13270
1 30608U 99025AMP 26124.79928456  .00002458  00000+0  98245-3 0  9996
2 30608  98.6887 192.1275 0016316 119.1596 359.4480 14.29265900994824
1 30609U 99025AMQ 26124.46084061  .00003611  00000+0  18509-2 0  9992
2 30609  98.5682  39.7824 0117464   7.1550 353.1265 14.12511340977428
1 30616U 99025AMX 26124.06362443  .00001280  00000+0  16970-2 0  9999
2 30616  98.6271 165.8134 0379292 258.1687  97.6677 13.36330453936010
1 30619U 99025ANA 26124.32170057  .00001047  00000+0  25789-3 0  9999
2 30619  98.2812 148.1311 0213400 347.8454  11.7632 14.41514972  9923
1 30621U 99025ANC 26122.81683964  .00002377  00000+0  13953-2 0  9996
2 30621  98.7040  65.3593 0132738 269.9696 145.8855 14.04766164975707
1 30622U 99025AND 26122.42612791  .00007018  00000+0  24920-2 0  9997
2 30622 100.9902 176.3516 0067399 354.8528  19.9222 14.33566119708126
1 30623U 99025ANE 26124.41517137  .00000397  00000+0  58866-3 0  9997
2 30623  98.8398 287.9526 0405222 115.5385 277.8620 13.29478651931127
1 30624U 99025ANF 26123.70218551  .00024949  00000+0  41649-2 0  9996
2 30624  98.8792 222.3002 0020474 193.1905 166.8766 14.69761802995766
1 30625U 99025ANG 26124.84116544  .00008538  00000+0  24147-2 0  9992
2 30625  98.9270  92.6742 0044080 233.3779 126.3353 14.45290445987570
1 30628U 99025ANK 26124.56061721  .00014616  00000+0  22215-2 0  9998
2 30628  99.3443  66.2239 0021041 157.5171 202.6960 14.73995010  5656
1 30629U 99025ANL 26124.58703663  .00012296  00000+0  23336-2 0  9996
2 30629  99.2499 242.4353 0007631 121.6975   6.5460 14.64365010999777
1 30630U 99025ANM 26124.45480066  .00001354  00000+0  62075-3 0  9990
2 30630  99.1837 308.4147 0026067  29.4368   0.7968 14.22969832992423
1 30632U 99025ANP 26124.68157220  .00020227  00000+0  33917-2 0  9992
2 30632  98.8309 271.7153 0014464  83.4655 288.4933 14.69687931997869
1 30633U 99025ANQ 26124.56771428  .00000909  00000+0  54956-3 0  9994
2 30633  98.4113 344.2875 0128646 214.7926 174.2176 14.04792350978977
1 30634U 99025ANR 26124.49818322  .00003728  00000+0  19624-2 0  9996
2 30634  99.3053 117.2075 0120850  59.6591 100.7367 14.10968136976297
1 30639U 99025ANW 26124.79437325  .00007172  00000+0  24797-2 0  9998
2 30639  99.0218 247.8057 0065337 222.8299 136.7784 14.34851785987694
1 30640U 99025ANX 26124.70698670  .00002257  00000+0  11428-2 0  9999
2 30640  99.0435 202.9569 0080249  57.0086 105.7437 14.15460157984672
1 30641U 99025ANY 26124.33577922  .00006102  00000+0  68948-3 0  9998
2 30641  98.9591  79.9373 0132305  38.1245 122.3787 14.80749378 26416
1 30646U 99025APD 26124.76923412  .00000992  00000+0  58040-3 0  9992
2 30646  98.6403 144.7452 0047145 347.1048  12.8914 14.10012633986207
1 30647U 99025APE 26124.80363244  .00010209  00000+0  21143-2 0  9994
2 30647  98.9958  73.4543 0030170  97.9718 319.5065 14.60178165   747
1 30648U 99025APF 26124.78870720  .00006405  00000+0  16365-2 0  9997
2 30648  98.6384 227.8785 0032475  57.2354  94.2244 14.50501381999388
1 30649U 99025APG 26124.78594424  .00004215  00000+0  16013-2 0  9999
2 30649  98.8062 226.7969 0051290 115.0377  37.7741 14.30814467991083
1 30650U 99025APH 26124.62019367  .00002378  00000+0  12272-2 0  9993
2 30650  99.1897 174.4240 0073705 147.7524   5.4084 14.14678480983186
1 30652U 99025APJ 26124.69351887  .00000224  00000+0  15721-3 0  9999
2 30652  98.7640 158.8204 0007641 216.4764 264.7054 14.07856319987059
1 30654U 99025APL 26124.75637272  .00001776  00000+0  88870-3 0  9991
2 30654  99.2487  58.6943 0036201  55.7814 304.6781 14.17747651987068
1 30656U 99025APN 26124.74390839  .00006736  00000+0  18197-2 0  9992
2 30656  99.0237 313.0787 0030566  24.4426 335.8206 14.47884794991533
1 30657U 99025APP 26124.24066994  .00004929  00000+0  15569-2 0  9992
2 30657  98.8354 231.6644 0014914 278.8738 111.1061 14.40631715992832
1 30658U 99025APQ 26120.52676788  .00001870  00000+0  14092-2 0  9990
2 30658  98.4227 144.5971 0181819 204.9291 154.3004 13.87844336966096
1 30660U 99025APS 26123.24160779  .00008354  00000+0  74324-3 0  9992
2 30660  98.1375 228.6067 0131210 230.8179 158.7992 14.89918136 28909
1 30661U 99025APT 26124.46269327  .00000135  00000+0  76958-4 0  9992
2 30661  99.4933 315.7762 0143951   3.4838 356.7305 14.21260570999290
1 30662U 99025APU 26121.64937472  .00002876  00000+0  12849-2 0  9994
2 30662  99.0375 186.6601 0032702 227.3781 286.4871 14.23224669986282
1 30663U 99025APV 26124.69063374  .00001631  00000+0  12331-2 0  9998
2 30663  99.3022  32.3373 0650928 150.4496 213.5125 13.24242538909398
1 30665U 99025APX 26124.46717397  .00002284  00000+0  12169-2 0  9990
2 30665  99.2176 105.1434 0068399 160.4891 359.1661 14.13228598979850
1 30666U 99025APY 26124.53434031  .00000372  00000+0  26353-3 0  9997
2 30666  98.8408 108.8386 0062045 106.1811  20.8746 14.02723211981120
1 30668U 99025AQA 26124.66545769  .00003283  00000+0  17247-2 0  9999
2 30668  99.1199 205.4108 0080006 202.8897 322.0735 14.13202687980736
1 30669U 99025AQB 26124.75891027  .00002437  00000+0  14869-2 0  9998
2 30669  98.6435  59.2340 0118695 133.7925 257.4434 14.03443616974599
1 30670U 99025AQC 26124.05206939  .00000142  00000+0  93524-4 0  9993
2 30670  98.6856 170.1273 0039427  22.9871   7.4022 14.15885313991660
1 30671U 99025AQD 26124.16965578  .00001137  00000+0  80860-3 0  9990
2 30671  99.2360 194.3704 0124917   5.8796  20.8221 13.96005185971825
1 30673U 99025AQF 26124.14092331  .00000296  00000+0  21350-3 0  9992
2 30673  98.8947 175.3797 0052906 106.4157 315.8827 14.03539093985295
1 30675U 99025AQH 26124.78785295  .00002975  00000+0  11868-2 0  9990
2 30675  98.7432 209.1621 0053230 112.2075  16.3480 14.28503533989336
1 30676U 99025AQJ 26124.31908410  .00000968  00000+0  47360-3 0  9993
2 30676  98.2770 296.7209 0469405  21.4454 340.5670 13.74633508958827
1 30677U 99025AQK 26123.65718935  .00003591  00000+0  11422-2 0  9995
2 30677  98.2373 168.2637 0066933 136.7219 346.3860 14.39174943    90
1 30678U 99025AQL 26124.85395094  .00005078  00000+0  20766-2 0  9999
2 30678  99.0786  95.6023 0069876 176.5089 215.5011 14.26373823979146
1 30679U 99025AQM 26121.79435663  .00000532  00000+0  49604-3 0  9990
2 30679  99.3609 177.2279 0172133  69.1000 359.7297 13.79928025964514
1 30680U 99025AQN 26124.85077505  .00003164  00000+0  31423-2 0  9992
2 30680  99.6295 169.6370 0331321 166.2623 194.7808 13.57295076941949
1 30683U 99025AQR 26124.54963889  .00001379  00000+0  87692-3 0  9996
2 30683  99.4082 145.4352 0138426 193.5038 319.0078 14.00963020975500
1 30684U 99025AQS 26123.60858453  .00000525  00000+0  56429-3 0  9999
2 30684  99.5127 167.9081 0233636 264.9991  92.4448 13.67131482955670
1 30686U 99025AQU 26124.52938353  .00005428  00000+0  68583-3 0  9992
2 30686  99.0241 339.8337 0140353  36.0194 353.8680 14.75620753 17073
1 30688U 99025AQW 26124.19415449  .00003387  00000+0  12277-2 0  9993
2 30688  98.6882 203.1859 0014849 250.0782 165.5811 14.33988327993013
1 30689U 99025AQX 26124.46669757  .00000641  00000+0  35152-3 0  9995
2 30689  98.7231 111.7254 0111643  58.0805  93.1319 14.12023774989048
1 30690U 99025AQY 26124.78958433  .00002118  00000+0  13238-2 0  9995
2 30690  99.1665  61.0751 0104628  41.6261 347.1106 14.03153161977131
1 30691U 99025AQZ 26124.57583045  .00001027  00000+0  80357-3 0  9991
2 30691  98.7402 132.3795 0138576 201.4479 280.4428 13.89863758971001
1 30693U 99025ARB 26124.46956984  .00000470  00000+0  27140-3 0  9999
2 30693  98.7018 110.5856 0030262 120.7827 239.6331 14.13473408989516
1 30694U 99025ARC 26124.71146602  .00006713  00000+0  61206-3 0  9993
2 30694  99.0590 116.1506 0124108 198.5663 161.1002 14.89786125 22220
1 30696U 99025ARE 26124.64480942  .00002683  00000+0  73531-3 0  9991
2 30696  98.3679 176.8054 0088560  53.7887 100.0619 14.45629827  3552
1 30697U 99025ARF 26124.66567625  .00002435  00000+0  12498-2 0  9997
2 30697  98.8918 185.8934 0089263 140.3712  15.0020 14.14257449982800
1 30699U 99025ARH 26124.32301343  .00006613  00000+0  17344-2 0  9992
2 30699  99.3209 263.2992 0004285 180.4206 179.6982 14.49591579996778
1 30700U 99025ARJ 26124.29786763  .00000345  00000+0  16200-3 0  9991
2 30700  98.5236 153.4480 0087562  88.4665 272.6543 14.23927834995987
1 30701U 99025ARK 26124.81099242 -.00000029  00000+0  72584-5 0  9998
2 30701  98.6934 167.4184 0035530  56.0804   5.2915 14.13943839991413
1 30702U 99025ARL 26124.51743181  .00001224  00000+0  78508-3 0  9991
2 30702  98.7575 144.2810 0067845 260.8173 253.3376 14.03991915981652
1 30703U 99025ARM 26124.74146615  .00001763  00000+0  79698-3 0  9995
2 30703  99.1537 119.5208 0114620 244.8412 296.1965 14.20011085985691
1 30704U 99025ARN 26124.53262206  .00000484  00000+0  33436-3 0  9997
2 30704  98.8764 124.5341 0081896  62.4981  61.0611 14.02160155981121
1 30705U 99025ARP 26124.70663771  .00001997  00000+0  16586-2 0  9995
2 30705 102.1855 275.0976 0194967 302.9715  70.6304 13.82132586959842
1 30706U 99025ARQ 26124.70968762  .00001506  00000+0  63520-3 0  9991
2 30706  99.0574  29.3459 0027918  77.5391 282.8910 14.27028499996665
1 30707U 99025ARR 26124.13329777  .00002922  00000+0  12008-2 0  9993
2 30707  99.3977 194.1743 0026265  27.1346   3.1234 14.27677092988346
1 30708U 99025ARS 26124.81069133  .00000180  00000+0  12106-3 0  9990
2 30708  98.6835 139.0599 0009011 147.2167  26.6021 14.12267290988550
1 30709U 99025ART 26124.37593519  .00003423  00000+0  16132-2 0  9997
2 30709  99.1545 111.7176 0079801 223.8173 135.6652 14.18911127980188
1 30710U 99025ARU 26124.12475385  .00003489  00000+0  21320-2 0  9999
2 30710 102.7479  72.0772 0222718 106.5818 267.9801 13.95446385967743
1 30714U 99025ARY 26124.78106759  .00000791  00000+0  52229-3 0  9997
2 30714  98.8161 174.1025 0065060 243.0671 181.6577 14.03547744979997
1 30715U 99025ARZ 26124.66598221  .00002584  00000+0  13126-2 0  9998
2 30715  98.9617 199.6163 0067827 123.1839 237.5863 14.15625394982036
1 30716U 99025ASA 26124.80757589  .00031229  00000+0  33008-2 0  9998
2 30716  98.8680 328.8584 0017077 357.8259 133.1900 14.89041174999460
1 30717U 99025ASB 26124.71016257  .00002726  00000+0  12529-2 0  9994
2 30717  99.0041 203.2970 0047337 207.5693 152.2972 14.21473428985671
1 30718U 99025ASC 26124.66432734  .00003515  00000+0  14839-2 0  9994
2 30718  98.8809 211.7834 0057922 105.6768 255.0811 14.25353382988099
1 30719U 99025ASD 26124.37782298  .00014347  00000+0  26989-2 0  9990
2 30719  98.8928 281.8759 0011155 119.1724 241.0594 14.64686147995335
1 30720U 99025ASE 26124.49736203  .00001768  00000+0  70438-3 0  9992
2 30720  99.0456 308.3254 0030544 275.5524 140.4439 14.29690190995287
1 30721U 99025ASF 26124.86527714  .00020324  00000+0  27099-2 0  9992
2 30721  98.7168 272.2099 0024289 246.9507 267.5193 14.79441872999538
1 30723U 99025ASH 26124.51313632  .00005631  00000+0  16757-2 0  9991
2 30723  98.8371 220.6889 0015858 191.7771 297.0615 14.43470936994292
1 30724U 99025ASJ 26124.01205917  .00000866  00000+0  29281-3 0  9995
2 30724  99.3150 325.4517 0092689 205.4736 311.5289 14.37404262  4896
1 30725U 99025ASK 26124.72063367  .00001867  00000+0  91997-3 0  9990
2 30725  98.9934 200.1451 0085618 345.1292 167.2664 14.16894801983721
1 30726U 99025ASL 26123.49645502  .00001507  00000+0  85813-3 0  9992
2 30726  99.2668 134.3986 0078275 190.2574 323.8544 14.09880287979800
1 30728U 99025ASN 26124.28268803  .00000112  00000+0  64453-4 0  9996
2 30728  98.5287 131.6641 0098898  27.2709 333.3614 14.23532963997176
1 30730U 99025ASQ 26124.58263677  .00001899  00000+0  78693-3 0  9999
2 30730  98.6004 166.2249 0076523 353.5427 159.4934 14.26153846990412
1 30731U 99025ASR 26124.22855537  .00005223  00000+0  15429-2 0  9995
2 30731  98.8510 214.1329 0015113 180.3821 243.3886 14.43874193994115
1 30732U 99025ASS 26124.73292757  .00000192  00000+0  13832-3 0  9998
2 30732  98.7916 145.3645 0124316 168.4938 244.3277 14.04070377981988
1 30735U 99025ASV 26124.17263102  .00002877  00000+0  12259-2 0  9994
2 30735  98.7504 199.8054 0060504 191.0916 198.3571 14.24926268987766
1 30736U 99025ASW 26123.56185022  .00001496  00000+0  15268-2 0  9990
2 30736  98.7628 152.4568 0280030  44.2723 104.1183 13.62122150947839
1 30737U 99025ASX 26124.40502339  .00000430  00000+0  22795-3 0  9990
2 30737  98.5963 107.1567 0024752  82.1622  81.4062 14.18464896990550
1 30739U 99025ASZ 26124.71782926  .00000507  00000+0  27065-3 0  9998
2 30739  98.7068 113.3360 0099500 267.9172 271.5469 14.15173308988851
1 30740U 99025ATA 26124.27112014  .00007663  00000+0  17780-2 0  9998
2 30740  98.6914 239.6252 0029983  64.6618 295.7678 14.55018116997184
1 30741U 99025ATB 26124.55599002  .00000206  00000+0  13266-3 0  9998
2 30741  98.6765 134.5424 0007390  77.0053  49.5651 14.13323751988366
1 30742U 99025ATC 26124.60716109  .00002285  00000+0  12636-2 0  9992
2 30742  98.8538 172.0746 0072310 181.7793 330.9859 14.11033276980568
1 30744U 99025ATE 26124.73463242  .00082673  00000+0  50119-2 0  9992
2 30744  98.7331 292.9748 0009830 196.4206 176.9979 15.10148683  2243
1 30746U 99025ATG 26124.50605902  .00000838  00000+0  35451-3 0  9996
2 30746  99.0625 315.3493 0044640 265.0725 150.5250 14.27860471994837
1 30749U 99025ATK 26124.04703584 -.00000136  00000+0 -62381-4 0  9999
2 30749  98.8657 151.6234 0059390 196.1105 163.8173 13.99863024979570
1 30750U 99025ATL 26124.80004096  .00003427  00000+0  13381-2 0  9995
2 30750  98.9083 207.5784 0038845  45.1984  75.6759 14.29870385988254
1 30751U 99025ATM 26124.68406644  .00001922  00000+0  98479-3 0  9997
2 30751  98.8387 187.8354 0051319  49.8098 104.0832 14.15967172982981
1 30753U 99025ATP 26124.54098375  .00001632  00000+0  88407-3 0  9990
2 30753  98.7904 165.6950 0053433 309.9274  49.7210 14.13152265983688
1 30755U 99025ATR 26123.95894896  .00001232  00000+0  31543-3 0  9993
2 30755  98.2673 119.8024 0150135 195.8915 192.5069 14.45617408  4854
1 30756U 99025ATS 26124.66994214  .00002174  00000+0  10347-2 0  9992
2 30756  98.9768 198.9505 0070719 268.2073 247.0136 14.19142133984316
1 30758U 99025ATU 26124.79632479  .00001847  00000+0  92207-3 0  9992
2 30758  99.0287 250.6416 0037974 316.4884 202.5055 14.17752258985179
1 30759U 99025ATV 26124.81612500  .00010753  00000+0  23436-2 0  9992
2 30759  99.2611 253.1706 0009684 108.4117  46.1672 14.58079078997377
1 30760U 99025ATW 26124.42211710  .00000468  00000+0  31198-3 0  9996
2 30760  98.8295 122.3096 0051944 303.4229  56.1977 14.05296719982264
1 30761U 99025ATX 26123.55751683  .00001929  00000+0  64775-3 0  9998
2 30761  98.9753  60.4160 0082225 256.9750 102.2245 14.36557897997770
1 30762U 99025ATY 26123.94412420  .00000246  00000+0  17271-3 0  9995
2 30762  98.8866 115.2812 0196791 261.5062 124.5563 13.98303403976259
1 30763U 99025ATZ 26124.49247508  .00017475  00000+0  30644-2 0  9990
2 30763  98.8849 212.1877 0022977 189.2681 187.9458 14.67643705992349
1 30764U 99025AUA 26124.48530396  .00061360  00000+0  13139-2 0  9992
2 30764  98.7857 127.4734 0057252  41.5194 319.0377 15.42795795 34134
1 30765U 99025AUB 26124.06385071  .00001329  00000+0  69069-3 0  9998
2 30765  98.7688 172.7798 0068722 162.7813 227.1991 14.15158500988357
1 30766U 99025AUC 26121.73337421  .00001228  00000+0  69830-3 0  9990
2 30766  98.6775 122.0973 0083543  38.2784 139.9184 14.09907678647693
1 30768U 99025AUE 26124.71424654  .00005471  00000+0  14153-2 0  9999
2 30768  98.6122 222.4151 0023701  28.4408 134.6447 14.50122699999410
1 30770U 99025AUG 26124.55998375  .00000478  00000+0  26466-3 0  9993
2 30770  98.6539 131.5202 0012611 232.0885 247.0965 14.15866135989281
1 30771U 99025AUH 26124.52601490  .00006199  00000+0  17597-2 0  9990
2 30771  98.9117 111.5380 0020324 227.6567 132.2902 14.45678158991254
1 30802U 99025AUL 26124.81206420  .00003583  00000+0  13010-2 0  9991
2 30802  98.8306 219.4453 0016415 342.3075 138.9751 14.33867701992529
1 30803U 99025AUM 26124.07956419  .00001823  00000+0  96803-3 0  9997
2 30803  99.2301 166.4631 0107289 163.1551 226.8599 14.11952827980071
1 30804U 99025AUN 26124.67858720  .00002342  00000+0  44071-3 0  9997
2 30804  98.8744 204.1239 0185025 116.9084  36.8589 14.55241708 15505
1 30805U 99025AUP 26124.58078656  .00000877  00000+0  57771-3 0  9992
2 30805  98.8018 167.7238 0071156 243.7488 272.5810 14.03185491979637
1 30806U 99025AUQ 26122.85874905  .00001203  00000+0  10804-2 0  9991
2 30806  99.0212 146.0159 0269341 118.6918  57.7764 13.70704927956283
1 30809U 99025AUT 26124.77907552  .00003959  00000+0  15147-2 0  9997
2 30809  98.7827 220.0982 0052440 115.4758 245.1862 14.30453913991316
1 30810U 99025AUU 26124.41951106  .00004634  00000+0  24643-2 0  9996
2 30810  98.6682 295.1175 0172767  14.0086 346.5789 14.06568342963876
1 30811U 99025AUV 26124.55609432  .00001322  00000+0  13532-2 0  9990
2 30811  98.7636 154.8181 0278339  33.5346 328.3079 13.62324702948113
1 30814U 99025AUY 26124.66216527  .00010924  00000+0  20468-2 0  9998
2 30814  99.0896 120.3250 0030870 152.4756 267.6852 14.64682033998313
1 30815U 99025AUZ 26124.45720102  .00023927  00000+0  30138-2 0  9997
2 30815  99.3036 307.2495 0002156 155.4228 235.9513 14.82002001998888
1 30816U 99025AVA 26124.74571521  .00002371  00000+0  11441-2 0  9995
2 30816  98.8999 200.8002 0050572   7.8223 112.4364 14.18957724984218
1 30817U 99025AVB 26123.94450215  .00000184  00000+0  14975-3 0  9999
2 30817  98.7864 113.7203 0057282 208.3164 151.4884 14.00823948979003
1 30820U 99025AVE 26124.75950314  .00003393  00000+0  15143-2 0  9990
2 30820  98.6725 223.7064 0053049 133.1278  20.1307 14.22629968984566
1 30821U 99025AVF 26123.40820149  .00003170  00000+0  78510-3 0  9995
2 30821  99.1205 282.4763 0086325 142.1538 247.4123 14.50506472  8423
1 30822U 99025AVG 26124.56460483  .00000413  00000+0  24531-3 0  9996
2 30822  98.7175 153.7086 0072847 239.0247 273.7499 14.11529117987163
1 30823U 99025AVH 26124.62894373  .00000267  00000+0  18457-3 0  9990
2 30823  98.7823 265.4261 0133902  45.4407 330.4001 14.02734895980374
1 30826U 99025AVL 26124.54811097  .00003656  00000+0  37825-3 0  9991
2 30826  98.8576 340.1433 0140040 262.9178 126.1352 14.83856747 24038
1 30827U 99025AVM 26123.93686227  .00006198  00000+0  19459-2 0  9995
2 30827  99.0117 121.4896 0045094 119.1861 241.3848 14.40302646985944
1 30828U 99025AVN 26124.78876586  .00010327  00000+0  95896-3 0  9998
2 30828  98.3815 242.7304 0198613  81.2805 281.0845 14.80762791  7562
1 30829U 99025AVP 26124.50629253  .00000479  00000+0  30069-3 0  9994
2 30829  98.7880 118.4753 0034484 291.2159  68.5328 14.08872445984438
1 30830U 99025AVQ 26124.48674062  .00000385  00000+0  23124-3 0  9991
2 30830  98.7426 114.2949 0031628 142.7174 348.2781 14.12385021986146
1 30831U 99025AVR 26122.73909461  .00000593  00000+0  23850-3 0  9999
2 30831  99.3466 290.9772 0054578 348.2531  11.7372 14.31443677672674
1 30833U 99025AVT 26124.70322848  .00000721  00000+0  31597-3 0  9998
2 30833  99.8622 293.6751 0033548 138.6306 221.7420 14.27125053664507
1 30836U 99025AVW 26124.06123024  .00000451  00000+0  26821-3 0  9999
2 30836  98.7249 158.0761 0026152 198.3075 161.7158 14.12124739640124
1 30837U 99025AVX 26124.74663700  .00000510  00000+0  28535-3 0  9995
2 30837  98.6936 112.1242 0033637  86.1098  91.2790 14.14719160988402
1 30838U 99025AVY 26124.75475576  .00008089  00000+0  20640-2 0  9996
2 30838  99.0443  53.8153 0037424  89.4876 271.0605 14.50391666993856
1 30840U 99025AWA 26123.97670308  .00002524  00000+0  36943-3 0  9994
2 30840  98.0175 136.2472 0211908 282.8953  74.8656 14.62453349752090
1 30843U 99025AWD 26124.70445417  .00000429  00000+0  10263-3 0  9999
2 30843  98.8242 208.8590 0148219  47.3416 314.0158 14.52735198 13668
1 30845U 99025AWF 26124.46505120  .00000237  00000+0  24352-3 0  9993
2 30845  98.3892 113.2987 0191639 243.8184 270.5168 13.76977569962074
1 30846U 99025AWG 26124.48661753  .00001978  00000+0  60444-3 0  9996
2 30846  99.3271 315.8127 0052157 277.8844 136.9824 14.42369899999871
1 30847U 99025AWH 26123.91034865  .00002888  00000+0  14014-2 0  9994
2 30847  98.7435 286.7276 0062008 280.3952 235.0879 14.18111200980698
1 30848U 99025AWJ 26123.53471551  .00002449  00000+0  86076-3 0  9991
2 30848  99.0550 330.3200 0041230 281.7430  77.9130 14.35437028993408
1 30849U 99025AWK 26124.11824700  .00002208  00000+0  10547-2 0  9997
2 30849  99.0328 192.0033 0046371 320.6340 105.2208 14.19689679983923
1 30850U 99025AWL 26124.17738144  .00002831  00000+0  13365-2 0  9994
2 30850  98.3913 346.7406 0109267 144.3145 345.2495 14.17407154978154
1 30852U 99025AWN 26124.52246323  .00000630  00000+0  37192-3 0  9998
2 30852  98.7233 143.1504 0056505 188.9682 171.0485 14.10545838983952
1 30856U 99025AWS 26123.48474058  .00019158  00000+0  46237-2 0  9998
2 30856  98.2033 309.3001 0082194 162.8223 252.8284 14.51125043985787
1 30857U 99025AWT 26122.97800175  .00015353  00000+0  34089-2 0  9990
2 30857  98.9703 127.8755 0035398 224.3556 135.4803 14.56751543987763
1 30858U 99025AWU 26124.84399329  .00000600  00000+0  31263-3 0  9994
2 30858  98.7761 185.9948 0030705  62.0268   4.6596 14.18012342990089
1 30859U 99025AWV 26124.40646059  .00008425  00000+0  20728-2 0  9998
2 30859  98.9141 187.9926 0026457 321.1948  38.7345 14.52311661991035
1 30860U 99025AWW 26124.66177933  .00003387  00000+0  14121-2 0  9990
2 30860  98.8922 205.3262 0041294 135.9044 224.5441 14.26472279985539
1 30862U 99025AWY 26124.24086087  .00008777  00000+0  24231-2 0  9996
2 30862  98.9551 227.6108 0050752 100.4341 290.0992 14.46250391987770
1 30863U 99025AWZ 26124.68016230  .00001423  00000+0  28267-2 0  9992
2 30863  99.1367 287.1090 0868431 308.9377  53.9278 12.41007823615139
1 30867U 99025AXD 26124.66047806  .00004014  00000+0  15665-2 0  9994
2 30867  97.8727  22.6962 0049920 291.4100  97.9071 14.29434594985789
1 30868U 99025AXE 26124.63192932  .00000193  00000+0  11739-3 0  9996
2 30868  98.2447 356.2634 0136093 161.7048 225.1272 14.11196997987260
1 30872U 99025AXJ 26122.67686530  .00002412  00000+0  76955-3 0  9992
2 30872  99.1712 190.1258 0040674 335.2685 175.3242 14.40273949997642
1 30873U 99025AXK 26124.43213377  .00000228  00000+0  12197-3 0  9995
2 30873  98.6162 125.8237 0107518 236.3915 122.6964 14.19271059992160
1 30874U 99025AXL 26124.56013441  .00000743  00000+0  36647-3 0  9998
2 30874  98.4719 154.2364 0040818 347.5184 163.9993 14.19929287990471
1 30876U 99025AXN 26124.42786145  .00000388  00000+0  29116-3 0  9991
2 30876  98.8280 109.2210 0066091 241.2808 273.2734 13.99305007977056
1 30878U 99025AXQ 26123.53109295  .00000811  00000+0  46187-3 0  9997
2 30878  98.7241 126.1704 0039125 249.9060 237.1138 14.12192348983684
1 30879U 99025AXR 26123.14745517  .00023893  00000+0  27286-2 0  9991
2 30879  99.3427   5.7911 0178623 204.6359 154.6236 14.75172236640197
1 30880U 99025AXS 26124.67773676  .00002530  00000+0  10653-2 0  9994
2 30880  98.7801 201.9383 0021781  55.6380 304.6857 14.26513043987518
1 30882U 99025AXU 26123.42308848  .00007493  00000+0  64456-3 0  9997
2 30882  97.9185 183.9441 0142439 294.7796  63.8658 14.90121487 17572
1 30883U 99025AXV 26124.38145715  .00000237  00000+0  13518-3 0  9998
2 30883  98.3407 157.3460 0112780 162.1772 215.1961 14.14659133989341
1 30884U 99025AXW 26124.27730262  .00006988  00000+0  96811-3 0  9990
2 30884  98.8894 137.1587 0061124 246.9462 112.5293 14.77067574  7367
1 30885U 99025AXX 26124.37396397  .00006641  00000+0  16290-2 0  9997
2 30885  99.0198 340.1856 0051924 148.4644  27.8491 14.51940537990458
1 30886U 99025AXY 26123.94514637  .00002936  00000+0  12958-2 0  9999
2 30886  99.2041  28.4254 0036360 352.8561   7.2093 14.23786012984191
1 30887U 99025AXZ 26124.62426257  .00002461  00000+0  46490-3 0  9998
2 30887  98.3439 183.4782 0261160 213.5435 144.8985 14.45787285  1850
1 30888U 99025AYA 26124.47237574  .00015048  00000+0  11852-2 0  9992
2 30888  99.4880 138.3547 0077364  58.4783 302.3961 14.98559287 20510
1 30891U 99025AYD 26121.41470873  .00001157  00000+0  71866-3 0  9996
2 30891  98.7608 169.6964 0055760 155.2248 221.5790 14.06196226979459
1 30892U 99025AYE 26123.60096113  .00000657  00000+0  33588-3 0  9994
2 30892  99.6819  84.6064 0038536 152.3831 207.9399 14.19193600663156
1 30893U 99025AYF 26124.31568810  .00001502  00000+0  77530-3 0  9997
2 30893  98.2420 141.5862 0308655  53.5525 323.8862 13.94513762968724
1 30895U 99025AYH 26124.45650719  .00000781  00000+0  23939-3 0  9996
2 30895  98.6975 198.5174 0217138  64.8670 316.2273 14.31895325998358
1 30899U 99025AYM 26124.50999994  .00003002  00000+0  10752-2 0  9994
2 30899  99.1726  35.6841 0028613 234.0047 308.6147 14.34572716987016
1 30903U 99025AYR 26122.44930823 -.00000075  00000+0 -19884-4 0  9993
2 30903  99.3560  15.7931 0096737  70.5451 290.6133 13.97670584706703
1 30905U 99025AYT 26123.50460423  .00003180  00000+0  15286-2 0  9995
2 30905  98.8774 204.0350 0053656  40.8520 319.6659 14.18795107981325
1 30907U 99025AYV 26124.37376608  .00001445  00000+0  75316-3 0  9997
2 30907  99.9344 165.7139 0057861 106.5805 254.1730 14.15592412 35670
1 30912U 99025AZA 26123.86399309  .00011615  00000+0  10702-2 0  9996
2 30912  98.9849 350.0044 0054079   4.6994 355.4718 14.93781228 15203
1 30913U 99025AZB 26124.03803728  .00000611  00000+0  39914-3 0  9993
2 30913  98.7290 150.8013 0049554 141.1972 219.2771 14.05243961979169
1 30914U 99025AZC 26118.90335803  .00001939  00000+0  30223-2 0  9994
2 30914  99.9840 359.2035 0511055  39.4884 324.2329 13.09301984608702
1 30915U 99025AZD 26124.66541328  .00003095  00000+0  12918-2 0  9992
2 30915  98.9311 208.5730 0053361 114.7931 245.8812 14.26172109985498
1 30916U 99025AZE 26124.13640541  .00001565  00000+0  90628-3 0  9997
2 30916  98.9813 189.1858 0063622 218.8316 170.5234 14.09365329978498
1 30918U 99025AZG 26124.79538961  .00001094  00000+0  72659-3 0  9994
2 30918  98.4184 230.0375 0157657  85.1856  45.0856 13.97297256970501
1 30920U 99025AZJ 26124.69110520  .00005279  00000+0  24254-2 0  9999
2 30920  98.9175 271.5344 0107458  51.9302 309.1508 14.18611176971195
1 30921U 99025AZK 26124.82904670  .00003691  00000+0  13320-2 0  9990
2 30921  98.8363 220.3134 0015258 337.6234 146.1729 14.34171908988742
1 30922U 99025AZL 26124.53743104  .00001086  00000+0  55249-3 0  9995
2 30922  98.6315 141.4353 0013685   6.5276 144.9852 14.17852121985872
1 30925U 99025AZP 26123.86858089  .00007009  00000+0  19789-2 0  9991
2 30925  98.8901 267.0174 0033307 170.9601 341.9439 14.45684154991243
1 30926U 99025AZQ 26124.41822130  .00003614  00000+0  29253-3 0  9998
2 30926  98.8213  86.5511 0159183 282.4644  75.8801 14.91139889 28929
1 30927U 99025AZR 26122.12414576  .00002432  00000+0  13521-2 0  9993
2 30927  99.1696 190.2432 0095115 334.3827  25.2646 14.09810434976613
1 30928U 99025AZS 26124.17582513  .00000225  00000+0  35943-3 0  9999
2 30928  98.8712 197.5581 0452068  45.0265 344.1944 13.22522105922311
1 30930U 99025AZU 26124.02055884  .00001125  00000+0  36248-3 0  9991
2 30930  98.1982 150.9284 0108768  39.1765 351.5066 14.37761629  3672
1 30931U 99025AZV 26124.64917387  .00001087  00000+0  71803-3 0  9998
2 30931  99.1501 187.7863 0092254   6.7511 147.2276 14.01819492979277
1 30932U 99025AZW 26124.75734355  .00004171  00000+0  16550-2 0  9997
2 30932  98.9129  65.4739 0053649 236.6127 122.9914 14.28566342984353
1 30933U 99025AZX 26124.49482492  .00009415  00000+0  28970-2 0  9996
2 30933  99.0565 119.7494 0066892 261.7678 251.8653 14.40443079979244
1 30934U 99025AZY 26124.81798352  .00001526  00000+0  17940-2 0  9998
2 30934  98.7584 349.3086 0341569  76.8351 287.0657 13.47237840936342
1 30936U 99025BAA 26124.01731432  .00000849  00000+0  38684-3 0  9994
2 30936  98.5626 156.2103 0045547 235.3036 154.6246 14.23698633991578
1 30937U 99025BAB 26124.39372981  .00000096  00000+0  10003-3 0  9995
2 30937  99.0623 179.5982 0075412  23.1786  40.1779 13.95627219977062
1 30938U 99025BAC 26123.97287934  .00000509  00000+0  25655-3 0  9990
2 30938  98.5842 138.2847 0044707 291.8445  99.4871 14.20047297991383
1 30940U 99025BAE 26122.47402390  .00000587  00000+0  36366-3 0  9999
2 30940  98.6285 121.6912 0040002 325.4016 186.2568 14.08530869981137
1 30941U 99025BAF 26123.06345807  .00003685  00000+0  13700-2 0  9993
2 30941  98.5410 342.7115 0030547 259.4023 100.3720 14.32439857986487
1 30942U 99025BAG 26124.49413888  .00000494  00000+0  25253-3 0  9999
2 30942  98.6856 123.9537 0137860  58.4078  94.1190 14.15005010986632
1 30943U 99025BAH 26121.81693432  .00000583  00000+0  38682-3 0  9997
2 30943  98.7907 136.3766 0050441  34.2834 326.1573 14.04625611977089
1 30944U 99025BAJ 26123.15515182  .00000567  00000+0  13207-3 0  9990
2 30944  98.8263 191.3916 0148310  33.0222 357.7491 14.52677333 11051
1 30945U 99025BAK 26122.03454969  .00003295  00000+0  12666-2 0  9990
2 30945  99.3829 146.7171 0029157 358.5147  31.4979 14.30953058984436
1 30946U 99025BAL 26124.80115125  .00002189  00000+0  56340-3 0  9995
2 30946  99.0528 255.0665 0089173 125.8942  35.0487 14.48906872  4061
1 30947U 99025BAM 26124.67453345  .00000590  00000+0  19870-3 0  9991
2 30947  98.7959  22.8642 0096105 183.9856 176.0576 14.38302272  5433
1 30949U 99025BAP 26124.74881368  .00000282  00000+0  16022-3 0  9995
2 30949  98.7068 120.4219 0115572 261.1780 280.6322 14.14190125985373
1 30954U 99025BAU 26124.52326350  .00001913  00000+0  92278-3 0  9991
2 30954  98.7110 226.3541 0128802 139.1348 238.6630 14.15536973984072
1 30956U 99025BAW 26124.03730795  .00001236  00000+0  65772-3 0  9998
2 30956  98.7414 160.2169 0047611 296.4063  92.9411 14.14710908983193
1 30960U 99025BBA 26121.31498942  .00012226  00000+0  15663-2 0  9990
2 30960  99.0132 256.3206 0188322  91.0889 271.1895 14.69727110  7230
1 30964U 99025BBE 26124.37564226  .00001597  00000+0  10053-2 0  9999
2 30964  98.6747  89.5502 0137333 197.4448 320.3054 14.01135338973927
1 30967U 99025BBH 26123.84995180  .00002461  00000+0  51171-3 0  9998
2 30967  98.7814  82.7357 0094164 164.3387 196.0759 14.58322359 10765
1 30971U 99025BBM 26124.67560411  .00004366  00000+0  56196-3 0  9998
2 30971  99.1854 192.2570 0161795 109.7386  41.7523 14.72926834 18194
1 30978U 99025BBU 26117.84756257  .00003529  00000+0  11548-2 0  9992
2 30978  98.2313 159.6472 0040929 167.8030 192.4159 14.38590574  3963
1 30979U 99025BBV 26122.49431779  .00007636  00000+0  72941-3 0  9997
2 30979  97.8203  22.5032 0184767 142.8277  31.5465 14.81490517 12048
1 30982U 99025BBY 26124.21109091  .00000610  00000+0  13560-3 0  9999
2 30982  98.2288 116.3857 0179209 233.8235 187.4909 14.51357583731209
1 30984U 99025BCA 26123.82663592  .00002059  00000+0  47868-3 0  9995
2 30984  98.2440 162.5640 0123858 291.6237  67.1802 14.51432005972247
1 30988U 99025BCE 26124.65531549  .00084809  00000+0  14221-2 0  9996
2 30988  98.5505 100.0354 0071326 197.7482 162.1273 15.48641882 17368
1 30989U 99025BCF 26124.65335712  .00002192  00000+0  11183-2 0  9990
2 30989  99.0400 205.0375 0089223  56.6020 304.3649 14.14705692980081
1 30993U 99025BCK 26124.73968061  .00004346  00000+0  14764-2 0  9994
2 30993  98.8423 225.9302 0014759 311.7240 202.0797 14.37091897989728
1 30994U 99025BCL 26124.77281684  .00000163  00000+0  11230-3 0  9997
2 30994  98.6975 133.9240 0018747 128.8646 231.4202 14.11859966986035
1 30996U 99025BCN 26124.25369141  .00001514  00000+0  52870-3 0  9993
2 30996  98.9405  39.4532 0048513 231.9254 281.9914 14.36137695996088
1 30998U 99025BCQ 26123.74636939  .00009119  00000+0  23269-2 0  9998
2 30998  98.8220 218.7438 0013866 127.4348  24.0107 14.50703338992475
1 30999U 99025BCR 26122.96536426  .00002257  00000+0  45004-3 0  9990
2 30999  99.0966 315.0914 0110206 269.0426  89.8143 14.59410529  8767
1 31000U 99025BCS 26123.99216780  .00001114  00000+0  57378-3 0  9994
2 31000  97.5558 135.0844 0164187  10.7194  18.1921 14.09999198719614
1 31001U 99025BCT 26124.14832715  .00001369  00000+0  37133-3 0  9994
2 31001  99.2568  14.4499 0146746  93.6982 268.1000 14.43315214  2391
1 31002U 99025BCU 26123.30766115  .00000400  00000+0  29303-3 0  9997
2 31002  98.8805 136.0539 0097802 315.7473  58.6900 13.99348231975854
1 31003U 99025BCV 26124.66122258  .00002934  00000+0  12437-2 0  9995
2 31003  98.8315 207.4860 0041539 159.1998 201.0883 14.25712548985456
1 31005U 99025BCX 26124.81338396  .00001588  00000+0  13010-2 0  9998
2 31005  98.6229 251.7255 0177659 295.8472 220.7905 13.83835775962592
1 31007U 99025BCZ 26123.68702800  .00008189  00000+0  16005-2 0  9990
2 31007  98.0966 117.2185 0060892 314.8061  44.8198 14.61951008  1587
1 31009U 99025BDB 26124.45536649  .00000566  00000+0  40504-3 0  9997
2 31009  98.9097 121.5229 0055336 200.4528 314.0654 14.00508413978588
1 31010U 99025BDC 26124.79987719  .00006304  00000+0  23864-2 0  9999
2 31010 101.7322 325.1861 0107626 341.9518  17.7844 14.28551757976707
1 31012U 99025BDE 26123.98272366  .00000281  00000+0  12730-3 0  9995
2 31012  98.9024  29.8861 0081708 198.0757 291.5015 14.28001745997770
1 31014U 99025BDG 26123.90277089 -.00000206  00000+0 -11059-3 0  9998
2 31014  98.8878  99.9899 0088530 160.2538 258.5161 13.98548726978231
1 31016U 99025BDJ 26124.32320876  .00000417  00000+0  16451-3 0  9993
2 31016  98.4278 140.8940 0112105 212.0937 163.7288 14.30716605995091
1 31017U 99025BDK 26124.70530903  .00000537  00000+0  31631-3 0  9990
2 31017  98.6953 110.7255 0111820 305.3625 233.9842 14.09023847983090
1 31018U 99025BDL 26124.68721274  .00002880  00000+0  14071-2 0  9992
2 31018  99.0179 218.5872 0058723  80.3069 280.4732 14.17882672980801
1 31019U 99025BDM 26124.39554472  .00000326  00000+0  96357-3 0  9996
2 31019  98.7237 278.8022 1105363   8.3633  17.1032 11.83299832568686
1 31021U 99025BDP 26122.06012640  .00012436  00000+0  98132-3 0  9995
2 31021  98.3582 242.4966 0261757 153.8026 207.6703 14.77630360755032
1 31022U 99025BDQ 26121.97212953  .00000501  00000+0  41746-3 0  9993
2 31022  99.5035  13.8652 0110585 106.4450 254.8895 13.90610823639570
1 31023U 99025BDR 26123.18708800  .00000294  00000+0  19661-3 0  9990
2 31023  98.8291 110.1528 0082335 183.3426 176.7203 14.06773548714906
1 31024U 99025BDS 26122.23456210  .00000529  00000+0  25741-3 0  9998
2 31024  99.0435  43.8505 0075536  83.6316 277.3455 14.21067986986998
1 31025U 99025BDT 26119.18817009  .00001432  00000+0  58802-3 0  9994
2 31025  98.5907 110.5642 0170912 334.8666  24.4263 14.20975604663178
1 31026U 99025BDU 26123.58163078  .00000158  00000+0  16741-3 0  9994
2 31026  98.7917  54.8495 0134688 158.7396  19.9576 13.83468873699876
1 31028U 99025BDW 26119.57817257  .00000249  00000+0  21525-3 0  9992
2 31028  98.7147  47.5541 0163918 276.8804  81.3733 13.89179064639170
1 31029U 99025BDX 26124.19557799  .00000823  00000+0  29421-3 0  9990
2 31029  98.8493  29.5996 0089296  16.0572 139.7784 14.34631905998385
1 31030U 99025BDY 26124.41831082  .00001582  00000+0  70187-3 0  9995
2 31030  98.7488 190.7974 0027088  33.2823  28.5749 14.24287342987350
1 31031U 99025BDZ 26124.77375316  .00000720  00000+0  35059-3 0  9990
2 31031  99.0760  50.7314 0028635 137.2881 280.5318 14.21268309988867
1 31032U 99025BEA 26124.73590492  .00001522  00000+0  92888-3 0  9995
2 31032  99.3927 143.1083 0139134 163.1484 261.3287 14.02907750969860
1 31033U 99025BEB 26124.88246575  .00000640  00000+0  24469-3 0  9992
2 31033  98.4570 103.5094 0153736  50.0576 340.9159 14.27666424993885
1 31036U 99025BEE 26124.80526726  .00000848  00000+0  20988-3 0  9998
2 31036  98.9236 244.4103 0137766 194.5249 319.0332 14.49362249593792
1 31038U 99025BEG 26124.22022876  .00001868  00000+0  51129-3 0  9997
2 31038  99.0052 222.0781 0084371 163.6358 196.7586 14.46416125  2906
1 31040U 99025BEJ 26122.72526031  .00000469  00000+0  24557-3 0  9996
2 31040  98.6705 114.1469 0063176 148.6481  28.8818 14.17884008987040
1 31041U 99025BEK 26124.54228669  .00003379  00000+0  15822-2 0  9992
2 31041  99.1882 163.4041 0083309 275.5002  83.6674 14.19130534975142
1 31043U 99025BEM 26124.51790530  .00000697  00000+0  42649-3 0  9990
2 31043  98.7539 143.2536 0040127 321.3097 192.5225 14.08673500979978
1 31046U 99025BEQ 26124.33654986  .00021620  00000+0  33591-2 0  9991
2 31046  98.9664 262.5414 0036741  25.6087   4.6568 14.72621398987355
1 31047U 99025BER 26123.48167039  .00000624  00000+0  34946-3 0  9992
2 31047  98.7064 122.2204 0026655 133.5868  18.0136 14.14086832983626
1 31051U 99025BEV 26116.32901151  .00000050  00000+0  58692-4 0  9991
2 31051  98.7997 147.6036 0053638 119.6224 241.0302 14.03144541657061
1 31053U 99025BEX 26124.29010852  .00001312  00000+0  97381-3 0  9996
2 31053  98.8060 241.2422 0306740  73.6205 289.8434 13.76591765954371
1 31054U 99025BEY 26124.48593799  .00000194  00000+0  12867-3 0  9997
2 31054  98.6840 138.1404 0011020  78.8676  77.8174 14.12260816987781
1 31055U 99025BEZ 26124.33635713  .00000399  00000+0  24739-3 0  9993
2 31055  98.7406 156.7703 0024009 225.8388 198.3900 14.10552345981323
1 31056U 99025BFA 26120.42736690  .00000542  00000+0  30415-3 0  9994
2 31056  98.6844 104.0372 0024640 306.4788 209.3446 14.14511215987787
1 31057U 99025BFB 26122.40170416  .00009481  00000+0  10390-2 0  9993
2 31057  99.2351 188.1693 0133926 172.0501 188.2874 14.81636235640347
1 31058U 99025BFC 26123.69219060  .00011395  00000+0  14321-2 0  9990
2 31058  99.5823 104.5330 0089728  30.1573 330.4756 14.79476482 15909
1 31062U 99025BFG 26124.47044326  .00000170  00000+0  19787-3 0  9994
2 31062  99.0065 304.0546 0170588 299.1199  89.4037 13.75770302961961
1 31064U 99025BFJ 26124.72808832  .00000586  00000+0  21333-3 0  9995
2 31064  98.5904 108.7985 0239555 306.0738 237.0107 14.22408940992874
1 31065U 99025BFK 26120.30079509  .00001898  00000+0  76528-3 0  9990
2 31065  98.4553 140.2278 0033750 345.0333  14.9847 14.28809003665560
1 31068U 99025BFN 26124.66906852  .00000443  00000+0  24455-3 0  9993
2 31068  98.6467 106.0648 0165764  72.9179 289.0075 14.09325002983680
1 31069U 99025BFP 26119.30586514  .00002461  00000+0  50765-3 0  9993
2 31069  99.1127 297.5005 0102145  21.6441 338.9026 14.58265038  6862
1 31071U 99025BFR 26124.51566701  .00003908  00000+0  92149-3 0  9990
2 31071  99.0294 218.3225 0055205 210.6980 149.0981 14.53967475675688
1 31072U 99025BFS 26124.28057253  .00002009  00000+0  68518-3 0  9996
2 31072  99.3256 143.9237 0208995  50.9416 311.0154 14.26109057986740
1 31073U 99025BFT 26124.55181125  .00002099  00000+0  89825-3 0  9996
2 31073  99.2099 346.4246 0042340 235.1170 124.6025 14.25607366991172
1 31074U 99025BFU 26124.19830340  .00002912  00000+0  14661-2 0  9996
2 31074  98.9598  44.7452 0083313 219.0983 140.4151 14.15404177975945
1 31078U 99025BFY 26124.45184240  .00000951  00000+0  41616-3 0  9992
2 31078  98.8453 190.5610 0117235  98.4654 278.7943 14.22422075989213
1 31081U 99025BGB 26124.79344103  .00000262  00000+0  18302-3 0  9990
2 31081  98.7615 141.7377 0048060 188.2055 349.9858 14.06328170984715
1 31083U 99025BGD 26124.85053899  .00013628  00000+0  24518-2 0  9993
2 31083  98.6527 254.4535 0030553 221.0266 290.5349 14.66429396998049
1 31085U 99025BGF 26123.05100293  .00000167  00000+0  79240-4 0  9995
2 31085  98.9754 333.4065 0086303 327.4134 187.6720 14.30401991997366
1 31087U 99025BGH 26122.03129682  .00002357  00000+0  39675-3 0  9997
2 31087  98.0896 144.4700 0169332 210.6062 177.6503 14.61503382  8192
1 31088U 99025BGJ 26124.17008235  .00002909  00000+0  11454-2 0  9992
2 31088  99.3957 200.5220 0026892  15.7508  13.6432 14.29864324985844
1 31089U 99025BGK 26124.37677875  .00000992  00000+0  72619-3 0  9998
2 31089  98.9678 265.9014 0205745 184.0561 203.2164 13.88579236700394
1 31090U 99025BGL 26124.14007164  .00191342  00000+0  19062-2 0  9995
2 31090  98.9833 266.9478 0027399 345.8869  14.1616 15.64592015 30381
1 31091U 99025BGM 26123.63731407  .00000612  00000+0  73562-3 0  9998
2 31091  99.2423  96.5258 0289295 328.7609  29.6613 13.54336637635608
1 31092U 99025BGN 26123.24365056  .00000964  00000+0  11945-2 0  9995
2 31092  99.7275 240.1570 0329032 146.9986 215.2160 13.46817060937863
1 31093U 99025BGP 26124.80153244  .00000427  00000+0  37548-3 0  9995
2 31093  98.5941 316.0400 0208260 195.2601 164.2210 13.80771088964817
1 31094U 99025BGQ 26124.56037973  .00002230  00000+0  13992-2 0  9999
2 31094  98.8506 353.4529 0106179  10.3720 349.9603 14.02735065976215
1 31095U 99025BGR 26124.04747399 -.00000027  00000+0  91109-5 0  9995
2 31095  98.5802 243.3119 0499296 211.0700 145.9985 13.06724570913060
1 31097U 99025BGT 26123.88280196  .00008118  00000+0  20974-2 0  9992
2 31097  98.8648 258.6402 0014456 195.5053 294.8756 14.50145562990967
1 31098U 99025BGU 26124.29726657  .00010510  00000+0  24191-2 0  9990
2 31098  98.8746 255.5985 0014931 176.4434 183.6871 14.55501817990280
1 31099U 99025BGV 26124.18413469  .00000434  00000+0  18929-3 0  9990
2 31099  98.9268  24.9057 0062234 227.4081 288.8945 14.28129207995041
1 31146U 99025BGY 26124.11618644  .00001126  00000+0  37137-3 0  9999
2 31146  99.0547  65.0721 0212298 115.3371 246.9961 14.28210635987976
1 31148U 99025BHA 26124.66166863  .00002783  00000+0  73761-3 0  9995
2 31148  98.8544  21.1373 0134356 345.2061  14.5214 14.44365847995935
1 31150U 99025BHC 26124.48932155  .00000196  00000+0  12792-3 0  9996
2 31150  98.6834 133.8552 0016072 114.6472  39.3469 14.12823467983123
1 31151U 99025BHD 26122.96842811  .00004652  00000+0  18876-2 0  9996
2 31151  99.1281 139.5090 0053447 340.7171  19.1985 14.27388540979882
1 31152U 99025BHE 26124.72857455  .00000247  00000+0  92297-4 0  9990
2 31152  98.4288 113.0804 0128590 326.9718 213.4826 14.35957801  1012
1 31155U 99025BHH 26124.13165022  .00001629  00000+0  93354-3 0  9999
2 31155  99.0276 198.3459 0087022 324.5958  34.9453 14.09002251975928
1 31157U 99025BHK 26122.67630717  .00000412  00000+0  19313-3 0  9998
2 31157  98.4946 106.0432 0098702 275.5668  83.4261 14.22759728989872
1 31158U 99025BHL 26121.45800739  .00004305  00000+0  15186-2 0  9995
2 31158  98.7693 207.1361 0044953 344.0983  15.8787 14.34706800664823
1 31159U 99025BHM 26124.18564121  .00139502  00000+0  11466-2 0  9996
2 31159  97.8085 100.7930 0058724 210.2462 149.5404 15.67685633 17411
1 31160U 99025BHN 26124.44034696  .00000318  00000+0  24454-3 0  9990
2 31160  99.0569 184.4160 0056092 219.8267 139.8774 13.99631533715951
1 31161U 99025BHP 26124.29963854  .00000356  00000+0  22431-3 0  9996
2 31161  98.7352 146.7339 0067202 306.7918  52.7097 14.09423618981109
1 31163U 99025BHR 26096.90443898  .00001404  00000+0  52799-3 0  9990
2 31163  98.9718 333.5102 0054023 279.0003  80.5068 14.32402305663905
1 31165U 99025BHT 26124.70145292  .00007679  00000+0  11493-2 0  9994
2 31165  98.8649 202.5124 0068407 148.8184   2.4547 14.73410898  8484
1 31168U 99025BHW 26124.14272872  .00002415  00000+0  38997-3 0  9992
2 31168  98.9100 272.7725 0105149 342.9068  16.8603 14.68884987 11876
1 31169U 99025BHX 26124.04257273  .00003821  00000+0  15378-2 0  9999
2 31169  99.1376 162.0081 0054667 329.0632  30.7330 14.27883469591348
1 31171U 99025BHZ 26124.45373030  .00005729  00000+0  16806-2 0  9993
2 31171  98.0290 109.4623 0144557 245.1780 268.2853 14.38269566978795
1 31172U 99025BJA 26124.45162413  .00000186  00000+0  77007-4 0  9999
2 31172  98.4260 129.7981 0148403 205.4357 153.9471 14.31647740996683
1 31175U 99025BJD 26123.27991359  .00030402  00000+0  51229-2 0  9990
2 31175  98.3960 131.2258 0068660  85.2876 275.6165 14.67867207677109
1 31177U 99025BJF 26124.69429549  .00002356  00000+0  22279-2 0  9996
2 31177  98.7586  28.9944 0303692 300.1344  84.7421 13.63380275681591
1 31178U 99025BJG 26124.27657724  .00002669  00000+0  11106-2 0  9993
2 31178  99.5090 142.8688 0121383 272.5021  86.2264 14.23409241978426
1 31179U 99025BJH 26124.28616711  .00001172  00000+0  78496-3 0  9990
2 31179  99.0079 145.4241 0213630 332.0668  26.9155 13.92369428639240
1 31180U 99025BJJ 26124.62592105  .00000297  00000+0  15971-3 0  9996
2 31180  99.2369 256.0310 0497247  45.2623 334.6360 13.70578306660248
1 31181U 99025BJK 26122.87191211  .00001232  00000+0  68462-3 0  9998
2 31181  98.7580 157.3357 0047246  35.0334 143.4191 14.12383842977591
1 31182U 99025BJL 26121.45524943  .00000603  00000+0  33422-3 0  9993
2 31182  98.6946 111.5947 0024240  98.6998  53.0856 14.14764363980562
1 31183U 99025BJM 26124.49793104  .00004602  00000+0  11354-2 0  9990
2 31183  99.0458 123.9205 0046865  41.6027 109.8421 14.51998971995534
1 31185U 99025BJP 26124.24664298 -.00000037  00000+0  31962-5 0  9995
2 31185  98.8416 121.5892 0043629  70.7490 289.8389 14.03110024643359
1 31186U 99025BJQ 26124.05717984  .00000719  00000+0  40826-3 0  9999
2 31186  99.1820  47.9930 0026391  25.3964 350.7937 14.13166038981153
1 31187U 99025BJR 26123.47860707  .00013747  00000+0  19037-2 0  9991
2 31187  99.2305   8.6525 0206435 152.5266 208.7030 14.64480622711717
1 31188U 99025BJS 26124.41900880  .00002742  00000+0  11729-2 0  9997
2 31188  98.7336 196.4880 0059849 195.0927 300.2528 14.24791692983671
1 31190U 99025BJU 26122.31604286  .00001204  00000+0  77419-3 0  9999
2 31190  98.8133 135.8333 0066950 225.4361 134.1329 14.03938145975195
1 31191U 99025BJV 26124.47663879  .00000887  00000+0  27562-3 0  9992
2 31191  98.7757  34.1858 0093089 129.7009 231.2433 14.41163317   487
1 31192U 99025BJW 26123.66604528  .00001490  00000+0  50117-3 0  9992
2 31192  98.5697 108.2085 0258440  51.9547 310.4651 14.21380355987590
1 31194U 99025BJY 26124.68827625  .00001943  00000+0  65360-3 0  9991
2 31194  98.9535  24.6112 0055718 217.3575 142.3731 14.37458836991808
1 31195U 99025BJZ 26124.55266514  .00000001  00000+0  21671-4 0  9994
2 31195  98.7583 158.8998 0172570 138.3332 223.1133 14.08057893981080
1 31196U 99025BKA 26124.27200404  .00000861  00000+0  37304-3 0  9993
2 31196  98.5219 138.5770 0058781 154.8591 205.5471 14.25827815655260
1 31198U 99025BKC 26124.00121155  .00000057  00000+0  86265-4 0  9999
2 31198  98.6096 219.2611 0203340 329.6557  29.2949 13.75560237647093
1 31199U 99025BKD 26123.72261237  .00000203  00000+0  13662-3 0  9997
2 31199  98.7307 107.2112 0063345 216.5019 323.2316 14.10094083981602
1 31201U 99025BKF 26124.60876567  .00001594  00000+0  50782-3 0  9995
2 31201  98.9890 356.6618 0139711 292.6498  87.5477 14.35929837993010
1 31202U 99025BKG 26124.04888480  .00012256  00000+0  13223-2 0  9996
2 31202  96.5526 149.4115 0066729  59.4128 330.4104 14.86837996 11892
1 31205U 99025BKK 26124.76569867  .00000321  00000+0  14064-3 0  9998
2 31205  99.2264 230.0059 0162499 149.0079 212.0810 14.24061070992464
1 31206U 99025BKL 26124.20239676  .00001550  00000+0  47955-3 0  9990
2 31206  98.8421  41.9475 0075474 299.0836  60.2809 14.41151030998977
1 31208U 99025BKN 26123.40171134  .00013679  00000+0  24954-2 0  9995
2 31208  99.2490 289.2982 0014340 191.5900 199.0308 14.66063428725527
1 31209U 99025BKP 26124.54236724  .00007317  00000+0  20494-2 0  9996
2 31209  98.8825 231.0734 0020098 272.5609  87.3281 14.46259101668706
1 31210U 99025BKQ 26121.94621869  .00000529  00000+0  31099-3 0  9999
2 31210  98.7226 124.1642 0018048 117.3269 272.8590 14.12190536979463
1 31211U 99025BKR 26121.37604752  .00001997  00000+0  93451-3 0  9999
2 31211  98.6553 159.4898 0050866  47.6968 312.8503 14.20671937652752
1 31212U 99025BKS 26124.32222459  .00002247  00000+0  11771-2 0  9991
2 31212  99.2006 164.9968 0075954 131.4079 229.3654 14.13863605976735
1 31215U 99025BKV 26118.84886155  .00002054  00000+0  72544-3 0  9995
2 31215  99.0638 334.6070 0067605 284.9744  74.3963 14.34584682984912
1 31217U 99025BKX 26124.29359165  .00001015  00000+0  49167-3 0  9990
2 31217  98.6386 133.3438 0100254 110.2814 250.9171 14.17952593983685
1 31218U 99025BKY 26124.59931319  .00034515  00000+0  41906-2 0  9994
2 31218  98.8410 253.5449 0009559 296.0628  63.9598 14.83400240991937
1 31219U 99025BKZ 26124.48278813  .00002218  00000+0  11427-2 0  9996
2 31219  99.2757 144.8348 0079879 136.5400 224.2105 14.14616225975872
1 31222U 99025BLC 26124.67960448  .00005400  00000+0  33270-3 0  9990
2 31222  98.5820 214.5567 0154731 320.3851  38.6145 15.01002424 21253
1 31223U 99025BLD 26124.11127961  .00004174  00000+0  33660-2 0  9994
2 31223  99.0247   8.4055 0236540  22.2349 338.8860 13.78718519946890
1 31224U 99025BLE 26121.74736347  .00000950  00000+0  34093-3 0  9995
2 31224  98.3812 113.2397 0158376 109.5251  68.3065 14.29258828712506
1 31225U 99025BLF 26124.69346774  .00002213  00000+0  10485-2 0  9996
2 31225  98.9770 204.6841 0085538 304.0182 209.4024 14.18764796978487
1 31226U 99025BLG 26122.73194135  .00000431  00000+0  17803-3 0  9994
2 31226  98.3558 121.2348 0127744 140.8764 220.1740 14.26928136640648
1 31228U 99025BLJ 26124.53573720  .00001514  00000+0  50396-3 0  9994
2 31228  98.8699  45.7479 0078679  25.8789 158.2617 14.37432106996206
1 31229U 99025BLK 26124.69155353  .00002288  00000+0  10255-2 0  9998
2 31229  98.8544 205.7516 0052356 245.4135 114.1582 14.22788670981160
1 31231U 99025BLM 26121.76274740  .00021534  00000+0  22795-2 0  9995
2 31231  98.8686 300.2247 0127900  25.0105 335.7229 14.83283495650916
1 31234U 99025BLQ 26121.24350572  .00000247  00000+0  16588-3 0  9991
2 31234  98.7936 116.6238 0073384 193.1620 166.7637 14.08163136746838
1 31235U 99025BLR 26123.67749181  .00002439  00000+0  98407-3 0  9994
2 31235  98.4595 271.0657 0160642 329.2712  29.9134 14.22049440651829
1 31236U 99025BLS 26124.10825329  .00008238  00000+0  47440-2 0  9996
2 31236  98.5468  72.3797 0309812  16.5565 344.5443 13.87957681629989
1 31237U 99025BLT 26123.95616876  .00001007  00000+0  37683-3 0  9990
2 31237  98.4588 124.1745 0086981 287.9028  71.2686 14.31837000993011
1 31239U 99025BLV 26124.49862191  .00000481  00000+0  29313-3 0  9991
2 31239  98.7668 120.7367 0050198 153.6641 358.7923 14.10065458980232
1 31240U 99025BLW 26121.26883269  .00000874  00000+0  51758-3 0  9998
2 31240  98.7525 126.8620 0044891 344.0266  30.9362 14.09741751240631
1 31241U 99025BLX 26123.88534628  .00001482  00000+0  48160-3 0  9990
2 31241  99.2544 286.6508 0066994 125.8802 234.8628 14.39212668997359
1 31243U 99025BLZ 26124.38963614  .00001031  00000+0  62317-3 0  9999
2 31243  98.7319 165.0310 0067056 126.1350 234.6051 14.07539894713147
1 31244U 99025BMA 26122.92100580  .00000478  00000+0  30115-3 0  9998
2 31244  99.0108 191.0965 0103189 141.0281 219.8382 14.06453788596248
1 31246U 99025BMC 26110.36007757  .00002301  00000+0  12459-2 0  9994
2 31246  98.8103 319.3424 0145428 342.4319  17.1850 14.08234336635621
1 31247U 99025BMD 26124.68179168  .00000508  00000+0  33641-3 0  9995
2 31247  99.3551  22.4407 0060647  31.2003 356.3754 14.05434576975296
1 31248U 99025BME 26123.11116703  .00000689  00000+0  53894-3 0  9991
2 31248  99.2431 185.5176 0108783 288.2183 103.1670 13.93008805967928
1 31250U 99025BMG 26124.79732834  .00001248  00000+0  76084-3 0  9996
2 31250  98.3804 328.7734 0131294 252.7572 105.9192 14.03570506975244
1 31252U 99025BMJ 26122.77395221  .00001715  00000+0  42137-3 0  9990
2 31252  98.3062 142.7240 0213558 107.1596 255.3096 14.40677521992373
1 31253U 99025BMK 26122.44784255  .00000246  00000+0  12739-3 0  9997
2 31253  99.0552 192.2686 0289846  59.8936 303.0627 14.03792198709727
1 31254U 99025BML 26124.67492772  .00001436  00000+0  43989-3 0  9998
2 31254  98.4379 176.7763 0151670 135.7866 352.1142 14.36800505995687
1 31255U 99025BMM 26123.46419179  .00000439  00000+0  19935-3 0  9991
2 31255  99.3157 310.6737 0269105 308.7173  49.0211 14.10031321987985
1 31256U 99025BMN 26122.27449782  .00006421  00000+0  26236-2 0  9991
2 31256  98.6770 328.9654 0304855  78.5855 284.9387 14.05345208669549
1 31259U 99025BMR 26124.72230000  .00002851  00000+0  14385-2 0  9992
2 31259  98.9995 210.3303 0066062 150.6031   1.0380 14.15948457975921
1 31260U 99025BMS 26124.71734513  .00001857  00000+0  63170-3 0  9993
2 31260  98.9504  32.3657 0045251 230.6253 156.6544 14.37248430992471
1 31261U 99025BMT 26124.13114952  .00002185  00000+0  68393-3 0  9996
2 31261  99.0314  90.2620 0050157 170.8480 189.3633 14.41044612994008
1 31262U 99025BMU 26124.21675627  .00002425  00000+0  11621-2 0  9995
2 31262  98.9939 214.7329 0054589  53.2980   2.0717 14.19190641977296
1 31264U 99025BMW 26124.70446801  .00000917  00000+0  46237-3 0  9997
2 31264  99.1070  30.5761 0001076  51.5361 336.9649 14.18936353984566
1 31266U 99025BMY 26124.78062277  .00000390  00000+0  18086-3 0  9994
2 31266  99.2700 120.1136 0129070 236.8494 300.2949 14.22545737992395
1 31268U 99025BNA 26121.35028167  .00000987  00000+0  61218-3 0  9993
2 31268  98.7368 163.9424 0050323 150.0149 210.3919 14.06741642639957
1 31269U 99025BNB 26124.16947826  .00003650  00000+0  74423-3 0  9990
2 31269  98.1664   2.0445 0233685 200.6852 293.1667 14.45760716985436
1 31272U 99025BNE 26124.10665136  .00001000  00000+0  43545-3 0  9997
2 31272  99.0766   5.4535 0107146  65.5876 295.6437 14.23283068990148
1 31274U 99025BNG 26124.43355414  .00000665  00000+0  48782-3 0  9994
2 31274  99.0140 303.4835 0241697  84.9287 277.9407 13.85971764961839
1 31275U 99025BNH 26122.40622451  .00001498  00000+0  95290-3 0  9999
2 31275  98.9264 168.1112 0102195 321.8213  37.5745 14.02769088974585
1 31279U 99025BNM 26124.29502623  .00000946  00000+0  39663-3 0  9999
2 31279  98.5141 133.7371 0074626 120.4164 240.4419 14.26693020992614
1 31281U 99025BNP 26123.92395089  .00029083  00000+0  89975-3 0  9991
2 31281  98.4002 280.7341 0087690 324.4322  35.1089 15.29686304 18644
1 31282U 99025BNQ 26124.07166414  .00000392  00000+0  12024-3 0  9990
2 31282  99.2240  58.0936 0126627 226.3633 132.6999 14.43712150991741
1 31284U 99025BNS 26122.56349293  .00000651  00000+0  45017-3 0  9998
2 31284  99.7198 230.2209 0142390  40.0456 321.1100 13.98223042971301
1 31285U 99025BNT 26123.23704431  .00000463  00000+0  17150-3 0  9991
2 31285  98.5369 105.0300 0200227 132.6252 240.3883 14.26262968993166
1 31286U 99025BNU 26122.74259220  .00005087  00000+0  21487-2 0  9992
2 31286 100.8598  51.1202 0075610 260.0001  99.2631 14.24646033660265
1 31287U 99025BNV 26124.14605058  .00002993  00000+0  11951-2 0  9991
2 31287  99.3904 196.0272 0026537  17.9624 342.2487 14.29122476987198
1 31288U 99025BNW 26124.46490406  .00182118  00000+0  63163-2 0  9996
2 31288  98.7395 307.5716 0013013 200.7383 189.4255 15.28946718997117
1 31293U 99025BPB 26122.30608246  .00000102  00000+0  51081-4 0  9996
2 31293  98.4214 130.7663 0126202 188.7982 171.0990 14.30878751672545
1 31294U 99025BPC 26120.42745197  .00000719  00000+0  37136-3 0  9993
2 31294  98.5522 115.3641 0098372 302.5378  56.6322 14.15581729988158
1 31295U 99025BPD 26124.43244323  .00000108  00000+0  10241-3 0  9994
2 31295  98.3269 300.8905 0077105 210.5923 149.0734 13.96886918974957
1 31296U 99025BPE 26124.50942076  .00033890  00000+0  41588-2 0  9994
2 31296  99.0643  61.9230 0019726 120.4161 239.9002 14.82858732994572
1 31297U 99025BPF 26124.36830262  .00001038  00000+0  21115-3 0  9996
2 31297  98.9555 276.8100 0138431  49.6234 341.4906 14.57669494 13788
1 31300U 99025BPJ 26124.79237910  .00002109  00000+0  10782-2 0  9996
2 31300  99.5339 219.0327 0059311  22.2933 101.2846 14.15881794981986
1 31302U 99025BPL 26124.11210779  .00002926  00000+0  11826-2 0  9995
2 31302  99.3999 182.0659 0026369  12.1126  17.8137 14.28533252983900
1 31303U 99025BPM 26124.31469250  .00000138  00000+0  10034-3 0  9992
2 31303  98.6958 141.0887 0012309 110.1236 250.1262 14.11089595983297
1 31311U 99025BPP 26124.71002880  .00003449  00000+0  13244-2 0  9990
2 31311  98.8426 213.4745 0017446  31.3492 122.5447 14.31050038982658
1 31312U 99025BPQ 26123.94413368  .00000182  00000+0  14764-3 0  9992
2 31312  98.8772 110.5503 0057688 199.8770 218.3452 14.01111363971376
1 31313U 99025BPR 26124.18248843  .00000482  00000+0  23451-3 0  9990
2 31313  99.0101  36.2371 0045522 132.7691 227.7330 14.22477883990875
1 31314U 99025BPS 26121.23402282  .00000252  00000+0  17835-3 0  9997
2 31314  98.8324 116.4993 0077718 326.9539  32.6786 14.05067094627731
1 31319U 99025BPX 26124.52928420  .00000140  00000+0  16541-3 0  9993
2 31319  98.8179  17.9231 0170797  66.0690  53.5205 13.75880744956515
1 31321U 99025BPZ 26123.93867981  .00000206  00000+0  13044-3 0  9992
2 31321  98.7162 204.3978 0030796 132.8702 227.5065 14.13908170593936
1 31322U 99025BQA 26122.94619509  .00000132  00000+0  15012-3 0  9999
2 31322  98.5477 176.9883 0237973 352.1656 183.0989 13.73068473642130
1 31323U 99025BQB 26123.36604627  .00003140  00000+0  12634-2 0  9990
2 31323  99.4052 177.8225 0030706  37.3803 322.9505 14.28630642660021
1 31324U 99025BQC 26124.54449035  .00000214  00000+0  13402-3 0  9996
2 31324  99.1307  54.1834 0048775 260.7756  98.7898 14.14790446985059
1 31325U 99025BQD 26115.53494979  .00003203  00000+0  15479-2 0  9999
2 31325  98.9863 216.2200 0071298 198.8091 161.0447 14.17951101616731
1 31327U 99025BQF 26124.53891410  .00019959  00000+0  89695-3 0  9999
2 31327  98.9707 156.6381 0072267 253.4422 105.8861 15.18836944 22613
1 31328U 99025BQG 26123.64652882  .00000121  00000+0  60930-4 0  9992
2 31328  98.5038  98.7774 0104624 158.7510 201.8066 14.29019131994891
1 31329U 99025BQH 26124.23968065  .00007597  00000+0  12481-2 0  9992
2 31329  98.9049 127.9344 0052248   7.1442 353.0494 14.70046337 47079
1 31331U 99025BQK 26121.79916980  .00000246  00000+0  19131-3 0  9996
2 31331  98.8695 148.5956 0054337 153.0551 207.3454 14.00744765658178
1 31332U 99025BQL 26124.49016111  .00001220  00000+0  67848-3 0  9995
2 31332  98.7026 135.7012 0048526 340.3486 174.2133 14.12322935979860
1 31333U 99025BQM 26124.77013611  .00001378  00000+0  55492-3 0  9995
2 31333  98.4198 139.0895 0096607 326.5376  32.9725 14.27068728986319
1 31336U 99025BQQ 26124.62674116  .00000826  00000+0  26826-3 0  9991
2 31336  98.4404 182.7784 0093422  51.7549 101.0428 14.39006212998454
1 31338U 99025BQS 26121.83992460  .00004943  00000+0  21796-2 0  9992
2 31338  98.7128 325.1416 0073542  65.5035 295.3789 14.22349899656485
1 31339U 99025BQT 26124.51273735  .00001267  00000+0  68975-3 0  9995
2 31339  98.7041 142.2127 0072483 278.5482  80.7482 14.12669257976935
1 31341U 99025BQV 26124.13419678  .00004099  00000+0  95040-3 0  9993
2 31341  99.5379 190.2757 0050766 283.0301 106.5341 14.54933338996881
1 31342U 99025BQW 26121.64601354  .00000262  00000+0  98111-4 0  9992
2 31342  98.9572  88.3790 0112067 167.6743 192.7224 14.36913922999005
1 31345U 99025BQZ 26123.25692082  .00002845  00000+0  15120-2 0  9998
2 31345  98.0856 128.4882 0069600  33.4566 327.0977 14.12945758975007
1 31346U 99025BRA 26124.26146201  .00013583  00000+0  61359-3 0  9995
2 31346  98.8771 119.6632 0096192 259.5403  99.4975 15.16998147 16429
1 31348U 99025BRC 26123.38582738  .00003723  00000+0  13114-2 0  9998
2 31348  99.1380  87.3040 0034544  16.7999 133.7204 14.35130031982802
1 31350U 99025BRE 26118.24229759  .00001247  00000+0  44032-3 0  9994
2 31350  98.9720 300.5052 0067186  85.8332 275.0527 14.35289692722111
1 31351U 99025BRF 26118.92455711  .00000388  00000+0  24732-3 0  9999
2 31351  98.8096 107.1023 0093340  25.8929 334.6868 14.07120352633042
1 31357U 99025BRM 26124.59035095  .00000017  00000+0  28658-4 0  9995
2 31357  98.5914 156.2969 0048882 239.5699 273.8626 14.18545068987299
1 31361U 99025BRR 26124.39552131  .00000194  00000+0  11437-3 0  9995
2 31361  98.5709  99.5759 0045528  20.4699 339.8288 14.17831932985857
1 31362U 99025BRS 26123.94142822  .00000246  00000+0  14244-3 0  9995
2 31362  98.6617 119.6369 0019161  50.2186 310.0673 14.17484246985901
1 31364U 99025BRU 26124.62712596  .00005186  00000+0  25277-2 0  9999
2 31364  99.2667 254.8108 0093340 107.1927 253.9489 14.16284543968980
1 31365U 99025BRV 26124.21760993  .00005226  00000+0  15336-2 0  9999
2 31365  98.6663 216.6830 0042613 153.9183 206.4166 14.43714431986831
1 31367U 99025BRX 26124.19080012  .00001474  00000+0  38633-3 0  9992
2 31367  98.7365  28.2665 0097017 307.4394 208.6240 14.48130601  5075
1 31369U 99025BRZ 26124.70087624  .00000373  00000+0  19433-3 0  9991
2 31369  98.6359 107.2971 0053969 245.7603 288.6740 14.19585813663555
1 31370U 99025BSA 26122.92513782  .00000539  00000+0  32888-3 0  9997
2 31370  98.7584 124.1325 0032692 256.9348 102.8173 14.09896351982832
1 31371U 99025BSB 26123.31483163  .00001114  00000+0  70123-3 0  9995
2 31371  98.7468 156.3627 0077663 208.6380 151.0512 14.04867032977345
1 31372U 99025BSC 26122.95703090  .00003196  00000+0  13070-2 0  9998
2 31372  99.3780 129.1267 0033673  35.3687 324.9716 14.27725062978659
1 31374U 99025BSE 26119.19589272  .00005170  00000+0  16116-2 0  9994
2 31374  99.6268 271.5079 0138033 310.2582  48.6595 14.36046081980243
1 31376U 99025BSG 26124.75048000  .00007389  00000+0  13704-2 0  9997
2 31376  98.8371  56.0999 0046535 184.7224 175.3544 14.64872507  2316
1 31378U 99025BSJ 26124.00950896  .00000693  00000+0  64437-3 0  9993
2 31378 100.7496  37.2487 0167819 199.4888 159.9792 13.80355598961860
1 31381U 99025BSM 26119.50065377  .00000950  00000+0  26748-3 0  9996
2 31381  98.4788 206.1576 0195767 340.8359  18.5534 14.37650673993791
1 31383U 99025BSP 26124.14637228  .00000740  00000+0  45531-3 0  9992
2 31383  99.0489 191.0899 0106775 280.9756 105.8510 14.06034598973705
1 31384U 99025BSQ 26124.84472078  .00006732  00000+0  26752-2 0  9990
2 31384  98.4714  82.8994 0435337   7.4933  20.1357 13.87779811950087
1 31385U 99025BSR 26123.75842562  .00000356  00000+0  10762-3 0  9990
2 31385  98.9494 226.2964 0133138 353.1852 160.0463 14.44211807  6651
1 31386U 99025BSS 26124.49614042  .00001956  00000+0  14735-2 0  9993
2 31386  98.4358 130.5129 0194241 252.0102 105.9803 13.86838489958404
1 31387U 99025BST 26124.65084060  .00000415  00000+0  18482-3 0  9996
2 31387  99.1512  11.7317 0241933 128.9340 233.3670 14.13746166983160
1 31388U 99025BSU 26124.24394853  .00000225  00000+0  15754-3 0  9994
2 31388  98.8187 113.7032 0047309 159.7356 215.7145 14.07507571984465
1 31389U 99025BSV 26124.48853152  .00018097  00000+0  31203-2 0  9995
2 31389  99.0442 308.9375 0027611 109.0623 278.6158 14.68306667985878
1 31410U 99025BSW 26123.42502667  .00002613  00000+0  70045-3 0  9990
2 31410  98.8518 295.8706 0108939 222.2658 169.9824 14.45647272997987
1 31411U 99025BSX 26123.41565378  .00000997  00000+0  39515-3 0  9998
2 31411  98.6461 188.5319 0101253 199.8337 175.8568 14.28292122965028
1 31412U 99025BSY 26114.78254342  .00001557  00000+0  86849-3 0  9990
2 31412  98.5581  57.2225 0081820 316.7970  42.6802 14.10639935628676
1 31415U 99025BTB 26115.17446675  .00003041  00000+0  11359-2 0  9992
2 31415  99.6580  86.8308 0063548  55.6409 305.0760 14.31612621647398
1 31416U 99025BTC 26124.62100687  .00000870  00000+0  25892-3 0  9998
2 31416  99.0271 187.9732 0133218 188.8400 171.0440 14.40962419675778
1 31420U 99025BTG 26124.45446152  .00000931  00000+0  27026-3 0  9993
2 31420  97.5452  10.9292 0133473 248.2970 293.5937 14.41334551670495
1 31422U 99025BTJ 26123.21966758  .00000552  00000+0  33695-3 0  9995
2 31422  98.7661 121.4596 0033112 259.5275 161.0069 14.09810576976550
1 31423U 99025BTK 26124.67630395  .00000228  00000+0  11902-3 0  9999
2 31423  98.6011 107.0549 0037148 138.7845 221.6149 14.23077960990018
1 31424U 99025BTL 26124.07447014  .00000161  00000+0  11252-3 0  9992
2 31424  98.4581 164.4573 0094439  60.8196 300.2383 14.08477913651746
1 31426U 99025BTN 26123.88053958  .00005026  00000+0  26341-2 0  9991
2 31426  98.5938 275.9900 0323653 153.7531   4.0253 13.91029755955486
1 31427U 99025BTP 26124.58021117  .00010402  00000+0  20488-2 0  9992
2 31427  98.6752 245.2877 0027864 297.0145  62.8211 14.62492102989665
1 31428U 99025BTQ 26124.72841934  .00002391  00000+0  71245-3 0  9992
2 31428  99.0530 109.7863 0064356  91.3727  87.2816 14.42897138995713
1 31429U 99025BTR 26123.42061076  .00001753  00000+0  79401-3 0  9993
2 31429  98.6688 175.3258 0013775  17.0095 358.4826 14.23189442979685
1 31430U 99025BTS 26124.46865910  .00001687  00000+0  71916-3 0  9998
2 31430  98.7263 192.0406 0025499 348.2650  27.2072 14.26281194981520
1 31431U 99025BTT 26116.65305422  .00001629  00000+0  97789-3 0  9990
2 31431  98.5337   1.6476 0134979  75.7605 285.8512 14.03728497964247
1 31433U 99025BTV 26124.67926186  .00005170  00000+0  20318-2 0  9997
2 31433  98.4059  27.5180 0096913 331.5484  57.6348 14.27137835975904
1 31435U 99025BTX 26123.97787322  .00000837  00000+0  18456-3 0  9994
2 31435  99.0454 312.0841 0149421 111.5419 250.1776 14.53729644  3793
1 31436U 99025BTY 26123.63096294  .00092607  00000+0  50380-2 0  9996
2 31436  98.8759   2.2965 0031418 131.9716 283.0814 15.13622205990083
1 31437U 99025BTZ 26122.69325291  .00006754  00000+0  19539-2 0  9993
2 31437  98.8560 214.4670 0015869 186.2797 173.8196 14.44769422985447
1 31439U 99025BUB 26117.79253084  .00000653  00000+0  46894-3 0  9997
2 31439  98.9167 124.4978 0138161 147.1811  30.7439 13.95900633651300
1 31440U 99025BUC 26123.70159868  .00004833  00000+0  15922-2 0  9993
2 31440  98.7395 219.0460 0035807 277.9076  81.8047 14.38245502983651
1 31441U 99025BUD 26122.47010054  .00040180  00000+0  40193-2 0  9993
2 31441  99.2997  13.0677 0076089 254.2653 105.0157 14.89132609661758
1 31442U 99025BUE 26123.48405081  .00000794  00000+0  28858-3 0  9996
2 31442  98.5192 212.4838 0077542 312.3230  47.1402 14.34280190993929
1 31443U 99025BUF 26123.61008561  .00004382  00000+0  90370-3 0  9999
2 31443  99.2145 241.2005 0186341  35.7254 325.6241 14.50663578689977
1 31444U 99025BUG 26124.10498512  .00020847  00000+0  29832-2 0  9992
2 31444  98.9357  85.2121 0054560 352.4890   7.5493 14.75608113995848
1 31447U 99025BUK 26124.39090201  .00000268  00000+0  10671-3 0  9996
2 31447  98.9697 173.8895 0228880 304.2561  53.7127 14.24207852668829
1 31448U 99025BUL 26123.29412003  .00001418  00000+0  57364-3 0  9991
2 31448  98.4947 135.8211 0059852 147.8988 212.5861 14.28325993663240
1 31449U 99025BUM 26124.40631231  .00000440  00000+0  15564-3 0  9992
2 31449  98.5310 186.2023 0144371 205.7092 153.6868 14.33903728996816
1 31451U 99025BUP 26124.36617194  .00000480  00000+0  27514-3 0  9994
2 31451  98.7416 168.4506 0032022 164.8023 259.8967 14.13822163980255
1 31452U 99025BUQ 26124.42883314  .00000547  00000+0  29972-3 0  9995
2 31452  98.6720 112.3480 0041488  80.6663 279.9199 14.15394616982243
1 31455U 99025BUT 26124.17453215  .00000605  00000+0  28552-3 0  9991
2 31455  98.5889 111.3321 0217524   4.8979 355.4252 14.11621206981139
1 31456U 99025BUU 26124.55105065  .00002256  00000+0  66564-3 0  9990
2 31456  98.5790 232.7908 0066636 244.4470 114.9821 14.43293476995262
1 31459U 99025BUX 26118.47473194  .00005395  00000+0  14549-2 0  9990
2 31459  98.1705  26.5849 0094113  75.7883 285.3741 14.45665341665325
1 31462U 99025BVA 26124.80828917  .00000469  00000+0  27180-3 0  9998
2 31462  98.6791 143.9901 0032986 155.9868  19.0714 14.13196247978762
1 31463U 99025BVB 26122.24063366  .00001820  00000+0  48509-3 0  9994
2 31463  99.0934 116.9157 0211297 347.9988  11.6206 14.37469666667381
1 31464U 99025BVC 26124.41824365  .00000416  00000+0  24588-3 0  9991
2 31464  98.7704 173.4200 0043803 196.1162 180.3025 14.12638193966947
1 31466U 99025BVE 26122.55776500  .00000269  00000+0  10169-3 0  9999
2 31466  99.0997  61.2690 0298164 267.9336  88.7674 14.18692485983250
1 31467U 99025BVF 26115.40921285  .00002603  00000+0  16056-2 0  9992
2 31467  98.5724 340.6639 0152771 348.1126  11.6450 14.00626498 16180
1 31468U 99025BVG 26123.24918812  .00002019  00000+0  47572-3 0  9995
2 31468  98.1769 119.5116 0166391  94.4402 267.5820 14.47200075694185
1 31473U 99025BVM 26119.05751925  .00002759  00000+0  10461-2 0  9992
2 31473  98.5279 154.5821 0062688 331.3022  57.7486 14.30814669714843
1 31474U 99025BVN 26123.85913661  .00002507  00000+0  13791-2 0  9993
2 31474  99.1330 177.1793 0072361 167.1272 193.1767 14.11267735969742
1 31475U 99025BVP 26123.97954047  .00003272  00000+0  83032-3 0  9996
2 31475  98.9277  23.5931 0209893  47.4703 314.3997 14.39125528981243
1 31476U 99025BVQ 26124.15241802  .00002329  00000+0  10391-2 0  9995
2 31476  98.8845 203.9261 0052885 122.7289 237.9002 14.22992962977245
1 31477U 99025BVR 26124.69405735  .00000484  00000+0  32227-3 0  9995
2 31477  98.8981 116.1345 0109384 350.7367   9.1780 14.03035059974087
1 31480U 99025BVU 26124.50981847  .00004372  00000+0  21789-2 0  9992
2 31480  98.3348 326.4207 0339608 183.7319 176.1301 13.91440687953805
1 31482U 99025BVW 26121.95895690  .00001344  00000+0  45479-3 0  9999
2 31482  98.3839 127.0113 0087865 222.7131 166.9104 14.36260454991424
1 31483U 99025BVX 26124.80661184  .00002487  00000+0  11750-2 0  9999
2 31483 102.5072 137.4811 0118284 223.6374 316.8049 14.17679832967320
1 31484U 99025BVY 26123.94390808  .00015073  00000+0  31624-2 0  9993
2 31484 101.8118 123.3128 0072074 125.2571 235.5386 14.58186611663058
1 31485U 99025BVZ 26123.86872222  .00002564  00000+0  26365-2 0  9997
2 31485 102.7167 352.5724 0448149  11.4494 349.6428 13.40856029923499
1 31487U 99025BWB 26124.58338874  .00001220  00000+0  85115-3 0  9996
2 31487 102.4101 347.8184 0120023 323.1186  63.8328 13.98346751964085
1 31491U 99025BWE 26123.05875608  .00002909  00000+0  14213-2 0  9998
2 31491  99.3035  43.3043 0047893 228.5570 131.1485 14.18236718657301
1 31492U 99025BWF 26124.46846293  .00016561  00000+0  22405-2 0  9994
2 31492  98.8601 308.8476 0053475 281.1591  78.3608 14.78087965986101
1 31493U 99025BWG 26121.63186053  .00000958  00000+0  73006-3 0  9999
2 31493 100.1468  85.8326 0117130 166.9612 193.4618 13.93342817618141
1 31495U 99025BWJ 26122.92384847  .00002582  00000+0  10127-2 0  9994
2 31495  99.1099   7.6481 0026658 126.8820 233.4809 14.30129423654082
1 31497U 99025BWL 26123.72393117  .00000437  00000+0  13327-3 0  9998
2 31497  98.3867 109.1583 0166122 276.3784 266.5355 14.39462235995979
1 31498U 99025BWM 26124.34736535  .00001846  00000+0  15759-2 0  9998
2 31498  98.4955  85.6909 0219408 119.2213 243.1078 13.77705370946977
1 31503U 99025BWS 26123.94784269  .00001590  00000+0  71860-3 0  9999
2 31503 100.0902  15.6805 0049067 151.0621 209.3289 14.23201714662690
1 31507U 99025BWW 26124.58583005  .00001660  00000+0  38119-3 0  9997
2 31507  98.1740 158.3688 0115357 358.3508 152.6492 14.52802838   910
1 31508U 99025BWX 26124.28136793  .00012892  00000+0  22764-2 0  9990
2 31508  98.6339 244.8242 0030495 240.8820 118.9329 14.67278476990113
1 31509U 99025BWY 26124.79108748  .00003714  00000+0  23406-2 0  9993
2 31509  99.0284 246.0927 0196937 186.1650 173.7085 13.95754670959577
1 31510U 99025BWZ 26121.78053182  .00000953  00000+0  42345-3 0  9998
2 31510  98.5584 122.4269 0035845 282.2948 255.7705 14.24913475984818
1 31511U 99025BXA 26123.33729383  .00001682  00000+0  64417-3 0  9999
2 31511  99.0769 302.5886 0108327 176.1027 184.1022 14.28805758978224
1 31512U 99025BXB 26124.49757519  .00001870  00000+0  49097-3 0  9996
2 31512  98.7946  29.8240 0144002  80.5640  98.4241 14.44438168675623
1 31513U 99025BXC 26120.74266160  .00004290  00000+0  15392-2 0  9997
2 31513  98.8589 225.7004 0028570  82.2740 278.1687 14.34200249748600
1 31514U 99025BXD 26124.73505845  .00002765  00000+0  12527-2 0  9999
2 31514  99.2447  37.2092 0055456  69.2605 291.4502 14.22006816713562
1 31516U 99025BXF 26124.15051017  .00001052  00000+0  41216-3 0  9990
2 31516  98.8442 246.2042 0148627 185.7195 299.7265 14.25726096985214
1 31519U 99025BXJ 26124.23540620  .00000652  00000+0  29991-3 0  9996
2 31519  98.5795 122.2453 0052623 186.3376 173.7144 14.23712709667928
1 31522U 99025BXM 26124.76529520  .00000977  00000+0  63602-3 0  9991
2 31522  98.6976 141.9955 0044052 158.2417 202.0635 14.04256611970034
1 31523U 99025BXN 26123.62943294  .00000000  00000+0  22389-4 0  9999
2 31523  98.7306 173.0953 0039377  67.0182  84.2444 14.13874624980126
1 31524U 99025BXP 26116.47386635  .00000392  00000+0  18343-3 0  9993
2 31524  99.2659   5.8046 0277968 108.6144  66.0942 14.07467716650464
1 31527U 99025BXS 26122.37908608  .00000356  00000+0  54520-3 0  9999
2 31527  98.9120 272.8454 0447891 317.2646  39.4443 13.23536067920502
1 31531U 99025BXW 26122.86596081  .00002183  00000+0  54384-3 0  9994
2 31531  98.3608 168.8162 0241777 206.3300 152.5433 14.36560880659603
1 31533U 99025BXY 26121.97945612  .00000659  00000+0  27902-3 0  9997
2 31533  98.9493  22.6187 0064358 303.3430  56.1599 14.27901795681248
1 31536U 99025BYB 26124.46593382  .00010676  00000+0  13495-2 0  9991
2 31536  98.2315  35.1534 0285905  62.6240 300.3742 14.57209389983342
1 31537U 99025BYC 26123.71936483  .00006214  00000+0  15220-2 0  9993
2 31537  99.3052 290.0021 0334845 279.8666  76.4868 14.24054810953009
1 31538U 99025BYD 26116.40741733  .00408266  00000+0  89576-2 0  9992
2 31538  98.2354   2.1417 0011672 162.1162 198.0496 15.42413277690462
1 31540U 99025BYF 26117.22581650  .00005548  00000+0  79983-3 0  9994
2 31540  99.0705 295.8108 0171806 244.1982 114.1408 14.67164329  2724
1 31541U 99025BYG 26123.71733124  .00007326  00000+0  11514-2 0  9992
2 31541  98.9961 285.4423 0076564 159.7982 200.6280 14.70938421  5018
1 31542U 99025BYH 26124.61220044  .00002301  00000+0  10170-2 0  9990
2 31542  98.7142 182.3466 0048200 153.1456 207.2233 14.23585307979728
1 31544U 99025BYK 26122.42853677  .00001155  00000+0  61975-3 0  9999
2 31544  98.8092 176.9676 0031630 226.7568 133.0965 14.14719702977462
1 31546U 99025BYM 26124.61236347  .00003219  00000+0  15474-2 0  9998
2 31546  98.2284 187.9516 0144738  84.5842 277.1824 14.14089195968072
1 31547U 99025BYN 26124.07718926  .00002814  00000+0  12275-2 0  9993
2 31547  99.0724 177.4067 0052981 203.3332 156.5440 14.24016977660420
1 31550U 99025BYR 26124.24140339  .00001017  00000+0  26909-3 0  9997
2 31550  98.3163 124.8074 0188869 202.6321 156.6460 14.40924024675060
1 31552U 99025BYT 26124.30096481  .00007576  00000+0  19084-2 0  9995
2 31552  98.6234 253.9351 0080325 310.1855  49.2325 14.49497716979393
1 31553U 99025BYU 26124.11877219  .00003242  00000+0  12336-2 0  9990
2 31553  98.9891 188.8223 0028755  49.0371 341.2443 14.31433493979467
1 31554U 99025BYV 26124.37288251  .00009160  00000+0  20910-2 0  9993
2 31554  98.9135 272.4191 0033215 307.4983  52.3194 14.55663256669298
1 31555U 99025BYW 26122.17870349  .00005355  00000+0  13078-2 0  9994
2 31555  99.1164  91.5667 0151274 139.3034 221.9576 14.46331570985927
1 31558U 99025BYZ 26124.70939110  .00000473  00000+0  13240-3 0  9998
2 31558  98.7804  28.6342 0210575 197.8284 182.0510 14.38988025994911
1 31559U 99025BZA 26124.86561310  .00005880  00000+0  10599-2 0  9999
2 31559  98.8785  95.1335 0054980 111.6978 279.5521 14.65960819996526
1 31560U 99025BZB 26123.83677915  .00000058  00000+0  43344-4 0  9994
2 31560  98.5666 160.9505 0119607 256.0952 102.6898 14.21264686986373
1 31561U 99025BZC 26123.91777244  .00000867  00000+0  57698-3 0  9994
2 31561  98.7254 119.0043 0056995 144.6249 246.0784 14.02968660971724
1 31562U 99025BZD 26122.24932922  .00002763  00000+0  82525-3 0  9990
2 31562  99.2733 290.8629 0055987 229.2905 130.3412 14.42981003990162
1 31563U 99025BZE 26123.21773992  .00002282  00000+0  38627-3 0  9999
2 31563  98.9683 294.5194 0110996   3.5240 356.6718 14.66507697  6011
1 31565U 99025BZG 26123.48555380  .00009954  00000+0  29931-2 0  9999
2 31565 100.7181  36.0844 0054338 351.5593   8.4670 14.42039906663940
1 31566U 99025BZH 26124.42160039  .00004296  00000+0  13987-2 0  9996
2 31566  98.9365 194.2197 0021882 290.8689 202.7122 14.39149772984429
1 31567U 99025BZJ 26123.03128037  .00005925  00000+0  39178-2 0  9995
2 31567 102.3172  41.0767 0185066 329.4539  29.5934 13.94172516693779
1 31568U 99025BZK 26124.56703359  .00003688  00000+0  21874-2 0  9999
2 31568 102.0508  57.7432 0123951 124.5944 236.6977 14.04740419965845
1 31569U 99025BZL 26124.55399874  .00002735  00000+0  17753-2 0  9995
2 31569 102.6153 339.0843 0175036  26.6724   2.6198 13.96781725956727
1 31570U 99025BZM 26121.54284560  .00009739  00000+0  35666-2 0  9992
2 31570 102.5679 225.6581 0144716 232.6817 126.1087 14.27534349653606
1 31608U 99025BZN 26124.16951128  .00004818  00000+0  44101-3 0  9994
2 31608  98.3933 255.3003 0137883 295.8966  62.8090 14.88498322  7313
1 31609U 99025BZP 26123.58158285  .00003696  00000+0  17928-2 0  9992
2 31609  99.1977 161.9419 0089452 278.9238 234.5547 14.16935012680928
1 31613U 99025BZT 26122.94342242  .00001640  00000+0  14067-2 0  9992
2 31613  98.4370 296.5076 0344565  92.1507 271.9129 13.63938892936868
1 31615U 99025BZV 26123.90168463  .00009250  00000+0  26318-2 0  9999
2 31615  99.1392 189.1822 0155849 260.0033  98.3534 14.38661113673202
1 31618U 99025BZY 26123.71874501  .00000562  00000+0  24931-3 0  9995
2 31618  99.4633 281.6116 0155944 285.1945  73.2031 14.21316095722810
1 31619U 99025BZZ 26124.56736206  .00069330  00000+0  48252-2 0  9998
2 31619  99.0593 344.2840 0065266 192.1822 167.7824 15.03431054656224
1 31620U 99025CAA 26123.99283281  .00005227  00000+0  16950-2 0  9991
2 31620  98.8784 217.9238 0018072 342.6194  17.4372 14.39280328678899
1 31622U 99025CAC 26124.74420166  .00005115  00000+0  16722-2 0  9995
2 31622  98.8139 228.2063 0013902 273.8167 241.7381 14.38924990978274
1 31623U 99025CAD 26117.79421971  .00000338  00000+0  29486-3 0  9992
2 31623  97.6264 308.7344 0193654 346.7685  12.8435 13.82731896598000
1 31625U 99025CAF 26124.51821147  .00000493  00000+0  10959-3 0  9998
2 31625  98.7981 223.2366 0147302 300.8000  69.8441 14.55710387  4426
1 31627U 99025CAH 26110.87448759  .00002147  00000+0  73538-3 0  9998
2 31627  98.5118 162.3141 0052573 130.0665 230.5149 14.36439082666208
1 31628U 99025CAJ 26123.49103508  .00001939  00000+0  15245-2 0  9999
2 31628 102.2688  27.1645 0165567 241.4782 116.9607 13.87561581952654
1 31629U 99025CAK 26124.71717832  .00003908  00000+0  19104-2 0  9993
2 31629 102.1277 226.5833 0101826  28.9511 331.7247 14.16192017964699
1 31630U 99025CAL 26122.75529388  .00019154  00000+0  83668-3 0  9991
2 31630  98.0991 303.2626 0146612 238.5791 120.1033 15.12901344  7049
1 31631U 99025CAM 26124.56858275  .00085049  00000+0  80441-2 0  9994
2 31631  99.3361  63.9341 0028654 234.7094 125.1439 14.92931182660879
1 31634U 99025CAQ 26124.60555994  .00000144  00000+0  13642-3 0  9997
2 31634  99.3432 178.0356 0092467 130.8585 230.0636 13.94801755585154
1 31639U 99025CAV 26124.10260220  .00000140  00000+0  14194-3 0  9991
2 31639  98.7616  65.6251 0161998 118.5535 261.0523 13.85228181956590
1 31642U 99025CAY 26123.52119885  .00000939  00000+0  32748-3 0  9991
2 31642  98.4897 208.1840 0119459 195.7375 164.0084 14.33703693990507
1 31644U 99025CBA 26121.96754134  .00005920  00000+0  83996-3 0  9997
2 31644  98.6610  25.2580 0151329 105.3730 271.1378 14.69774418731036
1 31646U 99025CBC 26123.30857056  .00000716  00000+0  39420-3 0  9997
2 31646  98.6763 147.3861 0033899 169.0803 191.1114 14.14405830651921
1 31648U 99025CBE 26113.51016627  .00002646  00000+0  13400-2 0  9995
2 31648 102.7891 358.4646 0042832 195.4073 164.5784 14.17128339737636
1 31655U 99025CBM 26123.32365720  .00003301  00000+0  30999-2 0  9995
2 31655  99.2833  68.1614 0289020 131.5101  19.9183 13.65091906616504
1 31656U 99025CBN 26124.00824693  .00006721  00000+0  17649-2 0  9997
2 31656  99.1970 130.2835 0020327 356.0822  27.9200 14.49404372985156
1 31657U 99025CBP 26124.14194695  .00004169  00000+0  26931-2 0  9993
2 31657 102.2147  80.0909 0148032  68.2330 293.4501 13.98492803648545
1 31658U 99025CBQ 26124.49652464  .00003524  00000+0  19971-2 0  9995
2 31658  98.1486 323.1910 0209807 278.6372  79.1078 14.00128401718134
1 31660U 99025CBS 26123.20905824  .00001186  00000+0  47157-3 0  9997
2 31660  98.5093 125.8169 0102499 125.7454 235.3313 14.27619631 99342
1 31661U 99025CBT 26124.18231591  .00003330  00000+0  13748-2 0  9990
2 31661  98.8494 209.7471 0060047 171.3889 219.0468 14.26473137977433
1 31663U 99025CBV 26124.52574529  .00001617  00000+0  17773-3 0  9990
2 31663  98.8397  50.9724 0188937 147.8789 213.4098 14.77211814 13818
1 31664U 99025CBW 26122.26911156  .00000621  00000+0  34604-3 0  9997
2 31664  98.7644 115.1953 0125505 120.0530 241.3158 14.10521110979829
1 31665U 99025CBX 26124.54870163  .00001448  00000+0  11375-2 0  9990
2 31665  98.4340 158.4029 0189019 155.0192 206.0261 13.85258885951680
1 31666U 99025CBY 26124.40647553  .00033444  00000+0  30405-2 0  9997
2 31666  98.6601 291.4440 0019491  50.5294 309.7644 14.94998223993956
1 31667U 99025CBZ 26124.37251521  .00000388  00000+0  18789-3 0  9993
2 31667  99.0716 345.9290 0051605  39.5862 320.9066 14.23681228580229
1 31672U 99025CCE 26124.30496980  .00004409  00000+0  10067-2 0  9990
2 31672  98.9540 326.4170 0102044 272.1786  86.7726 14.53162569669406
1 31673U 99025CCF 26123.02726181  .00000455  00000+0  17309-3 0  9992
2 31673  99.3669 333.8101 0124851   2.3343 357.8395 14.32166667669136
1 31674U 99025CCG 26123.87071485  .00009876  00000+0  22883-2 0  9994
2 31674  98.9165 174.3805 0024130 210.4344 149.5452 14.55106089666790
1 31678U 99025CCL 26124.13512293  .00002997  00000+0  45975-3 0  9990
2 31678  98.8078 245.8862 0249736 314.6030  43.5027 14.55678105989098
1 31680U 99025CCN 26119.89805388  .00045153  00000+0  11877-2 0  9994
2 31680  99.8461 277.0179 0059755 193.2828 166.6838 15.36598995 22859
1 31685U 99025CCT 26124.52075742  .00000045  00000+0  49543-4 0  9992
2 31685  98.7159 149.3600 0016650 180.0040 180.1134 14.09710851971010
1 31686U 99025CCU 26120.16243448  .00006274  00000+0  51469-3 0  9998
2 31686  98.1311 197.4030 0272791   7.3781  22.3214 14.74849521998574
1 31688U 99025CCW 26124.59964436  .00000198  00000+0  15288-3 0  9996
2 31688  98.9373 181.1754 0075659 105.0688 255.8865 14.02374103972804
1 31691U 99025CCZ 26123.99413685  .00004625  00000+0  18581-2 0  9995
2 31691  98.8761 217.5026 0060929 186.1765 173.8671 14.27639407661407
1 31692U 99025CDA 26121.95542088  .00006104  00000+0  27741-2 0  9992
2 31692  99.1783 128.4631 0088060  46.3358 314.5073 14.20100793601980
1 31695U 99025CDD 26123.98592767  .00013505  00000+0  15194-2 0  9991
2 31695  98.2532 216.3492 0167539 134.4643 227.0410 14.77089307680699
1 31714U 99025CDM 26120.05387299  .00193574  00000+0  87360-2 0  9999
2 31714  99.0296  47.6112 0012482 157.1992 218.1589 15.20040074981257
1 31715U 99025CDN 26124.03998790  .00003547  00000+0  69078-3 0  9993
2 31715  99.2875 333.2135 0184307  54.6980 307.1295 14.53517362637835
1 31716U 99025CDP 26124.18384314  .00001925  00000+0  11439-2 0  9996
2 31716  98.5472  19.8533 0131981  50.8166 100.6100 14.04289478961183
1 31720U 99025CDT 26124.26098869  .00006203  00000+0  88785-3 0  9990
2 31720  99.0523  57.3467 0097142  42.0416 318.8191 14.73807383  3182
1 31721U 99025CDU 26123.46619825  .00000442  00000+0  36178-3 0  9991
2 31721  99.7969 111.6944 0317071 177.3397 336.1967 13.73998256693328
1 31724U 99025CDX 26124.26234622  .00006172  00000+0  13044-2 0  9993
2 31724  97.8539 125.9639 0144160 158.7867 201.9391 14.53291461665595
1 31725U 99025CDY 26124.35333846  .00000886  00000+0  14832-2 0  9994
2 31725  99.1765 320.7848 0688972  14.5120 347.4715 12.79590584883057
1 31727U 99025CEA 26122.58456082  .00005409  00000+0  17546-2 0  9998
2 31727  98.8692 244.1308 0029096 282.5439 141.9881 14.39097944736935
1 31731U 99025CEE 26123.63476282  .00004737  00000+0  14612-2 0  9998
2 31731  99.2942 189.2583 0011333  50.8099 309.4092 14.41879871978742
1 31732U 99025CEF 26123.35157361  .00000472  00000+0  27607-3 0  9993
2 31732  98.5530 156.8483 0040046 199.5299 160.4342 14.12437530663297
1 31734U 99025CEH 26119.25184852  .00000991  00000+0  38411-3 0  9995
2 31734  98.5063 113.0403 0102133 322.9235  36.4920 14.29354853984154
1 31735U 99025CEJ 26124.54710031  .00003403  00000+0  99967-3 0  9992
2 31735  98.5818 233.8244 0058900 212.8380 146.9144 14.43428138987249
1 31736U 99025CEK 26124.75365412  .00000199  00000+0  12637-3 0  9993
2 31736  98.6812 127.6211 0011743 188.6891 171.4081 14.14276372660868
1 31737U 99025CEL 26124.04175343  .00002259  00000+0  32973-3 0  9992
2 31737  97.8969 158.1266 0143988 281.0942 108.8988 14.69947577  2901
1 31738U 99025CEM 26123.90973346  .00002074  00000+0  12786-2 0  9990
2 31738  99.3450 196.0458 0306680  80.6149 282.9537 13.85735605642267
1 31739U 99025CEN 26124.41431052  .00000137  00000+0  79365-4 0  9997
2 31739  98.7215 182.7772 0127768  28.2638 332.5394 14.19289558975104
1 31740U 99025CEP 26109.29940650  .00002600  00000+0  78458-3 0  9995
2 31740  99.8265 304.9388 0024899  62.1312 117.2451 14.43345818669146
1 31742U 99025CER 26124.35166376  .00001255  00000+0  39795-3 0  9992
2 31742  98.9050 355.0039 0074396 267.0234  92.2437 14.40380699987025
1 31743U 99025CES 26124.33557532  .00003297  00000+0  12208-2 0  9996
2 31743  99.1525  64.9020 0038627 161.4502 351.0556 14.32627235976818
1 31744U 99025CET 26124.04134576  .00003672  00000+0  11125-2 0  9998
2 31744  99.3113 247.0506 0306808   2.6478 357.6235 14.19148525966319
1 31746U 99025CEV 26123.81850023  .00030266  00000+0  34624-2 0  9994
2 31746  98.5960 261.5354 0020033 114.9338 245.3960 14.85781284991313
1 31752U 99025CFB 26119.48521956  .00001707  00000+0  79335-3 0  9996
2 31752  98.9620 193.4936 0351799 315.9477  41.4139 13.94032407955092
1 31753U 99025CFC 26124.05392241  .00000503  00000+0  23071-3 0  9998
2 31753  98.6116 158.3279 0159933 123.6274 267.7748 14.18819886980374
1 31754U 99025CFD 26124.15147949  .00002432  00000+0  72530-3 0  9990
2 31754  99.0540 103.1073 0049747 154.8982 205.4641 14.43320591990431
1 31755U 99025CFE 26115.24161596  .00000612  00000+0  32403-3 0  9998
2 31755  98.7946 108.8605 0188803   5.7144  11.9490 14.08506208655513
1 31757U 99025CFG 26122.76774596  .00000542  00000+0  27631-3 0  9994
2 31757  98.7532 145.8388 0217655  46.2120 315.6828 14.08068331658665
1 31758U 99025CFH 26122.28786336  .00022024  00000+0  34482-2 0  9997
2 31758  98.0582 129.3298 0302369  20.7325 340.5832 14.46468141962296
1 31760U 99025CFK 26124.77366929  .00001579  00000+0  61270-3 0  9996
2 31760  99.2555 236.4876 0053252 145.0419 215.4277 14.30707526981776
1 31761U 99025CFL 26122.89296529  .00005027  00000+0  11731-2 0  9994
2 31761  98.6195 345.3883 0464944 224.2727 132.0364 14.05212411600926
1 31763U 99025CFN 26124.52159792  .00000755  00000+0  47942-3 0  9995
2 31763  98.5186 218.1869 0545603  59.5827 321.5009 13.50760338929335
1 31766U 99025CFR 26124.22516766  .00000155  00000+0  11964-3 0  9992
2 31766  98.8220 123.1875 0073230 251.1308 108.1909 14.05358879660871
1 31767U 99025CFS 26124.57886043 -.00000009  00000+0  20488-4 0  9990
2 31767  98.8029 155.2113 0041498  30.8631 124.1931 14.05039558968315
1 31768U 99025CFT 26124.75903125  .00018399  00000+0  23004-2 0  9997
2 31768  99.0313 220.2206 0023851 247.8082 263.7745 14.82178882989870
1 31772U 99025CFX 26124.71290082  .00002298  00000+0  11588-2 0  9994
2 31772  98.4738  39.4054 0137676  64.3601 297.1721 14.12395210729012
1 31773U 99025CFY 26121.77317141  .00016322  00000+0  22788-2 0  9991
2 31773  98.9494 132.4588 0038744 102.9525 257.6013 14.77230919672391
1 31776U 99025CGB 26123.66134801  .00002513  00000+0  12009-2 0  9996
2 31776  99.0600 191.6396 0051940 290.6696 222.9036 14.19396952968930
1 31779U 99025CGE 26124.58721397  .00000975  00000+0  24010-3 0  9999
2 31779  99.3075  62.3658 0212925 123.8077 238.3584 14.42073755990684
1 31780U 99025CGF 26124.45100525  .00001113  00000+0  16618-3 0  9991
2 31780  99.3017 301.8453 0147627 335.3458  24.0736 14.70358128  5828
1 31781U 99025CGG 26124.23501920  .00005500  00000+0  23804-2 0  9990
2 31781  99.5038 309.2416 0194026 236.1845 122.0722 14.15193819703628
1 31782U 99025CGH 26124.74148763  .00000803  00000+0  27953-3 0  9990
2 31782  98.9203 295.8732 0077950 295.9726  78.6433 14.36640014987440
1 31783U 99025CGJ 26124.81041476  .00000844  00000+0  48606-3 0  9995
2 31783  98.6035 132.0627 0103176   4.2572 171.8221 14.09126576912357
1 31788U 99025CGP 26123.28701051  .00003419  00000+0  30059-2 0  9995
2 31788 102.5643 306.9551 0466273 134.8306  39.2714 13.45993691925082
1 31804U 99025CGS 26111.24082418  .00003348  00000+0  16508-2 0  9990
2 31804  98.2889 275.2835 0139978 131.6041 229.7227 14.13092908654909
1 31805U 99025CGT 26118.66555705  .00005976  00000+0  15521-2 0  9991
2 31805  98.3796  97.6325 0438736 129.5169 234.5653 14.05208578642850
1 31807U 99025CGV 26122.17155147  .00003549  00000+0  81165-3 0  9992
2 31807  99.0943 269.6695 0104645 101.1172 260.1809 14.53066084673448
1 31808U 99025CGW 26124.37018068  .00017397  00000+0  32680-2 0  9990
2 31808  99.1995 332.1685 0037381  66.0676 294.4432 14.64292920596855
1 31810U 99025CGY 26120.31171208  .00003567  00000+0  75395-3 0  9994
2 31810  98.2602 137.3908 0212653  78.3539 284.1435 14.46705301664179
1 31813U 99025CHB 26124.50869039  .00001527  00000+0  36245-3 0  9993
2 31813  99.4179 225.8432 0134048 270.5679  88.0154 14.50457766993258
1 31814U 99025CHC 26123.39043828  .00000586  00000+0  63298-3 0  9992
2 31814  99.5492 176.6335 0229317 211.5867 147.1341 13.66639132637346
1 31815U 99025CHD 26124.21329522 -.00000026  00000+0  95086-5 0  9995
2 31815  98.7832 112.1230 0058428 339.1195  20.7591 14.10312929975473
1 31816U 99025CHE 26124.79228675  .00001572  00000+0  11340-2 0  9990
2 31816  98.9905 240.2673 0122600 123.1740  28.9227 13.94611746956871
1 31817U 99025CHF 26122.77081364  .00006593  00000+0  11326-2 0  9991
2 31817  98.9186 136.4399 0058855   1.8142 358.3263 14.67903366734734
1 31819U 99025CHH 26124.70916532  .00000642  00000+0  25306-3 0  9995
2 31819  98.4853 117.4400 0085702 257.9924 101.1643 14.30474384987376
1 31820U 99025CHJ 26115.29119583  .00010966  00000+0  79572-3 0  9996
2 31820  98.9653 310.1663 0136886 301.3898  57.3989 14.96837481  2116
1 31821U 99025CHK 26124.40584211  .00018799  00000+0  39199-2 0  9996
2 31821  98.1554   8.7838 0203778 300.1760  57.9385 14.47725488957218
1 31823U 99025CHM 26124.05626475  .00004317  00000+0  73714-3 0  9991
2 31823  99.5094 237.9829 0036584 143.1493 217.2233 14.69153446988059
1 31825U 99025CHP 26124.26210390  .00000919  00000+0  38028-3 0  9994
2 31825  98.5953 125.2628 0163691 284.6367  73.6713 14.22067224976478
1 31826U 99025CHQ 26123.72225102  .00000622  00000+0  29124-3 0  9990
2 31826  98.6377 116.2873 0124663 139.5493  37.1347 14.19555834978280
1 31829U 99025CHT 26124.22384024  .00000480  00000+0  38397-3 0  9992
2 31829  98.8523 291.8397 0169792 136.0415  43.4754 13.88835841961252
1 31830U 99025CHU 26124.79915475  .00001903  00000+0  15415-2 0  9992
2 31830  99.1637 231.9410 0181067 291.3968 221.2321 13.84084984947184
1 31834U 99025CHY 26121.83271228  .00000332  00000+0  21066-3 0  9994
2 31834  98.3544 335.8410 0162499  41.2811 320.0511 14.03335766656755
1 31836U 99025CJA 26124.85831731  .00003077  00000+0  16285-2 0  9997
2 31836  98.6221  89.1644 0114031  69.9011 291.4389 14.11117003634210
1 31837U 99025CJB 26124.69145578  .00007295  00000+0  79842-3 0  9992
2 31837  98.0828 207.2167 0087113 272.2076  86.9166 14.85351222  4722
1 31841U 99025CJF 26123.24453961  .00002955  00000+0  12354-2 0  9997
2 31841  98.4326 287.0595 0303195 263.9546 278.1462 14.04930396613259
1 31843U 99025CJH 26119.07585805  .00009564  00000+0  59032-2 0  9995
2 31843  99.2926  53.1537 0634339  14.9595 346.9376 13.35425405665280
1 31844U 99025CJJ 26124.76053696  .00001374  00000+0  63549-3 0  9996
2 31844 100.3042 141.7756 0101326 319.9472  39.4258 14.20311444973623
1 31854U 99025CJU 26124.28292686  .00000552  00000+0  37197-3 0  9995
2 31854  98.8508 128.5908 0073494 103.4329 257.5042 14.03272781712711
1 31857U 99025CJX 26123.18398855  .00001433  00000+0  13704-2 0  9997
2 31857  96.1896 106.4092 0305429 248.2616 108.5770 13.62497496635552
1 31861U 99025CKB 26117.35950978  .00001663  00000+0  18655-2 0  9999
2 31861 102.3369 342.1447 0490635 270.9014  83.5939 13.30899598685719
1 31877U 99025CKC 26124.22594521  .00017474  00000+0  10905-2 0  9995
2 31877  98.9906 222.5132 0096947 173.2435 187.0121 15.05696844 11826
1 31878U 99025CKD 26123.61606187  .00008126  00000+0  80882-3 0  9996
2 31878  99.4526  79.0491 0079540 151.7722 208.7836 14.89618008  1723
1 31879U 99025CKE 26123.67834623  .00001524  00000+0  36314-3 0  9997
2 31879  99.6944  26.8031 0207903 344.9652  14.5414 14.43376211652571
1 31880U 99025CKF 26110.73703476  .00000580  00000+0  48168-3 0  9994
2 31880 100.0403 288.5095 0127726 172.8494 187.4521 13.89646773647714
1 31882U 99025CKH 26124.52583093  .00000907  00000+0  50434-3 0  9991
2 31882  98.9223  51.5549 0035583 178.6546 181.4728 14.13336569606539
1 31883U 99025CKJ 26124.78537712  .00004787  00000+0  73593-3 0  9998
2 31883  99.0348  61.2476 0120519 348.2786  11.5616 14.69279763   633
1 31887U 99025CKN 26124.68882940  .00005447  00000+0  11453-2 0  9997
2 31887  99.5222 202.1267 0020917 298.8817  61.0280 14.59924494986922
1 31888U 99025CKP 26124.55667985  .00004492  00000+0  15710-2 0  9993
2 31888  99.1606  64.4769 0018277 154.4797 205.7293 14.35616602976856
1 31890U 99025CKR 26118.74433202  .00000224  00000+0  14738-3 0  9992
2 31890  98.7143 131.0705 0071820 213.4337 146.2289 14.10197975660832
1 31891U 99025CKS 26122.49980044  .00000463  00000+0  51359-3 0  9996
2 31891  99.3943 138.5424 0224749 179.8031 180.3240 13.66356749943324
1 31892U 99025CKT 26124.24682045  .00001588  00000+0  39970-3 0  9996
2 31892  99.2980 311.6274 0196335 228.3379 130.0856 14.41960217669590
1 31893U 99025CKU 26124.69653073  .00000988  00000+0  16147-3 0  9999
2 31893  99.0906 102.5935 0172671 248.5920 292.3447 14.64389733  4843
1 31895U 99025CKW 26119.80816552  .00002408  00000+0  20928-2 0  9991
2 31895  99.0779 147.4728 0223851 223.2068 135.1332 13.76213424637957
1 31898U 99025CKZ 26124.40115108  .00004494  00000+0  64661-3 0  9995
2 31898  98.6907   3.4914 0141060 133.8211 227.4759 14.70308833678073
1 31899U 99025CLA 26124.53403869  .00001745  00000+0  14346-2 0  9994
2 31899 102.0768 232.6463 0181982 174.5501 185.7679 13.83956617695398
1 31901U 99025CLC 26124.09891876  .00000369  00000+0  28635-3 0  9996
2 31901  98.6234  80.6921 0131874 155.3056 205.4497 13.94227771653911
1 31902U 99025CLD 26124.43508686  .00000630  00000+0  24983-3 0  9992
2 31902  98.5244 104.8196 0181058  93.4252  59.9555 14.23532520668214
1 31903U 99025CLE 26123.97288308  .00002727  00000+0  50185-3 0  9999
2 31903  99.2774 134.5300 0126139 325.4256  33.8785 14.61605420994725
1 31905U 99025CLG 26124.17984269  .00002371  00000+0  70484-3 0  9992
2 31905  99.1658 113.7522 0195131  40.1866 321.3560 14.33794259986655
1 31906U 99025CLH 26124.63757247  .00003871  00000+0  16111-2 0  9990
2 31906  98.6983 261.5235 0051987  64.1454 309.5874 14.26184374971656
1 31910U 99025CLM 26121.78353425  .00005768  00000+0  11096-2 0  9992
2 31910  97.6564 135.1597 0225046  80.8336 281.8243 14.48967846663966
1 31913U 99025CLQ 26124.73969132  .00003511  00000+0  23834-2 0  9998
2 31913  99.2924  51.1578 0185605 286.5207  71.5635 13.92819676578768
1 31914U 99025CLR 26123.61443811  .00000714  00000+0  14200-3 0  9996
2 31914  99.0085   3.0964 0181602 359.9741   0.1415 14.55974461705378
1 31915U 99025CLS 26124.33704821  .00001055  00000+0  52334-3 0  9997
2 31915  98.6214 142.8264 0100167 219.6462 139.7360 14.16697971661264
1 31916U 99025CLT 26124.03376180  .00003298  00000+0  10729-2 0  9990
2 31916  99.3244 225.1274 0143786  45.8000 315.4890 14.33810555665655
1 31917U 99025CLU 26118.22391172  .00001012  00000+0  28572-3 0  9991
2 31917  98.3714 112.5031 0187346 243.7988 130.4796 14.38170319983836
1 31919U 99025CLW 26124.68769740  .00001492  00000+0  40486-3 0  9990
2 31919  99.1226 282.6813 0102454 142.0893 237.7005 14.46225453991477
1 31921U 99025CLY 26124.65492594  .00000845  00000+0  79627-3 0  9990
2 31921  99.3312  19.1233 0200901 249.0806 108.8737 13.75649613942717
1 31922U 99025CLZ 26124.53598243  .00002061  00000+0  16152-2 0  9991
2 31922  98.8178 112.8156 0161195 359.3095 128.2307 13.87204546949961
1 31923U 99025CMA 26118.15042777  .00000867  00000+0  98489-3 0  9995
2 31923  98.4262 197.2836 0297504 308.4144  49.0625 13.55263667654823
1 31924U 99025CMB 26123.35238289  .00001536  00000+0  15183-2 0  9992
2 31924  98.4124 266.8147 0273251  82.1432 281.0637 13.64467548933980
1 31926U 99025CMD 26124.70110447  .00005428  00000+0  20016-2 0  9994
2 31926  98.9536 229.4054 0040259 195.8652 164.1273 14.32484064972733
1 31929U 99025CME 26124.61316914  .00000943  00000+0  33439-3 0  9995
2 31929  98.8093 261.7229 0072681 354.8599   5.1831 14.35398823726952
1 31931U 99025CMG 26124.51322015  .00000433  00000+0  48332-3 0  9998
2 31931  97.8243  48.4051 0421281 258.4007  96.9566 13.42847840671385
1 31934U 99025CMK 26106.93557295  .00060832  00000+0  22398-2 0  9999
2 31934  98.8561 182.2716 0026533 178.2406 181.8927 15.27287356627404
1 31937U 99025CMN 26119.57357848  .00007820  00000+0  83358-3 0  9990
2 31937  99.2551 234.9417 0156472 226.9365 131.8656 14.80604532681079
1 31938U 99025CMP 26124.09952623  .00004548  00000+0  31997-3 0  9992
2 31938  98.9064 180.3882 0145827 325.4438  33.7366 14.97478533 12583
1 31944U 99025CMV 26124.71013443  .00000758  00000+0  39426-3 0  9990
2 31944  99.2213 281.1440 0149941 323.8340  50.4397 14.12227934649282
1 31945U 99025CMW 26124.68774929  .00002759  00000+0  12509-2 0  9995
2 31945  98.9517 208.0694 0059470 236.9002 122.6457 14.21830828972269
1 31946U 99025CMX 26123.89701794  .00002250  00000+0  11019-2 0  9999
2 31946  98.8862 189.0830 0080563   5.3455 354.8561 14.17210070660219
1 31948U 99025CMZ 26122.14594344  .00003269  00000+0  13001-2 0  9993
2 31948  99.3800 198.1833 0021526 343.2239  47.4526 14.29327205970336
1 31949U 99025CNA 26124.19181840  .00000455  00000+0  22773-3 0  9995
2 31949  98.5602 109.3153 0126378 161.7471 198.8302 14.17144404975220
1 31952U 99025CND 26124.81642556  .00002068  00000+0  46127-3 0  9995
2 31952  98.9698 256.9134 0112974 219.4957 139.7964 14.54223555992883
1 31955U 99025CNG 26124.47937521  .00006920  00000+0  12386-2 0  9999
2 31955  99.2719  24.4954 0044194 105.2198  73.1462 14.66574981986476
1 31959U 99025CNL 26123.91420735  .00007525  00000+0  19661-2 0  9990
2 31959  98.5052   0.9017 0029743  83.7384 276.7196 14.49418442664110
1 31964U 99025CNR 26123.10324405  .00010610  00000+0  21023-2 0  9998
2 31964  98.7074 258.8100 0026500 315.0550  44.8504 14.62240634695733
1 31966U 99025CNT 26124.21686358  .00006331  00000+0  10173-2 0  9990
2 31966  99.0323 296.5247 0083388 193.9079 165.9827 14.69693985678342
1 31972U 99025CNZ 26124.07888608  .00000235  00000+0  16266-3 0  9990
2 31972  99.1881 173.3328 0076388 356.2902  34.2180 14.07595829969637
1 31974U 99025CPB 26124.44024992  .00003601  00000+0  13464-2 0  9997
2 31974  98.3735 135.3383 0068290 238.4481 121.0022 14.31108082714628
1 31978U 99025CPF 26119.33834427  .00000792  00000+0  82751-3 0  9999
2 31978  98.3901 260.5451 0263537  46.0871 316.1705 13.63544550934651
1 31979U 99025CPG 26120.01581084  .00002987  00000+0  27082-2 0  9998
2 31979  99.3717 214.1533 0260405 281.6170  75.5858 13.70210158598051
1 31980U 99025CPH 26121.43384846  .00000414  00000+0  54045-3 0  9997
2 31980  97.5914 175.9324 0429272 114.4026 250.2523 13.32302926915301
1 31984U 99025CPM 26120.25299177  .00000616  00000+0  28518-3 0  9992
2 31984  98.5612 125.7691 0063146 183.5481 176.5258 14.23208543963430
1 31985U 99025CPN 26121.98506241  .00000473  00000+0  20226-3 0  9996
2 31985  98.2086  18.9367 0150619 194.3279 165.3607 14.23198593976052
1 31987U 99025CPQ 26124.44619030  .00002901  00000+0  81338-3 0  9992
2 31987  99.0509 112.3716 0052367  94.0316  57.4445 14.46064384984313
1 31988U 99025CPR 26123.38873021  .00003177  00000+0  14411-2 0  9990
2 31988  98.1198 186.4358 0060366 228.9787 130.6165 14.21551797661643
1 31989U 99025CPS 26124.66428631  .00000497  00000+0  38983-3 0  9999
2 31989  99.1890 190.1536 0114952 270.5081 242.9460 13.93820142957087
1 31990U 99025CPT 26123.54353623  .00000174  00000+0  24067-3 0  9995
2 31990  99.1487 141.3996 0260091 181.2514 332.1864 13.57278792646953
1 31991U 99025CPU 26096.84499673  .00000102  00000+0  16290-3 0  9994
2 31991 100.4862 299.3194 0244699 129.6086 232.6934 13.61318074636535
1 31992U 99025CPV 26122.12047876  .00000863  00000+0  97002-3 0  9994
2 31992  99.1837  70.7230 0542281  49.5199 315.1903 13.23221325557318
1 31993U 99025CPW 26124.18381395  .00001858  00000+0  25658-2 0  9992
2 31993  99.2343  86.5659 0422728 148.3667 214.3623 13.27975742908337
1 31994U 99025CPX 26122.22561996 -.00000108  00000+0 -45967-4 0  9999
2 31994  98.5505 111.3297 0162698 115.3235 246.4880 13.95825870587567
1 31997U 99025CQA 26120.51893798  .00001519  00000+0  15962-2 0  9995
2 31997 102.5017 207.4946 0283330 320.3018  37.7676 13.61213286635716
1 32086U 99025CQC 26124.39092285  .00002015  00000+0  17130-2 0  9998
2 32086  99.2607 179.0633 0301209 123.5939 239.4347 13.69584729637338
1 32088U 99025CQE 26121.52702108  .00003192  00000+0  41585-2 0  9992
2 32088 102.4080  19.6443 0463719  56.7096 307.7551 13.25632160616963
1 32089U 99025CQF 26121.29635764  .00001251  00000+0  63448-3 0  9997
2 32089  98.6544 127.5765 0113031  85.3580 276.0493 14.14439178651882
1 32093U 99025CQK 26123.55378218  .00000904  00000+0  30446-3 0  9997
2 32093  98.9063 346.6587 0077799 295.3499  63.9644 14.37993979985558
1 32094U 99025CQL 26120.42089647  .00000520  00000+0  31237-3 0  9999
2 32094  98.7559 112.2319 0033755 234.0796 125.7242 14.10930034963204
1 32095U 99025CQM 26119.30378694  .00000532  00000+0  28129-3 0  9997
2 32095  98.6336 135.8129 0079023  58.0990 302.7841 14.16213682967648
1 32096U 99025CQN 26124.55051650  .00001413  00000+0  10810-2 0  9997
2 32096  99.0552 155.0523 0137951 112.9403 248.6381 13.90602854948460
1 32098U 99025CQQ 26122.72609203  .00000947  00000+0  38000-3 0  9992
2 32098  98.6226 116.6938 0195736  72.2737 289.9698 14.20547932662293
1 32101U 99025CQT 26123.52618696  .00002329  00000+0  14515-2 0  9992
2 32101  99.0289  26.3078 0117623 204.6331 154.9189 14.02480534951699
1 32105U 99025CQX 26119.27594301  .00002026  00000+0  23564-2 0  9997
2 32105 103.4572 160.8756 0402260 149.3637 213.1643 13.40902426615547
1 32106U 99025CQY 26123.30092204  .00008700  00000+0  32191-2 0  9993
2 32106 101.4620 143.6849 0103849  29.5398 331.1587 14.29711869714136
1 32109U 99025CRB 26124.39669052  .00000740  00000+0  22243-3 0  9991
2 32109  98.3430   4.2839 0203685 246.7069 111.2563 14.34388743669339
1 32110U 99025CRC 26122.99421537  .00003163  00000+0  12369-2 0  9990
2 32110  99.5511 310.6505 0032145 326.0197 187.2390 14.30074378664061
1 32111U 99025CRD 26124.23907819  .00000388  00000+0  14920-3 0  9994
2 32111  98.4494 125.1731 0120740 143.0807 284.3681 14.31745753980701
1 32113U 99025CRF 26121.34326951  .00000931  00000+0  57346-3 0  9990
2 32113  99.0066 158.0743 0237070 203.8526 155.1506 13.94923234648321
1 32114U 99025CRG 26124.68874326  .00012736  00000+0  15969-2 0  9995
2 32114  99.9386 280.1172 0041712 268.1053  91.5376 14.81774388678438
1 32117U 99025CRK 26124.57300728  .00001992  00000+0  87225-3 0  9993
2 32117  98.5938 171.9610 0027522  38.5950 321.7190 14.24632473968306
1 32119U 99025CRM 26124.37748150  .00001281  00000+0  82721-3 0  9995
2 32119  99.8758   4.0047 0086762  28.2198 332.3627 14.03182836957281
1 32123U 99025CRR 26123.28887285  .00001392  00000+0  24328-3 0  9994
2 32123  98.9520 307.7336 0158696 219.2364 318.0125 14.61948229734423
1 32125U 99025CRT 26109.73255163  .00009925  00000+0  12245-2 0  9998
2 32125  99.0625 109.7396 0160988 285.7932  72.5573 14.74300276724061
1 32126U 99025CRU 26106.39807650  .00000491  00000+0  58060-3 0  9997
2 32126  99.1007 338.3531 0280260 295.9080  61.3419 13.57049194634054
1 32128U 99025CRW 26124.58526267  .00000958  00000+0  39069-3 0  9998
2 32128  99.0083 172.9368 0396344 190.7604 168.4890 13.94604575649761
1 32129U 99025CRX 26123.62191682  .00005252  00000+0  19854-2 0  9993
2 32129  99.0665 252.6867 0064716 343.7176  32.6391 14.30543667962544
1 32130U 99025CRY 26124.29334062  .00000889  00000+0  29886-3 0  9998
2 32130  98.9170 301.0277 0081129 269.2623  89.9266 14.37987802982835
1 32132U 99025CSA 26122.37565845  .00006776  00000+0  15977-2 0  9998
2 32132  98.3630 181.6028 0078816 192.2536 167.6745 14.52675827728398
1 32133U 99025CSB 26124.43216803  .00000269  00000+0  14960-3 0  9998
2 32133  98.4373 123.5758 0036342  49.6547 310.7794 14.18196262969973
1 32134U 99025CSC 26124.47062485  .00000842  00000+0  28699-3 0  9999
2 32134  98.5971 129.2110 0257619 209.0083 307.8205 14.22144750971756
1 32137U 99025CSF 26116.11004128  .00005437  00000+0  49384-3 0  9993
2 32137  98.4570 256.0424 0176585 322.2722  36.6214 14.84563931687227
1 32141U 99025CSK 26112.71856253  .00000845  00000+0  55014-3 0  9999
2 32141  98.7481 115.1629 0073580 200.1938 159.6316 14.03797480967816
1 32143U 99025CSM 26123.67816466  .00000373  00000+0  19138-3 0  9993
2 32143  98.6158 101.3185 0104477  60.3506 300.8025 14.18103531979453
1 32150U 99025CSU 26123.38632500  .00001000  00000+0  17763-3 0  9994
2 32150  99.1722 166.6668 0169948 357.8312   2.2129 14.61045565997747
1 32152U 99025CSW 26124.73701757  .00006047  00000+0  12742-2 0  9994
2 32152  98.7737 298.5346 0054524 123.7469 236.8940 14.58923111646963
1 32153U 99025CSX 26124.31852030  .00000810  00000+0  17396-3 0  9993
2 32153  98.7591 337.8339 0207587 150.8704 210.4259 14.49054961992887
1 32155U 99025CSZ 26123.09271472  .00000925  00000+0  34331-3 0  9999
2 32155  98.9649  62.5455 0069224 185.9820 174.0544 14.33370376722470
1 32156U 99025CTA 26121.30939438  .00000680  00000+0  26121-3 0  9991
2 32156  99.3641 306.8392 0081533  15.8842 344.4868 14.32241469668182
1 32160U 99025CTE 26124.40899434  .00000950  00000+0  31790-3 0  9999
2 32160  98.8992 291.4677 0080296 297.6572  61.6481 14.38075775979376
1 32161U 99025CTF 26122.03335716  .00000118  00000+0  98194-4 0  9993
2 32161  98.8311 227.2880 0133881 249.3214 109.3556 14.02008093653957
1 32162U 99025CTG 26122.46407740  .00007251  00000+0  13720-2 0  9993
2 32162  99.4418 192.9501 0046911 106.5168 254.1192 14.64006510969764
1 32163U 99025CTH 26119.33043065  .00002259  00000+0  66707-3 0  9999
2 32163  99.5364 146.6695 0049838 353.9385   6.1193 14.43983707629618
1 32167U 99025CTM 26124.22724795  .00001176  00000+0  39935-3 0  9993
2 32167  98.4842 120.4336 0162669 356.5278   3.4764 14.31346279647136
1 32168U 99025CTN 26124.56213097  .00004783  00000+0  32773-2 0  9998
2 32168 101.6495 233.4037 0242554 244.9760 112.6026 13.87062815654592
1 32169U 99025CTP 26124.53083280  .00022218  00000+0  32051-2 0  9997
2 32169  98.5527 325.5837 0031610  35.9835 324.3492 14.75927080987190
1 32171U 99025CTR 26124.09749399  .00004487  00000+0  39013-2 0  9994
2 32171 102.8062  64.7732 0484232  57.4140 323.3079 13.43698841625274
1 32174U 99025CTU 26123.39764164  .00000540  00000+0  25382-3 0  9997
2 32174  98.5779 186.0203 0150688 197.2616 162.3404 14.18100626661130
1 32175U 99025CTV 26123.21014847  .00003029  00000+0  20528-2 0  9996
2 32175  98.8360 110.8649 0147378 293.6678  64.9077 13.95837094618135
1 32177U 99025CTX 26124.32477826  .00004610  00000+0  99897-3 0  9994
2 32177  99.0365 150.7323 0048068 334.1768  25.7029 14.58012677731156
1 32178U 99025CTY 26122.32149920  .00001740  00000+0  75384-3 0  9990
2 32178 100.2957 152.5418 0092148 296.5126  62.6620 14.23711387660032
1 32179U 99025CTZ 26124.37231892  .00000620  00000+0  38245-3 0  9999
2 32179  98.8839 175.2260 0145941 152.0170 271.2800 14.03778539677290
1 32180U 99025CUA 26124.41104355  .00000044  00000+0  77486-4 0  9990
2 32180  99.5610 171.8027 0136481 194.4542 182.8934 13.82363553962397
1 32181U 99025CUB 26124.62595051  .00002977  00000+0  64589-3 0  9997
2 32181  99.4819 252.8177 0071067  19.8024 353.9727 14.57490333988015
1 32183U 99025CUD 26121.42489324  .00001143  00000+0  66114-3 0  9999
2 32183  98.6918 173.1487 0042286  26.0388 334.2898 14.10436651747332
1 32185U 99025CUF 26124.08540884  .00075106  00000+0  24598-2 0  9994
2 32185  98.8857 359.3748 0104154 259.7958  99.1516 15.26218489971706
1 32186U 99025CUG 26123.92259862  .00001204  00000+0  96251-3 0  9994
2 32186  99.5910 180.8421 0273962 189.2154 351.2454 13.76850241645666
1 32187U 99025CUH 26121.97158367  .00000341  00000+0  45405-3 0  9992
2 32187  99.4871 199.7370 0293996 154.5085  25.2753 13.50592357681518
1 32191U 99025CUM 26124.42734886  .00002662  00000+0  10799-2 0  9991
2 32191  98.6882 184.4456 0093834 131.6395 229.2869 14.26098510665344
1 32192U 99025CUN 26124.35834884  .00000278  00000+0  25627-3 0  9991
2 32192  98.6368 348.6575 0182303 135.3759 226.2237 13.82626516946831
1 32195U 99025CUR 26118.26275523  .00000615  00000+0  37417-3 0  9991
2 32195  98.7764 122.0277 0067534 274.6498  84.6961 14.08725605659045
1 32197U 99025CUT 26124.55354225  .00000729  00000+0  24644-3 0  9993
2 32197  98.9003  42.5727 0161304 171.6180   5.1195 14.33024461964681
1 32198U 99025CUU 26123.12934507  .00002969  00000+0  16426-2 0  9999
2 32198  98.3506 264.7571 0092452 246.1123 113.0341 14.09882639589374
1 32200U 99025CUW 26124.11375206  .00001650  00000+0  84822-3 0  9990
2 32200  98.7724 176.0898 0038943 241.6896 118.0347 14.16266956963781
1 32203U 99025CUZ 26124.13441105  .00029817  00000+0  36349-3 0  9993
2 32203  96.9931  16.2526 0108603 288.0527  70.8919 15.53483596773001
1 32205U 99025CVB 26124.78330683  .00000217  00000+0  13657-3 0  9994
2 32205  98.6796 129.5636 0009921 238.0688 295.3896 14.14011017965199
1 32207U 99025CVD 26100.72831579  .00000782  00000+0  25625-3 0  9999
2 32207  99.8721  82.5058 0084814 156.2707  19.6508 14.39925302660192
1 32209U 99025CVF 26122.30868767  .00001713  00000+0  20384-2 0  9999
2 32209  99.4301  66.8456 0332803  34.3264 327.8896 13.47622107918699
1 32212U 99025CVJ 26122.28837951  .00001203  00000+0  35251-3 0  9995
2 32212  99.5768 240.5993 0136373  31.0149 354.2430 14.40878006980858
1 32214U 99025CVL 26124.81374671  .00005352  00000+0  36953-2 0  9991
2 32214  99.0269 151.7424 0181236  12.9774 163.1333 13.91962869644114
1 32218U 99025CVQ 26123.34266622  .00003750  00000+0  82665-3 0  9990
2 32218  98.8056 330.1348 0060859 357.3070 182.4533 14.56899454982931
1 32221U 99025CVT 26123.88922072  .00001182  00000+0  22647-3 0  9992
2 32221  98.5863 283.4655 0146090  68.1750 293.4916 14.59215174992701
1 32223U 99025CVV 26122.46495666  .00002846  00000+0  12982-2 0  9999
2 32223  98.8278 206.5886 0045058 272.0878 149.3712 14.21857546662236
1 32224U 99025CVW 26123.62013495  .00000883  00000+0  32086-3 0  9992
2 32224  99.0045  85.3043 0076226  12.4957 347.8094 14.34316327977570
1 32225U 99025CVX 26122.91105889  .00000322  00000+0  19159-3 0  9997
2 32225  99.0676 178.6072 0072304 168.6534 191.6288 14.13165445701101
1 32230U 99025CWC 26120.94114536  .00012044  00000+0  24648-2 0  9995
2 32230  98.8781 284.8247 0047046  25.3359 127.5293 14.60255350626987
1 32234U 99025CWG 26123.51821691  .00001306  00000+0  93294-3 0  9995
2 32234  98.5223 327.6310 0134867 302.8523  55.9716 13.94664066951855
1 32241U 99025CWP 26124.39086411  .00003185  00000+0  11215-2 0  9992
2 32241  99.0594 164.6535 0145327 170.0295 190.3824 14.29833568958611
1 32243U 99025CWR 26124.49707872  .00004991  00000+0  22236-2 0  9997
2 32243  98.2542 141.6961 0268246  76.7775 286.3169 14.05809264955936
1 32245U 99025CWT 26121.83907819  .00006875  00000+0  85952-3 0  9995
2 32245  98.6466 333.3598 0090976 256.8777 102.2268 14.79766671681767
1 32304U 99025CWV 26124.17750171  .00003416  00000+0  84266-3 0  9993
2 32304  99.4125 100.5267 0049941 161.9560 198.3419 14.52168187583396
1 32308U 99025CWZ 26124.54064064  .00001882  00000+0  11070-2 0  9994
2 32308  97.7617 162.2495 0106049   8.6471 351.6496 14.06209742674185
1 32311U 99025CXC 26122.53880259  .00001747  00000+0  22619-2 0  9998
2 32311 101.7290  31.4151 0409136 139.2359 224.0143 13.33977168 92142
1 32314U 99025CXF 26123.05507989  .00008960  00000+0  93476-3 0  9999
2 32314  98.8705 248.0135 0141125  70.8361 290.8064 14.82876621995225
1 32315U 99025CXG 26116.16870808  .00000130  00000+0  18529-3 0  9994
2 32315 100.8264 279.9193 0229130 144.6280 217.0304 13.66216772629240
1 32316U 99025CXH 26124.60364310  .00004904  00000+0  11873-2 0  9996
2 32316  99.5130 175.2003 0024559 257.3203 256.9840 14.53375732978513
1 32320U 99025CXM 26122.15679357  .00002625  00000+0  89056-3 0  9996
2 32320 100.3629  12.6509 0056071  15.5012 344.7869 14.36932273641898
1 32322U 99025CXP 26122.32749443  .00000696  00000+0  88146-3 0  9996
2 32322  98.3586 344.2442 0419759 102.7337 262.1041 13.34394382622549
1 32323U 99025CXQ 26122.11610055  .00004951  00000+0  31854-2 0  9991
2 32323  98.5768 260.9669 0154403 178.1974 181.9779 13.97821756622304
1 32324U 99025CXR 26124.56881566  .00000594  00000+0  36475-3 0  9994
2 32324  99.5378 239.5751 0049255 350.4507   9.5720 14.09428621660101
1 32326U 99025CXT 26124.51136481  .00000607  00000+0  43420-3 0  9993
2 32326  98.4954  42.4396 0386408 117.9486 246.1338 13.69552717651364
1 32331U 99025CXY 26122.92885912  .00044347  00000+0  52765-2 0  9992
2 32331  99.1752 115.0772 0016487  60.4882 299.7970 14.84099397627040
1 32332U 99025CXZ 26123.91140125  .00001689  00000+0  87420-3 0  9992
2 32332  99.1161 182.2337 0281892 282.3494  74.6250 13.97859501950220
1 32334U 99025CYB 26123.44784880  .00000853  00000+0  57986-3 0  9990
2 32334  99.2310 184.7043 0067286 249.8836 109.5080 14.01842537959255
1 32340U 99025CYH 26124.30456825  .00011742  00000+0  15728-2 0  9994
2 32340  98.9708 151.0656 0032008 202.1452 157.8375 14.79250997993019
1 32342U 99025CYK 26124.50403245  .00000113  00000+0  82844-4 0  9991
2 32342  98.6677 133.7232 0006633 300.5590 212.2529 14.13460182957341
1 32343U 99025CYL 26123.92150795  .00000762  00000+0  33582-3 0  9990
2 32343  98.6234 112.0296 0152362  77.0977 284.7169 14.20114774667317
1 32350U 99025CYT 26122.87780840  .00003493  00000+0  53164-3 0  9993
2 32350  98.2042 170.1008 0262416 222.4311 135.6333 14.54017172995776
1 32352U 99025CYV 26123.52446871  .00000914  00000+0  26989-3 0  9991
2 32352  98.7843  52.5008 0122574 108.9983 252.4532 14.41746185673128
1 32353U 99025CYW 26115.77305914  .00003810  00000+0  22370-2 0  9999
2 32353  98.9305 294.9884 0124596 183.6198 176.4080 14.04879634650754
1 32356U 99025CYZ 26123.74760529  .00003816  00000+0  22719-2 0  9998
2 32356 102.4959  43.5875 0125697  31.5246 329.3362 14.04461940703803
1 32357U 99025CZA 26124.32215457  .00004739  00000+0  23399-2 0  9999
2 32357  98.8345 157.6731 0487293 169.7404 256.5775 13.69980153687398
1 32360U 99025CZD 26116.42981903  .00003878  00000+0  21382-2 0  9994
2 32360  98.1154 283.4246 0227008 285.8601  71.7651 13.99807470667006
1 32361U 99025CZE 26121.63447690  .00006689  00000+0  16026-2 0  9996
2 32361  98.8470 193.1546 0042475 341.6845  18.2817 14.53307659983757
1 32362U 99025CZF 26124.20188838  .00001788  00000+0  17432-2 0  9996
2 32362  99.8477 102.6951 0268742 283.5638  73.5703 13.65997384930743
1 32364U 99025CZH 26124.32890885  .00003583  00000+0  17047-2 0  9990
2 32364  98.3118 318.6424 0130171 131.0650 230.1858 14.15575462657259
1 32366U 99025CZK 26104.01640729  .00001154  00000+0  56574-3 0  9997
2 32366  96.7738 202.0266 0130908 260.3380  98.2990 14.14701464949329
1 32372U 99025CZR 26116.36267211  .00001082  00000+0  11914-2 0  9994
2 32372  97.3087 324.8144 0457061  50.1372 313.9044 13.35824055619376
1 32409U 99025CZV 26124.31817498  .00013524  00000+0  17114-2 0  9999
2 32409  99.5721 320.0369 0038799  75.4712 100.9563 14.81440674609466
1 32411U 99025CZX 26124.02959275  .00000584  00000+0  33009-3 0  9994
2 32411  98.4297  38.0920 0122844 330.0133  29.4041 14.10062372678195
1 32414U 99025DAA 26123.46966982  .00002166  00000+0  10447-2 0  9995
2 32414  98.8440 198.8791 0043446 312.1179  47.6307 14.19235940957429
1 32419U 99025DAF 26123.03636368  .00001325  00000+0  53143-3 0  9992
2 32419  97.9543  47.1934 0281640 339.4741  19.5294 14.10352580655621
1 32422U 99025DAJ 26124.07357978  .00000438  00000+0  22864-3 0  9998
2 32422  97.8539 240.2728 0297987 246.7533 110.2005 13.98254866651220
1 32425U 99025DAM 26124.52729100  .00001162  00000+0  45536-3 0  9997
2 32425  96.7195 243.0912 0231059 227.9229 130.2096 14.17166020715573
1 32430U 99025DAS 26119.32231828  .00001659  00000+0  11846-2 0  9997
2 32430  98.6843 136.2376 0364949 264.0288  91.9166 13.71075658930888
1 32432U 99025DAU 26124.36435357  .00002624  00000+0  51743-3 0  9996
2 32432  98.1537 162.0485 0167812 224.5598 134.2006 14.54761234727677
1 32440U 99025DBC 26123.34551734  .00002644  00000+0  24404-2 0  9995
2 32440  99.1472 335.0789 0323722  85.2758 278.5271 13.62220776622138
1 32441U 99025DBD 26124.44704649  .00001984  00000+0  86137-3 0  9991
2 32441  97.7742 195.2103 0247203 252.8148 104.5829 14.10087856965886
1 32447U 99025DBK 26121.75783227  .00000406  00000+0  31821-3 0  9995
2 32447  98.9223 138.6322 0079514  16.4883 343.8839 13.96094490698327
1 32451U 99025DBP 26124.16950324  .00002175  00000+0  16442-2 0  9998
2 32451  99.9838 118.5182 0184507 180.3875 179.7164 13.87573669637394
1 32453U 99025DBR 26124.48338329  .00001314  00000+0  84633-3 0  9992
2 32453  99.3718  43.2353 0096981 174.1342 186.0983 14.02630902954292
1 32455U 99025DBT 26123.92367330  .00002836  00000+0  17633-2 0  9991
2 32455 101.7316 358.8164 0234434 153.0771 208.2771 13.93477375663954
1 32456U 99025DBU 26124.78379580  .00000963  00000+0  13586-2 0  9999
2 32456 103.6730 318.2818 0374181 293.4949  62.7260 13.35953636625265
1 32458U 99025DBW 26124.34899109  .00005186  00000+0  97803-3 0  9994
2 32458  99.0288 162.8711 0036571 296.1415  63.6025 14.64578399698759
1 32459U 99025DBX 26124.26518705  .00001888  00000+0  43463-3 0  9994
2 32459  98.2944 139.9587 0212870 114.6936 247.6580 14.43526768966068
1 32460U 99025DBY 26123.82259560  .00001127  00000+0  81611-3 0  9991
2 32460  98.0330 254.6343 0187182  87.5926 274.6652 13.90083965672271
1 32461U 99025DBZ 26121.04942133  .00001173  00000+0  10695-2 0  9993
2 32461  98.3264 323.3705 0233815 101.5985  49.6746 13.73233901692065
1 32464U 99025DCC 26124.33652856  .00015315  00000+0  11664-2 0  9991
2 32464  97.3434 144.8366 0106763 115.6744 245.5552 14.97655011629233
1 33502U 99025DCF 26124.80475742  .00005207  00000+0  22222-2 0  9995
2 33502  99.0325  76.1387 0080393 102.3954 290.0926 14.23752128889909
1 33599U 99025DCG 26118.89554341  .00041388  00000+0  13322-2 0  9997
2 33599  96.5870 174.8874 0101012 168.9414 191.4081 15.27191181680883
1 33601U 99025DCJ 26124.36370595  .00002162  00000+0  11409-2 0  9998
2 33601  98.3303 274.5901 0157952  95.3618 266.5596 14.08593919926870
1 33603U 99025DCL 26122.61466745  .00003468  00000+0  30741-3 0  9990
2 33603  98.8227  77.1490 0216584 346.4883  13.0583 14.80770668  9414
1 33605U 99025DCN 26121.28307537  .00001051  00000+0  63250-3 0  9994
2 33605  98.7035 120.2892 0057162  41.8951 335.0895 14.08054346617826
1 33612U 99025DCV 26123.33558770  .00002940  00000+0  17548-2 0  9993
2 33612  98.6113  90.2084 0111890  70.5450 290.7768 14.04842150586613
1 33613U 99025DCW 26123.94869572  .00004456  00000+0  15770-2 0  9995
2 33613  98.6821 201.3358 0028563  31.4669 328.8217 14.34851208665483
1 33618U 99025DDB 26125.20785087  .00005031  00000+0  80954-3 0  9996
2 33618  98.5225 222.3133 0161114  55.3720 306.2554 14.63673523988815
1 33619U 99025DDC 26123.63700875  .00002179  00000+0  10665-2 0  9995
2 33619  98.8476 197.6347 0049772   1.9126 358.2230 14.18301737656354
1 33621U 99025DDE 26122.83593110  .00001287  00000+0  42002-3 0  9991
2 33621  98.1314 327.4819 0282576 240.5206 116.7514 14.19995878662466
1 33625U 99025DDJ 26120.28988933  .00006329  00000+0  87559-3 0  9991
2 33625  98.6281 242.0430 0219045  66.7591 295.6509 14.63195381634151
1 33630U 99025DDP 26121.53902844  .00000573  00000+0  27487-3 0  9992
2 33630  98.6189 228.6352 0134297  25.9403 334.8425 14.17986875663926
1 33633U 99025DDS 26122.75817549  .00004473  00000+0  20260-2 0  9991
2 33633  99.0543 225.2870 0083423 108.8394  43.3643 14.20621277927125
1 33637U 99025DDW 26116.39403559  .00003631  00000+0  11730-2 0  9997
2 33637  98.4737 164.5734 0082979 109.9875 251.0272 14.37755607667728
1 33638U 99025DDX 26122.36993590  .00001069  00000+0  99551-3 0  9992
2 33638  98.4560   1.2213 0262412 257.6476  99.5188 13.69678472628403
1 33640U 99025DDZ 26123.81051266  .00001771  00000+0  48030-3 0  9997
2 33640  98.8588  77.7683 0091008  94.6931 266.4661 14.46553889943967
1 33648U 99025DEH 26123.24903914  .00000116  00000+0  84514-4 0  9998
2 33648  98.7250 123.0637 0069633 132.2682 228.4423 14.11849587663738
1 33650U 99025DEK 26124.92340470  .00001544  00000+0  11814-2 0  9996
2 33650  99.0020 290.1591 0149492  50.0002 311.4170 13.89708323707973
1 33651U 99025DEL 26124.35560034  .00000224  00000+0  11612-3 0  9995
2 33651  98.6319 171.7938 0116730   2.2756 357.8928 14.20468012662961
1 33655U 99025DEQ 26124.20424692  .00025217  00000+0  16970-2 0  9992
2 33655  98.7982 213.4755 0038724 251.4756 108.2258 15.06098713986962
1 33658U 99025DET 26124.16809487  .00002904  00000+0  28678-2 0  9995
2 33658  99.5719 279.9334 0283134 176.9520 183.3431 13.63102363600798
1 33660U 99025DEV 26119.22035063  .00000287  00000+0  24481-3 0  9991
2 33660  98.6521  26.2982 0109277 227.2010 286.3527 13.91924190929765
1 33661U 99025DEW 26123.12401508  .00001115  00000+0  10251-2 0  9997
2 33661  98.4020 358.0227 0231286 133.3376  19.0233 13.73136935663979
1 33663U 99025DEY 26122.96334389  .00027929  00000+0  43076-2 0  9994
2 33663  98.8870 130.9968 0063840 296.4696  62.9969 14.71950248662738
1 33664U 99025DEZ 26119.85229321  .00000379  00000+0  23596-3 0  9994
2 33664  98.7211 267.9837 0163051  12.5364 347.9785 14.04186028926779
1 33665U 99025DFA 26118.54769661  .00002844  00000+0  71830-3 0  9999
2 33665  99.0340 240.7015 0451416  70.4782 294.4556 14.04680033945112
1 33673U 99025DFJ 26125.12353897  .00000348  00000+0  27535-3 0  9990
2 33673  99.3239 178.7849 0105925 194.0025 193.4962 13.95759852919025
1 33674U 99025DFK 26121.54235694  .00001506  00000+0  13197-2 0  9992
2 33674  98.5958 163.3348 0210233 223.4013 135.0422 13.77424837902894
1 33676U 99025DFM 26125.05835884  .00000316  00000+0  10211-3 0  9994
2 33676  99.0784 162.3058 0203853  10.6945 349.8477 14.35724122673677
1 33678U 99025DFP 26123.94229944  .00002138  00000+0  45521-3 0  9992
2 33678  99.0247 204.1872 0203956 171.7927 188.6686 14.48000872971535
1 33679U 99025DFQ 26124.72300388  .00035445  00000+0  17200-2 0  9991
2 33679  99.3342 226.7731 0127713 194.8336 164.9128 15.11416102962777
1 33682U 99025DFT 26124.15494604  .00002872  00000+0  11807-2 0  9992
2 33682  99.4064 186.5364 0028140  40.6655 319.6618 14.27653679937294
1 33684U 99025DFV 26124.15298741  .00006997  00000+0  54088-3 0  9999
2 33684  99.0421 201.7486 0274713 255.7596 101.2958 14.76608764950887
1 33687U 99025DFY 26120.35304318  .00031728  00000+0  10028-2 0  9993
2 33687  98.9797 158.4833 0095712 227.2320 132.0835 15.28318678736199
1 33688U 99025DFZ 26124.61187632  .00009665  00000+0  25340-2 0  9993
2 33688  99.3526 245.8396 0051275 200.5376 159.3753 14.48689519935481
1 33689U 99025DGA 26111.85277731  .00002247  00000+0  63450-3 0  9990
2 33689  99.5562 140.5744 0048724 131.1619  41.1891 14.46183269714100
1 33690U 99025DGB 26125.22497590  .00008360  00000+0  19744-2 0  9993
2 33690  98.6113 232.4042 0028614 331.9492  28.0160 14.54182217953032
1 33693U 99025DGE 26122.45217898  .00000866  00000+0  84190-3 0  9990
2 33693  99.2276 299.7927 0223805 351.1481   8.5750 13.71706414901604
1 33698U 99025DGK 26122.40438712  .00000911  00000+0  19494-3 0  9996
2 33698  99.6401 109.0420 0137247 160.1815 200.4784 14.56209391976830
1 33701U 99025DGN 26124.30533018  .00001958  00000+0  11900-2 0  9992
2 33701  98.6721  76.9001 0132678 147.5909 213.3494 14.03040932925046
1 33710U 99025DGX 26124.50165171  .00001653  00000+0  91020-3 0  9999
2 33710  98.9786 228.4861 0056301 105.4628 255.2771 14.12186840696718
1 33711U 99025DGY 26121.43795773  .00000944  00000+0  63085-3 0  9998
2 33711  99.1695 180.5462 0097721  23.1698 351.7287 14.01243604938881
1 33716U 99025DHD 26120.52642027  .00000330  00000+0  13223-3 0  9993
2 33716  98.8839  54.4963 0092535 311.5701  47.7575 14.32807756671451
1 33718U 99025DHF 26124.02869101  .00001765  00000+0  10077-2 0  9994
2 33718  99.6562 225.6081 0096160 289.0836  69.9937 14.08848427711898
1 33719U 99025DHG 26125.13580046  .00001919  00000+0  84991-3 0  9994
2 33719  98.7551 189.6193 0029072  27.2948   1.4486 14.24075876940548
1 33722U 99025DHK 26124.31719102  .00000878  00000+0  36909-3 0  9993
2 33722  98.5664 139.6455 0157778 197.3871 162.1868 14.21772587941731
1 33723U 99025DHL 26124.21957174  .00002617  00000+0  13293-2 0  9999
2 33723  99.1456 213.1497 0096178 288.9796  98.1250 14.14485019656370
1 33724U 99025DHM 26124.25751336  .00000707  00000+0  35119-3 0  9996
2 33724  98.6000 135.5660 0028601 130.0001 290.0038 14.19935063959840
1 33726U 99025DHP 26124.81474462  .00000472  00000+0  22548-3 0  9993
2 33726  98.6539 249.5654 0191100 341.6637 171.8754 14.14611110939543
1 33728U 99025DHR 26124.18959081  .00007496  00000+0  56896-3 0  9996
2 33728  98.9592 205.0640 0144574 116.8090 244.7996 14.94551965  4277
1 33730U 99025DHT 26124.46894007  .00005501  00000+0  10032-2 0  9992
2 33730  99.0376 201.3344 0036595 291.8587  67.8724 14.66044820977694
1 33731U 99025DHU 26125.03982647  .00000403  00000+0  30698-3 0  9992
2 33731  99.4306 155.7356 0127451  28.0205 332.7741 13.95944653924482
1 33733U 99025DHW 26124.75956948  .00007841  00000+0  27488-2 0  9992
2 33733  99.0944 222.0546 0078185 115.6647  35.2393 14.33614923924956
1 33737U 99025DJA 26124.04395226  .00001792  00000+0  10887-2 0  9998
2 33737  98.3409 311.2340 0126441 239.2436 249.4533 14.03530902907361
1 33738U 99025DJB 26124.47127718  .00000735  00000+0  45762-3 0  9992
2 33738  99.1281 189.3858 0186908 349.2314  21.9552 13.99853286912332
1 33740U 99025DJD 26124.31772779  .00000185  00000+0  12325-3 0  9999
2 33740  98.6810 137.8437 0002609 101.7062 258.4403 14.12404092921597
1 33741U 99025DJE 26125.20963788  .00004218  00000+0  21912-2 0  9993
2 33741  98.5632  37.0861 0128812  40.7475 320.3246 14.11022007588859
1 33745U 99025DJJ 26122.56070459  .00002148  00000+0  95684-3 0  9995
2 33745  99.0981 169.4710 0053397 222.6753 137.0271 14.23186076680049
1 33747U 99025DJL 26125.22474530  .00005100  00000+0  23763-2 0  9990
2 33747  99.0915 228.3868 0090923 170.1701 190.1280 14.18751731921669
1 33748U 99025DJM 26125.09693887  .00001798  00000+0  66860-3 0  9999
2 33748  98.5680 179.7744 0036824 175.3419 184.8114 14.32947086934462
1 35088U 99025DJQ 26113.05361659  .00011919  00000+0  43681-2 0  9991
2 35088  94.6190 230.4732 0261238 153.3478 208.1414 14.15631972606550
1 35089U 99025DJR 26123.24156741  .00000813  00000+0  40156-3 0  9994
2 35089  98.5561 133.3757 0028243  17.6935 342.5219 14.19849482628833
1 35090U 99025DJS 26125.02997022  .00001964  00000+0  96026-3 0  9994
2 35090  99.1885 147.8022 0053650 331.4834  28.3408 14.18457967682810
1 35091U 99025DJT 26125.05752313  .00013928  00000+0  25104-2 0  9991
2 35091  98.5971 240.5051 0045900 206.7376 153.1459 14.65956385920242
1 35102U 99025DKE 26115.29149726  .00000998  00000+0  40113-3 0  9998
2 35102  98.4832 126.9353 0060788  59.2817 301.4335 14.29255180668205
1 35104U 99025DKG 26123.25516700  .00000719  00000+0  35206-3 0  9993
2 35104  98.5947 131.0365 0032047  92.9707 278.4255 14.20592278917769
1 35105U 99025DKH 26124.24627070  .00001092  00000+0  29970-3 0  9993
2 35105  98.9572 118.0822 0110946 349.7848  10.1088 14.45797029965525
1 35109U 99025DKM 26124.92921367  .00000556  00000+0  24606-3 0  9993
2 35109  98.6279 115.8376 0151953 340.1082  19.4210 14.21084655661932
1 35111U 99025DKP 26119.50769774  .00000661  00000+0  39288-3 0  9995
2 35111  99.4532 210.4084 0021992 197.2317 162.8107 14.11197313660870
1 35116U 99025DKU 26124.39241284  .00001584  00000+0  67353-3 0  9993
2 35116  98.6429 173.4743 0057265 354.8043   5.2536 14.25754026619921
1 35121U 99025DKZ 26124.38721443  .00000455  00000+0  27445-3 0  9992
2 35121  98.2860 340.5177 0158379  51.3067 310.2147 14.04853192630946
1 35122U 99025DLA 26119.27914620  .00000483  00000+0  27424-3 0  9994
2 35122  98.6619 138.6058 0026102 125.4090 234.9527 14.14292645658118
1 35123U 99025DLB 26123.25166742  .00000838  00000+0  37685-3 0  9996
2 35123  99.1252 316.3765 0049552  32.4391 327.9816 14.24552136630886
1 35125U 99025DLD 26124.27774861  .00002340  00000+0  83832-3 0  9993
2 35125  98.2100 133.1594 0050750 226.4109 133.2859 14.34135334333242
1 35135U 99025DLP 26124.30405242  .00000622  00000+0  28671-3 0  9993
2 35135  98.5620 134.1671 0080444 229.1501 130.2686 14.22855712898516
1 35139U 99025DLT 26121.26626691  .00000629  00000+0  30134-3 0  9996
2 35139  98.5838 127.6144 0067420 252.5083 106.8718 14.21342973661351
1 35140U 99025DLU 26124.88894933  .00000240  00000+0  87573-4 0  9994
2 35140  98.4633 105.4663 0289350 269.3278  87.4742 14.21507961893128
1 35142U 99025DLW 26118.46782612  .00000136  00000+0  13727-3 0  9996
2 35142  99.0558 112.0638 0107753 202.5170 312.6180 13.90588296875893
1 35144U 99025DLY 26123.60814027  .00011397  00000+0  22052-2 0  9997
2 35144  98.7044 251.2560 0024490 284.6651  75.1835 14.63328685672856
1 35147U 99025DMB 26125.04906264  .00018873  00000+0  25413-2 0  9995
2 35147  99.4791 228.0546 0029611 121.9447 238.4645 14.78956877764196
1 35152U 99025DMG 26124.80191438  .00000642  00000+0  61183-3 0  9993
2 35152  99.8252 317.1248 0193703   5.5365 354.7864 13.76671418641615
1 35153U 99025DMH 26123.02023226  .00004205  00000+0  50891-3 0  9999
2 35153  98.8936  33.6511 0167383   1.6230 358.5484 14.74812140992998
1 35154U 99025DMJ 26124.08446273  .00000482  00000+0  21741-3 0  9993
2 35154  99.4382 259.6481 0178051   1.9030 358.2783 14.19215856665965
1 35155U 99025DMK 26122.75115773  .00001116  00000+0  54597-3 0  9994
2 35155  98.4958 133.7495 0025663  27.1159 333.1352 14.19671975747146
1 35156U 99025DML 26123.39750915  .00000556  00000+0  33223-3 0  9999
2 35156  98.7678 111.2643 0037661 107.6976 252.8312 14.10812433660411
1 35159U 99025DMP 26124.19952455  .00005467  00000+0  15018-2 0  9991
2 35159  98.8304 210.3803 0013073 107.4224 282.7040 14.47375056635401
1 35160U 99025DMQ 26123.09159408  .00001425  00000+0  42401-3 0  9995
2 35160  99.1682 251.4378 0175773 186.5347 173.3544 14.36364258669602
1 35165U 99025DMV 26123.21523769  .00004537  00000+0  15916-2 0  9996
2 35165  98.8749 223.9232 0018324   8.8393 351.3111 14.35440513917494
1 35167U 99025DMX 26122.74186970  .00001229  00000+0  35833-3 0  9990
2 35167  98.4585 117.3657 0228862 146.6938 214.8888 14.31738838720372
1 35168U 99025DMY 26095.42323022  .00000550  00000+0  27855-3 0  9997
2 35168  98.2661 344.1926 0125018 158.3965 202.2551 14.15674327595321
1 35169U 99025DMZ 26121.97462757  .00003367  00000+0  61494-3 0  9993
2 35169  99.1172  24.3771 0150662  42.8247 318.4571 14.59614282678255
1 35171U 99025DNB 26121.69966939  .00002072  00000+0  14392-2 0  9992
2 35171  99.0177 274.9814 0134580 295.2902  63.4367 13.95705897905105
1 35173U 99025DND 26124.97689652  .00002370  00000+0  22946-2 0  9997
2 35173  99.7737 196.5337 0488046 224.4925 131.6026 13.37952188677449
1 35174U 99025DNE 26124.23225134  .00048540  00000+0  24572-2 0  9994
2 35174  98.9615 126.2297 0125216  77.9898 283.5330 15.10173751923081
1 35175U 99025DNF 26121.74992011  .00000590  00000+0  28438-3 0  9992
2 35175  98.5722 131.0915 0056765 233.0836 126.5134 14.21539982632243
1 35176U 99025DNG 26119.91291659  .00000670  00000+0  34785-3 0  9990
2 35176  98.5706 106.5973 0054096  19.6149 340.7091 14.17213439928855
1 35180U 99025DNL 26123.25406697  .00003305  00000+0  14106-2 0  9999
2 35180  99.7400 292.2976 0485905  10.3547 350.7189 13.77017956 19803
1 35191U 99025DNX 26122.67193713  .00000237  00000+0  21240-3 0  9997
2 35191  99.0341 105.6686 0102493 184.9907 175.0240 13.91282422898611
1 35194U 99025DPA 26119.52342774  .00003203  00000+0  59954-3 0  9992
2 35194  98.9402 218.8715 0110788  14.9873 345.4565 14.61760947674021
1 35195U 99025DPB 26118.56230797  .00002873  00000+0  60482-3 0  9997
2 35195  98.9821 228.4250 0100554  13.8525 346.5394 14.57280075929186
1 35196U 99025DPC 26124.31434091  .00001168  00000+0  45258-3 0  9991
2 35196  98.5282 139.5692 0211762 284.8655  87.9614 14.20401460911583
1 35199U 99025DPF 26112.19539391  .00001837  00000+0  12359-2 0  9994
2 35199  98.4415 255.9075 0116652 203.7143 155.8621 13.98511370940081
1 35200U 99025DPG 26125.14146031  .00000311  00000+0  42563-3 0  9998
2 35200  98.8906  90.5907 0353529  59.1454   3.7117 13.42061860678277
1 35201U 99025DPH 26124.88826475  .00000112  00000+0  86019-4 0  9990
2 35201  98.7051 134.5815 0006413 196.1711 282.1878 14.11111807890389
1 35202U 99025DPJ 26125.09780525  .00000448  00000+0  65169-3 0  9994
2 35202 100.0718 173.4173 0376949  25.9588 335.9922 13.34953544588894
1 35203U 99025DPK 26125.19780279  .00001451  00000+0  16468-2 0  9994
2 35203 102.0826 121.1644 0514194 205.7493 151.7180 13.26947621615531
1 35204U 99025DPL 26123.06269106  .00006547  00000+0  16472-2 0  9996
2 35204  99.0033 326.3190 0035411 259.7592 256.2644 14.51185052929783
1 35207U 99025DPP 26124.24838567  .00008549  00000+0  18278-2 0  9993
2 35207  98.6910 233.6354 0054107 178.3971 181.7410 14.58130168669797
1 35208U 99025DPQ 26124.32872478  .00001450  00000+0  96603-3 0  9995
2 35208  98.8863 144.6132 0103787 118.8961 242.2664 14.00116900925580
1 35210U 99025DPS 26122.52097146  .00005299  00000+0  18304-2 0  9995
2 35210  99.0948 138.7573 0048777 185.8361 325.8178 14.35566803921413
1 35217U 99025DPZ 26123.10317596  .00002131  00000+0  22582-2 0  9996
2 35217 101.8807  72.6072 0299741 328.9122  29.4571 13.58155045631384
1 35220U 99025DQC 26124.18496512  .00002789  00000+0  12328-2 0  9991
2 35220  99.0136 202.7111 0042773 257.5688 102.0702 14.23603067652096
1 35223U 99025DQF 26122.96501211  .00004942  00000+0  43772-3 0  9992
2 35223  98.9785 129.5534 0122917 233.5511 125.4324 14.91174378959856
1 35229U 99025DQM 26125.03265344  .00025903  00000+0  43862-2 0  9992
2 35229  98.4466 212.9211 0041471 128.7791 231.7129 14.68687363666049
1 35231U 99025DQP 26123.84328431 -.00000004  00000+0  19827-4 0  9991
2 35231  98.6952 168.5069 0037669  40.6867 319.7110 14.14539873935118
1 35233U 99025DQR 26124.80170975  .00005651  00000+0  16511-2 0  9995
2 35233  98.7687 233.0315 0040877 191.5846 320.8656 14.43944458932392
1 35234U 99025DQS 26124.53410109  .00004449  00000+0  74781-3 0  9990
2 35234  98.0514 154.9352 0099027 170.4583 189.8533 14.66900200964486
1 35239U 99025DQX 26122.40572425  .00000603  00000+0  62037-3 0  9998
2 35239  99.2844 282.9734 0223437   4.3675 355.9354 13.69654583600562
1 35240U 99025DQY 26124.36235705  .00003189  00000+0  13787-2 0  9993
2 35240  99.3576 100.8418 0047720 106.5682 254.0744 14.24550170951948
1 35241U 99025DQZ 26124.22311514  .00002088  00000+0  12712-2 0  9996
2 35241  98.6371  50.8796 0136109 167.9229 192.5257 14.02668030896039
1 35242U 99025DRA 26124.12828973  .00002067  00000+0  23792-2 0  9995
2 35242  99.9622 182.5258 0303463 195.0118 194.7524 13.52706337600522
1 35243U 99025DRB 26124.22694791  .00024040  00000+0  21944-2 0  9998
2 35243  98.8702 225.5813 0058585 159.0655 201.2979 14.93747694931233
1 35244U 99025DRC 26123.39240414  .00000964  00000+0  58987-3 0  9992
2 35244  98.8203 165.2824 0072510 119.7221 241.1190 14.06909080678136
1 35245U 99025DRD 26124.22025652  .00002506  00000+0  13205-2 0  9998
2 35245  99.0767 216.8884 0058342 227.6325 160.9522 14.14032878897901
1 36147U 99025DRU 26120.42537789  .00001150  00000+0  10906-2 0  9996
2 36147  98.5100 173.4634 0438115 266.4657  88.6291 13.46952332618649
1 36148U 99025DRV 26124.26201259  .00002583  00000+0  16877-2 0  9997
2 36148  98.4177 325.9797 0273878 320.1341  37.9981 13.86342199922186
1 36152U 99025DRZ 26123.36006569  .00001812  00000+0  89410-3 0  9997
2 36152  98.7418 166.0183 0056006 165.0229 195.2620 14.17878975661637
1 36153U 99025DSA 26124.72259147  .00005535  00000+0  13731-2 0  9999
2 36153  98.5881 222.8879 0028847 335.4684  24.5137 14.52022909670378
1 36160U 99025DSH 26098.26965160  .00000500  00000+0  26281-3 0  9997
2 36160  98.1377 294.4698 0134807 174.9695 185.2871 14.13352099616988
1 36163U 99025DSL 26123.55597611  .00013977  00000+0  26249-2 0  9998
2 36163  99.0778 346.5028 0036814   5.8212 354.3409 14.64378204912592
1 36167U 99025DSQ 26124.02905294  .00002608  00000+0  66078-3 0  9999
2 36167  98.8137  42.6617 0068129 173.8550 186.3494 14.50411421693413
1 36173U 99025DSW 26118.11621940  .00000550  00000+0  22332-3 0  9991
2 36173  98.2343  71.7929 0147213 143.1996 217.9400 14.25434184610339
1 36180U 99025DTD 26116.42684161  .00000925  00000+0  35750-3 0  9999
2 36180  98.4342 179.2426 0209421 359.2406   0.8425 14.21148651724968
1 36182U 99025DTF 26125.05915955  .00003255  00000+0  11335-2 0  9999
2 36182  99.0965  65.2517 0022393  23.7613 336.4600 14.35990000900133
1 36188U 99025DTM 26124.75537049  .00011342  00000+0  21081-2 0  9990
2 36188  98.5851 235.8663 0045050 219.7126 140.0774 14.64668741901436
1 36198U 99025DTX 26125.01884696  .00002560  00000+0  14453-2 0  9991
2 36198  98.6048 152.9530 0098027  69.9140 291.2548 14.08668312656045
1 36199U 99025DTY 26123.31787733  .00000619  00000+0  24521-3 0  9998
2 36199  98.2784 142.6367 0091733   8.5109 351.7604 14.29874827670037
1 36200U 99025DTZ 26123.11113092  .00017529  00000+0  32661-2 0  9991
2 36200  99.3810 221.0416 0029757 297.1539  62.6627 14.64828417754263
1 36203U 99025DUC 26124.15631001  .00009875  00000+0  11929-2 0  9993
2 36203  99.1126  91.8738 0080258  63.3598 297.5803 14.81694001655359
1 36204U 99025DUD 26125.04060383  .00002654  00000+0  93588-3 0  9992
2 36204  99.2916 237.9368 0020373 109.1189 251.2202 14.35594174964832
1 36206U 99025DUF 26111.81506054  .00000804  00000+0  38126-3 0  9996
2 36206  98.4666 134.8414 0029831   2.5702 357.5624 14.21963767662699
1 36207U 99025DUG 26124.47691897  .00002472  00000+0  14684-2 0  9998
2 36207  98.5963   6.2063 0139716 282.1612  76.3935 14.03629584619670
1 36211U 99025DUL 26124.70752171  .00000915  00000+0  27511-3 0  9996
2 36211  98.5144 119.0311 0265961 169.5373 191.1497 14.26546551964072
1 36216U 99025DUR 26124.31250196  .00000476  00000+0  24620-3 0  9998
2 36216  98.5954 145.3371 0043509 326.7961  33.0487 14.19065347663942
1 36218U 99025DUT 26124.35477148  .00004132  00000+0  62985-3 0  9991
2 36218  99.0670 346.7808 0069678 212.2822 147.4109 14.72921451612410
1 36224U 99025DUZ 26124.39181034  .00000121  00000+0  83413-4 0  9992
2 36224  98.7546 173.7906 0113681 306.2943  52.7772 14.12835749664468
1 36225U 99025DVA 26123.65705335  .00064051  00000+0  27823-2 0  9990
2 36225  98.8260 272.3202 0032294 180.4369 179.6840 15.21576833689191
1 36226U 99025DVB 26108.33705519  .00001632  00000+0  89365-3 0  9999
2 36226  98.5997 150.4932 0094541  21.2736 339.2326 14.10966261655477
1 36229U 99025DVE 26122.43742169  .00002607  00000+0  14919-2 0  9996
2 36229 100.9210  16.3840 0103657 113.3915 247.8189 14.08022836652358
1 36230U 99025DVF 26122.47411997  .00001856  00000+0  16528-2 0  9997
2 36230  99.5133 202.4639 0216556 134.2102 227.7062 13.75848889638217
1 36231U 99025DVG 26124.88490081  .00000130  00000+0  92737-4 0  9998
2 36231  98.7089 100.5598 0059771 285.7972  73.6615 14.12085226875633
1 36232U 99025DVH 26124.70923051  .00000460  00000+0  25420-3 0  9998
2 36232  98.7204 109.8885 0117915 341.4861  18.2038 14.12682507637541
1 36234U 99025DVK 26118.92503904  .00000172  00000+0  25775-3 0  9991
2 36234  98.9773 179.7340 0317763  41.9810 320.5217 13.45749191897923
1 36236U 99025DVM 26118.84562034  .00000233  00000+0  23460-3 0  9990
2 36236  98.8289 155.7602 0149023 348.9081  10.8801 13.82059639616416
1 36238U 99025DVP 26124.37028613  .00000061  00000+0  56204-4 0  9999
2 36238  98.6683  97.0217 0020196 232.9309 127.0017 14.12436266890310
1 36244U 99025DVV 26124.26597494  .00003407  00000+0  14256-2 0  9998
2 36244  98.9309 242.4432 0049223 231.5668 128.1088 14.26097093940092
1 36247U 99025DVY 26124.29357580  .00001177  00000+0  36214-3 0  9995
2 36247  98.2629 136.1631 0184603 328.1421  30.8704 14.34062383723057
1 36255U 99025DWG 26124.09823289  .00001866  00000+0  62789-3 0  9997
2 36255  99.4439  63.3977 0064587 111.0451 265.3732 14.37286748660559
1 36258U 99025DWK 26124.92095492  .00002580  00000+0  30570-3 0  9996
2 36258  99.0641 176.8126 0171003  39.9151 321.4484 14.75721255929337
1 36260U 99025DWM 26124.43969716  .00000208  00000+0  12850-3 0  9990
2 36260  98.6641 127.5885 0015561 197.8345 162.2285 14.15481495898276
1 36261U 99025DWN 26123.04045119  .00000376  00000+0  49260-3 0  9990
2 36261 101.3592  38.9587 0355485 107.4953 256.5347 13.45603221863332
1 36262U 99025DWP 26124.42361485  .00000407  00000+0  17960-3 0  9998
2 36262  98.9456  13.5016 0059601 221.0100 138.6591 14.28004511915335
1 36263U 99025DWQ 26122.96169891  .00005512  00000+0  15020-2 0  9999
2 36263  98.9906  17.6883 0033749 199.8494 160.1386 14.47491666900277
1 36267U 99025DWU 26124.80506284  .00001434  00000+0  78085-3 0  9999
2 36267  98.5718  70.2608 0125702 162.5071 228.0001 14.09723115885452
1 36269U 99025DWW 26125.07929167  .00000623  00000+0  20710-3 0  9991
2 36269  99.1267  78.2826 0231688 226.1071 132.0771 14.27699948897613
1 36272U 99025DWZ 26115.48273036  .00000496  00000+0  23401-3 0  9994
2 36272  99.1232   0.4931 0167036 249.0131 109.3102 14.17520359655119
1 36273U 99025DXA 26121.41632846  .00000483  00000+0  25559-3 0  9995
2 36273  99.5884   6.7821 0096085 319.3039  40.0981 14.16742829682110
1 36274U 99025DXB 26123.00243291  .00006005  00000+0  25174-2 0  9993
2 36274  99.1309 207.7615 0062020 184.9911 353.6152 14.25310512649969
1 36278U 99025DXF 26122.55609176  .00000576  00000+0  30138-3 0  9998
2 36278  99.1290  49.6238 0059909 251.3369 108.1295 14.17637676954711
1 36279U 99025DXG 26125.15978060  .00000216  00000+0  13148-3 0  9992
2 36279  98.5808 102.4851 0062017   4.6833 355.4908 14.14812359910673
1 36280U 99025DXH 26123.37079197  .00001420  00000+0  81102-3 0  9992
2 36280  98.7491 153.6375 0062745  25.9368 350.9969 14.10203833883506
1 36281U 99025DXJ 26124.23144720  .00002351  00000+0  23776-2 0  9990
2 36281  99.2594  43.8424 0289739 104.6573 258.6876 13.61171988864554
1 36283U 99025DXL 26123.27299578  .00033807  00000+0  17103-2 0  9994
2 36283  99.4271 126.0129 0052217 309.7692  49.8941 15.15754199688037
1 36644U 99025DXN 26120.29334502  .00001708  00000+0  17938-2 0  9992
2 36644  98.4335 244.7563 0286632 175.7910 184.5744 13.59586265634506
1 36645U 99025DXP 26122.82439723  .00000865  00000+0  92051-3 0  9998
2 36645  98.5112 255.5820 0294440  33.4966 328.4422 13.59121248594631
1 36647U 99025DXR 26123.52369727  .00004248  00000+0  27632-2 0  9995
2 36647  96.1211 220.9357 0235683 245.4344 112.2097 13.90116641323810
1 36652U 99025DXW 26124.18584678  .00002647  00000+0  11581-2 0  9995
2 36652  98.9325 213.5668 0048948 303.0877  56.5607 14.24008200663513
1 36657U 99025DYB 26118.43567812  .00002585  00000+0  44013-3 0  9990
2 36657  99.4283 294.3931 0103035  12.4068 347.9633 14.66734229682597
1 36659U 99025DYD 26121.78185899  .00000729  00000+0  61057-3 0  9990
2 36659  99.8502 137.8810 0136526  66.6008 294.9438 13.87619021623672
1 36664U 99025DYJ 26124.29440857  .00000166  00000+0  87820-4 0  9995
2 36664  98.5890 149.4904 0173229  49.1276 312.4764 14.18027780657711
1 36668U 99025DYN 26119.30887446  .00000999  00000+0  52351-3 0  9998
2 36668  98.6062 129.9986 0051652 189.7899 170.2274 14.15747052593642
1 36678U 99025DYY 26110.66263359  .00000628  00000+0  19494-3 0  9990
2 36678  98.3083  93.7709 0149696 325.9060  33.2580 14.38338486668423
1 36679U 99025DYZ 26102.72347650  .00000560  00000+0  36292-3 0  9996
2 36679  98.8431 100.7174 0086419 114.6111 246.4091 14.04878250262475
1 36680U 99025DZA 26121.73823131  .00000720  00000+0  30724-3 0  9995
2 36680  98.5593 114.0466 0187945 204.4562 336.6759 14.18987534662826
1 36681U 99025DZB 26122.20877173  .00000984  00000+0  57068-3 0  9996
2 36681  98.7032 121.3243 0043180 311.8299  47.9189 14.10602265747384
1 36682U 99025DZC 26123.13447785  .00001065  00000+0  10322-2 0  9994
2 36682  98.4775  15.4452 0230575 259.5313  97.9782 13.70520263633292
1 36684U 99025DZE 26121.30378934  .00223831  00000+0  91501-2 0  9997
2 36684  99.4408 250.2892 0014029 340.6298  19.4398 15.23263490680057
1 36686U 99025DZG 26122.86581369  .00005409  00000+0  67458-3 0  9993
2 36686  98.9939 335.8252 0099763 331.1636  28.4080 14.79439296679371
1 36687U 99025DZH 26125.04659926  .00000097  00000+0  84237-4 0  9995
2 36687  98.7025 210.6835 0090518 222.4573 136.9569 14.04636900647342
1 36689U 99025DZK 26120.62778864  .00001710  00000+0  12984-2 0  9990
2 36689  98.4731   4.2439 0307068 282.1539  74.5376 13.75095724601217
1 36692U 99025DZN 26117.56259635  .00000686  00000+0  53109-3 0  9999
2 36692  99.9945  39.5000 0114862  14.2721 346.1637 13.93660757616975
1 36695U 99025DZR 26118.67193007  .00001565  00000+0  31488-3 0  9998
2 36695  98.2384 100.7141 0256524  74.2587 288.6736 14.44177747915445
1 36696U 99025DZS 26122.80284988  .00004592  00000+0  14392-2 0  9995
2 36696  98.9835 143.7992 0020582 267.8181  92.0650 14.40998616664263
1 36699U 99025DZV 26125.20348991  .00000616  00000+0  27106-3 0  9991
2 36699  98.5683 121.1282 0094979  72.7056 288.4489 14.24497084753692
1 36701U 99025DZX 26124.28903247  .00001915  00000+0  17275-2 0  9991
2 36701 102.7528 130.0195 0256140 288.5194  68.8268 13.72116016630935
1 36703U 99025DZZ 26101.69892527  .00003349  00000+0  14407-2 0  9998
2 36703  97.8096 260.7601 0096336 311.3156  47.9762 14.22728927599764
1 36707U 99025EAD 26124.36449584  .00001252  00000+0  62747-3 0  9994
2 36707  98.7336 173.2199 0050053  74.2004 286.4682 14.17779964661007
1 36710U 99025EAG 26122.44089416  .00005331  00000+0  13091-2 0  9998
2 36710  98.3610 183.8137 0067433 112.3318 248.5042 14.51373490669934
1 36711U 99025EAH 26122.37483603  .00009102  00000+0  24843-2 0  9994
2 36711 100.7908 184.0692 0097915 175.0632 185.1540 14.44814510663405
1 36716U 99025EAN 26124.50206905  .00000217  00000+0  19928-3 0  9991
2 36716  99.2322  47.1024 0148098 204.3804 155.0299 13.88511835649127
1 36719U 99025EAR 26120.60264874  .00003081  00000+0  10409-2 0  9996
2 36719  98.5392 266.2834 0082361  58.6606 302.2607 14.35694188663437
1 36724U 99025EAW 26124.59800045  .00003893  00000+0  15450-2 0  9992
2 36724  99.4570 172.6737 0104494 151.6037   2.4187 14.26462353595081
1 36729U 99025EBB 26124.21591022  .00000315  00000+0  19897-3 0  9994
2 36729  98.7253 106.6881 0045452 210.6970 149.1541 14.10464633892600
1 36734U 99025EBG 26124.41263681  .00002779  00000+0  11545-2 0  9996
2 36734  99.0422 181.0552 0037015 168.4237 191.7802 14.26935283847684
1 36736U 99025EBJ 26124.99453369  .00003014  00000+0  12427-2 0  9998
2 36736  98.7928 204.0745 0060603  85.6022 275.2079 14.26587513906571
1 36743U 99025EBR 26110.36001154  .00001849  00000+0  72584-3 0  9998
2 36743  98.6402 162.7154 0046178 357.1786   2.9129 14.29972327625757
1 36986U 99025EBS 26122.91533578  .00003589  00000+0  17885-2 0  9996
2 36986  99.1341 197.3643 0087106 203.1626 156.5610 14.15641559837414
1 36987U 99025EBT 26115.98608845  .00000801  00000+0  10423-2 0  9991
2 36987 100.8111  12.3551 0319997  88.5316 275.2439 13.46071412626839
1 36990U 99025EBW 26122.97176757  .00000401  00000+0  45352-3 0  9990
2 36990  96.5900  30.1571 0290503 356.8959   3.0377 13.57116376848032
1 36994U 99025ECA 26124.83185185  .00000062  00000+0  78422-4 0  9994
2 36994  98.6652  82.3499 0114237 259.3992  99.4284 13.90842904828960
1 36995U 99025ECB 26122.92096475  .00000260  00000+0  18529-3 0  9997
2 36995  98.3246 355.2075 0038193 269.0632  90.6161 14.04903978655391
1 36996U 99025ECC 26119.17465030  .00001432  00000+0  59347-3 0  9993
2 36996  98.2415 265.3832 0251111 312.4844 229.4786 14.12415155616314
1 37003U 99025ECK 26123.85577229  .00000515  00000+0  38684-3 0  9999
2 37003  98.8325 146.9050 0097679 130.0959  47.1772 13.96490922626401
1 37006U 99025ECN 26120.55890463  .00001982  00000+0  35190-3 0  9992
2 37006  99.2899  28.3750 0252234 195.3399 164.0046 14.49986252671258
1 37008U 99025ECQ 26122.06404528  .00001669  00000+0  98689-3 0  9999
2 37008  99.1464 247.6664 0060272 223.9981 135.6382 14.08282974622899
1 37017U 99025ECZ 26122.13568348  .00006097  00000+0  11738-2 0  9997
2 37017  98.8069  76.0764 0274561 306.6711  50.9524 14.42628745631849
1 37018U 99025EDA 26124.39563352  .00013558  00000+0  31401-2 0  9997
2 37018  98.4989 343.0428 0191271 209.9905 149.0221 14.44556278655873
1 37021U 99025EDD 26120.52145972  .00001231  00000+0  39414-3 0  9994
2 37021  98.3762 137.7402 0174773 199.1114 315.6918 14.32974583720412
1 37028U 99025EDL 26118.57688388  .00003745  00000+0  16421-2 0  9990
2 37028  99.2456  38.1647 0034524  69.5146 290.9731 14.23972426624222
1 37036U 99025EDU 26123.68449689  .00000751  00000+0  47102-3 0  9991
2 37036  98.7262 115.6572 0123568  17.5872 342.9518 14.03747147657397
1 37042U 99025EEA 26123.62876144  .00017044  00000+0  21545-2 0  9997
2 37042  98.5984 257.8828 0047288 300.7988  58.8572 14.81139288748947
1 37044U 99025EEC 26123.01827267  .00007450  00000+0  32504-2 0  9991
2 37044  98.9611 225.4590 0504213 146.6322 216.7707 13.72585898857950
1 37046U 99025EEE 26120.32229318  .00001394  00000+0  60276-3 0  9996
2 37046  98.5370 135.9120 0048096 261.6365  97.9361 14.25333507661552
1 37047U 99025EEF 26123.88058560  .00003505  00000+0  25685-2 0  9990
2 37047  99.1190 177.8484 0234539 192.4839 167.0443 13.84231008640491
1 37048U 99025EEG 26124.40243465  .00000287  00000+0  31977-3 0  9996
2 37048  98.8733 338.8488 0254155 135.7591 348.4745 13.65258624641162
1 37053U 99025EEM 26123.58325757  .00006746  00000+0  15350-2 0  9997
2 37053  99.1477 247.7824 0041813 106.0959 312.3336 14.55736437671008
1 37054U 99025EEN 26123.21568529  .00000636  00000+0  30483-3 0  9991
2 37054  98.5683 105.9780 0101104  56.7102 304.3710 14.19663352664361
1 37056U 99025EEQ 26123.86155346  .00002514  00000+0  40823-3 0  9999
2 37056  98.9648 160.7357 0267457  78.3762 284.7318 14.51094142674720
1 37057U 99025EER 26121.29043692  .00000306  00000+0  17877-3 0  9995
2 37057  98.9165 136.9890 0285034 114.7622 248.3484 13.96326792655459
1 37060U 99025EEU 26121.43725272  .00000451  00000+0  32297-3 0  9990
2 37060  99.0741 183.0272 0079931 323.5826  35.9916 14.00849590646626
1 37061U 99025EEV 26122.37025179  .00004754  00000+0  24141-2 0  9992
2 37061  98.0591 159.6943 0796241  16.8947 345.7132 13.15209725100025
1 37064U 99025EEY 26117.21936178  .00007100  00000+0  33018-2 0  9993
2 37064  98.9063 274.5667 0103530  77.3879 283.8850 14.18062739834546
1 37065U 99025EEZ 26121.34159567  .00001508  00000+0  16076-2 0  9993
2 37065 103.2824 350.3243 0291898 300.6658  56.5995 13.59732838240990
1 37067U 99025EFB 26123.11879650  .00004273  00000+0  25497-2 0  9993
2 37067  99.5288  76.0321 0146724  86.3293 275.4637 14.02565223593898
1 37069U 99025EFD 26117.05283928  .00001270  00000+0  14509-2 0  9994
2 37069  95.8501  35.4474 0420093 251.9414 103.5541 13.38642425895184
1 37077U 99025EFM 26123.70168191  .00000897  00000+0  27687-3 0  9992
2 37077  99.0195 211.7992 0094274 268.5200  90.5187 14.41580607870000
1 37079U 99025EFP 26124.66247566  .00015420  00000+0  28437-2 0  9995
2 37079  98.8645 275.0417 0010821  69.0953 291.1405 14.65562144667052
1 37081U 99025EFR 26123.68762394  .00009678  00000+0  33693-2 0  9998
2 37081  98.6894 277.9542 0253110 301.8757  55.8013 14.19188381605843
1 37400U 99025EFS 26123.23480756  .00000678  00000+0  51951-3 0  9992
2 37400  98.8380 313.1518 0401933 125.8941 238.0218 13.63838399821226
1 37404U 99025EFW 26123.49195948  .00001776  00000+0  66714-3 0  9993
2 37404  98.4553 127.7190 0045171 103.3587  48.1087 14.32216924847692
1 37406U 99025EFY 26123.89478485  .00001186  00000+0  69393-3 0  9990
2 37406  98.4327 351.1266 0147869 223.6219 149.4544 14.04738076652283
1 37415U 99025EGH 26122.51452566  .00000357  00000+0  46491-3 0  9993
2 37415  98.9820 222.2155 0285003 182.8060 177.1491 13.52186674642241
1 37417U 99025EGK 26121.71867981  .00000308  00000+0  20280-3 0  9991
2 37417  98.8070 115.9332 0078062 226.1060 133.3646 14.07552374703194
1 37418U 99025EGL 26122.83662553  .00000871  00000+0  21526-2 0  9992
2 37418  98.6080 332.9568 1074407  40.8069 326.8611 11.95271434511700
1 37420U 99025EGN 26122.22155203  .00000126  00000+0  11298-3 0  9996
2 37420  98.8720 112.8861 0072692 244.1063 115.2596 13.99891422617309
1 37421U 99025EGP 26121.78429505  .00000444  00000+0  53121-3 0  9990
2 37421  98.9065  64.9927 0409349  93.6530 271.1498 13.40673474628229
1 37423U 99025EGR 26122.84735799  .00001229  00000+0  74021-3 0  9999
2 37423  98.7679 174.1596 0050277 122.4199 238.1848 14.07925976655953
1 37424U 99025EGS 26124.01139878  .00002385  00000+0  93165-3 0  9991
2 37424  97.2066 230.9433 0212966 216.4311 142.2218 14.18643527705902
1 37427U 99025EGV 26124.70776402  .00009246  00000+0  53166-3 0  9990
2 37427  98.6430 287.1135 0174676 187.8334 172.0153 15.00678596624656
1 37428U 99025EGW 26121.84298694  .00005112  00000+0  17287-2 0  9996
2 37428  97.7119 334.8594 0056016  35.9263 324.5671 14.36321752654469
1 37430U 99025EGY 26119.95377635  .00003579  00000+0  13962-2 0  9992
2 37430  98.7525 199.8215 0017235  30.8369 329.3822 14.30219194636768
1 37432U 99025EHA 26124.77779914  .00002112  00000+0  40898-3 0  9997
2 37432  98.1767 139.9270 0179638 204.9862 154.2561 14.54586350104555
1 37435U 99025EHD 26122.38512719  .00001867  00000+0  84139-3 0  9995
2 37435  98.6308 161.0091 0038698 327.2749  32.6032 14.23029267909396
1 37436U 99025EHE 26121.42879108  .00000881  00000+0  54848-3 0  9997
2 37436  98.9121 179.0053 0060061 117.7029 243.0251 14.06611324659623
1 37437U 99025EHF 26124.23282596  .00000993  00000+0  46458-3 0  9991
2 37437  98.5942 116.7858 0111571 357.8335  21.7642 14.19204246660129
1 37438U 99025EHG 26123.85365996  .00000981  00000+0  51804-3 0  9993
2 37438  98.7228 164.9739 0029611 173.4402 186.7165 14.15879914621464
1 37441U 99025EHK 26123.23978994  .00000756  00000+0  10998-2 0  9995
2 37441  99.1439 316.3245 0509337  77.4469 288.3109 13.14531953840316
1 37444U 99025EHN 26124.52051610  .00002087  00000+0  39057-3 0  9995
2 37444  99.0724 220.8507 0239980 282.0690  75.3705 14.49340145672183
1 37448U 99025EHS 26125.00690848  .00001549  00000+0  92960-3 0  9999
2 37448  99.3042 194.3893 0303374  34.4824 327.5611 13.87875735643627
1 37453U 99025EHX 26122.48453985  .00002394  00000+0  18220-2 0  9998
2 37453  97.6398  34.9492 0357334 218.9061 138.5876 13.68220044915495
1 37460U 99025EJE 26123.28086656  .00008168  00000+0  20728-2 0  9993
2 37460  98.3862 303.2532 0053247 217.1561 142.5943 14.50190751845390
1 37461U 99025EJF 26123.89018305  .00001505  00000+0  26780-2 0  9999
2 37461  99.8668   0.2144 0664397  15.3942 346.6338 12.79565063538529
1 37464U 99025EJJ 26124.16247351  .00002134  00000+0  19034-2 0  9991
2 37464 102.7105  91.8900 0451045 165.0292 196.4700 13.48078907628407
1 37474U 99025EJU 26121.90661115  .00011141  00000+0  13525-2 0  9996
2 37474  99.1557 350.8786 0127099  59.1005 302.2627 14.78100709644449
1 37477U 99025EJX 26122.45834615  .00001396  00000+0  66999-3 0  9992
2 37477  98.6053 128.2609 0038166  61.3135 299.1871 14.20112342839111
1 37478U 99025EJY 26123.88998468  .00001487  00000+0  23632-2 0  9995
2 37478  99.6635  96.8149 0546498 352.1617   7.1206 13.03507645584138
1 37589U 99025EKH 26123.47190224  .00003715  00000+0  20222-2 0  9995
2 37589  99.0728  32.0480 0112912 226.4308 132.7445 14.09648933845805
1 37591U 99025EKK 26125.10127705  .00017480  00000+0  36243-2 0  9998
2 37591  98.4099  77.5209 0063017 273.5778 143.3118 14.58996998685516
1 37593U 99025EKM 26122.94354225  .00003662  00000+0  10842-2 0  9992
2 37593  99.0141  11.9020 0149494  61.8943 315.7478 14.37743247881495
1 37594U 99025EKN 26118.52901414  .00000365  00000+0  21848-3 0  9996
2 37594  98.7165 149.0499 0084735 241.0519 118.2137 14.11258667796917
1 37595U 99025EKP 26120.44897169  .00025743  00000+0  33817-2 0  9997
2 37595  99.0460 351.1352 0020213 295.6831 195.1576 14.80076476646510
1 37600U 99025EKU 26123.67513532  .00002474  00000+0  13854-2 0  9996
2 37600  98.9351 278.6459 0350616  26.5249 335.3386 13.84694455904501
1 37683U 99025EKY 26119.98835711  .00001824  00000+0  14590-2 0  9998
2 37683  97.9981  15.0820 0582198 132.6062 251.2339 13.32598957310811
1 37686U 99025ELB 26122.28123471  .00000421  00000+0  57351-3 0  9996
2 37686  99.0155 129.6641 0396649  53.6553 327.1261 13.35489973625034
1 37687U 99025ELC 26122.33952850  .00005039  00000+0  28451-2 0  9992
2 37687  98.1892 145.3370 0328078 330.8562  41.9493 13.86800364852024
1 37689U 99025ELE 26123.10230472  .00008336  00000+0  21008-2 0  9993
2 37689  98.9097 177.1850 0021642 170.0343 190.1284 14.51244740598615
1 37691U 99025ELG 26123.48874354  .00023659  00000+0  27561-2 0  9995
2 37691  98.3654  33.8573 0262924  69.2918 293.6252 14.63453446877036
1 37693U 99025ELJ 26124.47689597  .00000698  00000+0  41874-3 0  9992
2 37693  98.6982 124.2298 0072429  32.6839 119.0799 14.08804860641584
1 37694U 99025ELK 26117.42915718  .00003848  00000+0  17119-2 0  9991
2 37694  98.1849 179.5179 0146710  58.8668 318.6839 14.17813665536261
1 37695U 99025ELL 26121.83859834  .00001405  00000+0  85344-3 0  9991
2 37695  98.1878 149.0868 0460194 245.7194 299.1075 13.65527959911630
1 37701U 99025ELS 26120.62055620  .00008694  00000+0  44570-2 0  9998
2 37701  97.6531 254.2396 0251931 166.7353 260.6388 14.00528334780068
1 37704U 99025ELV 26124.47158513  .00001407  00000+0  13159-2 0  9997
2 37704  98.3266 303.7102 0241151 155.2251 236.7635 13.70886310643202
1 37707U 99025ELY 26124.37906406  .00001985  00000+0  39772-3 0  9992
2 37707 100.2091 165.4212 0140648 330.3014  43.1329 14.57329670876431
1 37712U 99025EMD 26124.15506441  .00000941  00000+0  32293-3 0  9991
2 37712  98.8381 271.7435 0077695 292.9526 245.0899 14.36888642660051
1 37714U 99025EMF 26121.28899316  .00005598  00000+0  20034-2 0  9992
2 37714  98.8969 241.6972 0046551  36.1159 324.3153 14.33817918595083
1 37715U 99025EMG 26121.81425200  .00000443  00000+0  33681-3 0  9996
2 37715  98.9543 130.6540 0115151  87.5870  89.9750 13.95639519597573
1 37717U 99025EMJ 26122.19439080  .00049765  00000+0  33892-2 0  9994
2 37717  98.7479  99.9763 0045163  10.5967   4.8181 15.05251939915031
1 37719U 99025EML 26115.39044118  .00003596  00000+0  79232-3 0  9995
2 37719  99.4851 164.8766 0044025 218.6545 155.9093 14.57581501 21854
1 37900U 99025EMZ 26123.10894399  .00003733  00000+0  19636-2 0  9993
2 37900 102.2988 253.8890 0210175 245.7685 112.1380 14.04337348617983
1 37902U 99025ENB 26123.52936957  .00001912  00000+0  21156-2 0  9995
2 37902  98.6773 331.6020 0318309 301.2551  55.7767 13.53216198648946
1 37906U 99025ENF 26111.39098178  .00000255  00000+0  25742-3 0  9990
2 37906  99.5795 159.2472 0163052  48.1265 332.1543 13.80978578612459
1 37907U 99025ENG 26123.59644814  .00005238  00000+0  22070-2 0  9996
2 37907  99.0845 246.3096 0061540 138.5742 222.0126 14.25126500852926
1 37908U 99025ENH 26123.38965777  .00001315  00000+0  44532-3 0  9998
2 37908  99.1320 169.0281 0074882 104.2934 256.6581 14.37037137660957
1 37914U 99025ENP 26104.21880683  .00001229  00000+0  62486-3 0  9990
2 37914  99.2199 106.3033 0068214   9.2603 350.9810 14.16660113639229
1 37918U 99025ENT 26124.85102861  .00001253  00000+0  44960-3 0  9995
2 37918  99.0463  85.8617 0054276 224.0009 135.6848 14.34973982 55945
1 37919U 99025ENU 26122.57738403  .00001004  00000+0  42590-3 0  9991
2 37919  99.0736  70.5739 0048263 331.0017  28.8483 14.27123616669179
1 37921U 99025ENW 26123.35622578  .00000112  00000+0  11096-3 0  9992
2 37921  98.9991 166.2172 0084473  71.0259 290.0034 13.95241547651229
1 37925U 99025EPA 26121.43708399  .00014067  00000+0  16640-2 0  9992
2 37925  99.0722  14.2838 0050603 262.3545  97.1916 14.83831994677524
1 37926U 99025EPB 26125.13695137  .00002760  00000+0  11752-2 0  9995
2 37926  98.7077 192.2688 0054356 164.9859 225.6373 14.25188744763129
1 37927U 99025EPC 26124.18760315  .00026065  00000+0  33711-2 0  9994
2 37927  98.8127 285.7054 0007855 181.1790 178.9403 14.80846361672185
1 37928U 99025EPD 26121.93672998  .00001560  00000+0  51953-3 0  9996
2 37928  98.9013   6.5541 0071727 340.8043  19.0442 14.37672090832066
1 38116U 99025EPM 26121.39548139  .00001028  00000+0  51554-3 0  9991
2 38116  98.6936 162.2236 0072904 106.5785 270.5243 14.17327650664632
1 38119U 99025EPQ 26121.44222105  .00018840  00000+0  71254-2 0  9990
2 38119  98.5873 194.9795 0231874 187.4013 172.3719 14.17507118559876
1 38121U 99025EPS 26116.70428838  .00002596  00000+0  95589-3 0  9996
2 38121  99.1310 277.8965 0205244 102.1793 260.2455 14.22475002858387
1 38122U 99025EPT 26123.28932885  .00002638  00000+0  58261-3 0  9993
2 38122  98.3199 127.5054 0226781  88.5485 274.1670 14.43386303697807
1 38130U 99025EQB 26121.58582863  .00001711  00000+0  14904-2 0  9996
2 38130  98.5908 165.1854 0207308 208.1754 150.8057 13.77831744712082
1 38135U 99025EQG 26108.88715682  .00000814  00000+0  28046-3 0  9992
2 38135  98.6376 169.0524 0221981  60.9167 301.4045 14.25680639628524
1 38137U 99025EQJ 26124.92945677  .00000255  00000+0  17913-3 0  9996
2 38137  98.8422 169.5316 0046021  28.7808 331.5886 14.06300153657212
1 38143U 99025EQQ 26121.89035356  .00000848  00000+0  54449-3 0  9993
2 38143  99.0057 181.9631 0056557 190.3767 169.6237 14.05184523622514
1 38144U 99025EQR 26123.22706574  .00001466  00000+0  15445-2 0  9999
2 38144  98.9781 300.9821 0289843 185.2905 174.5154 13.59407167629592
1 38146U 99025EQT 26124.05978054  .00003874  00000+0  61045-3 0  9990
2 38146  99.4767 229.9197 0196821  35.6912 143.3457 14.61033461339560
1 38147U 99025EQU 26120.32550881  .00001019  00000+0  45835-3 0  9999
2 38147  98.5519 135.7929 0048401 255.3590 104.2220 14.23849270623590
1 38149U 99025EQW 26124.70029610  .00000456  00000+0  20105-3 0  9995
2 38149  98.3689 115.4743 0078808 101.6640 259.3398 14.26102784725259
1 38155U 99025ERC 26124.50003958  .00004819  00000+0  19043-2 0  9992
2 38155  98.4424  28.7242 0097868  69.9256 291.2426 14.26828026658100
1 38157U 99025ERE 26124.72968507  .00002834  00000+0  88392-3 0  9997
2 38157  99.6571  50.3986 0272392  72.5665 290.5093 14.22591009782806
1 38159U 99025ERG 26118.98629904  .00000567  00000+0  38508-3 0  9990
2 38159  99.3031  18.8846 0055936 324.4038  35.3402 14.03682227850375
1 38166U 99025ERP 26124.25052660  .00005388  00000+0  19463-2 0  9998
2 38166  99.0778 238.8943 0049330 350.9580   9.0709 14.33305740658129
1 38169U 99025ERS 26124.71123468  .00015689  00000+0  22313-2 0  9990
2 38169  98.9864 119.2945 0026922 347.6915  12.3631 14.76729674633753
1 38173U 99025ERW 26116.02037328  .00004305  00000+0  12285-2 0  9999
2 38173  98.9957  27.5616 0161434  77.5386 284.3810 14.38353730625739
1 38491U 99025ESA 26121.96447492  .00000767  00000+0  47276-3 0  9995
2 38491  98.9355 129.2495 0225293   0.4161 359.7150 13.96550509684172
1 38492U 99025ESB 26107.46812267  .00003859  00000+0  23073-2 0  9994
2 38492  98.6033 175.9047 0231805 161.0075 199.9914 13.95142305577564
1 38493U 99025ESC 26123.62627599  .00000227  00000+0  18912-3 0  9996
2 38493  99.1009  78.9105 0425766 236.9753 118.9809 13.62490951584308
1 38494U 99025ESD 26124.79254545  .00006522  00000+0  22601-2 0  9996
2 38494  98.4492  69.7012 0376145 325.4162  32.3049 14.02908922 91581
1 38496U 99025ESF 26108.26679467  .00000929  00000+0  53206-3 0  9997
2 38496  98.7607 119.7782 0077536   9.7894 350.4766 14.10406785828048
1 38498U 99025ESH 26124.30507208  .00000658  00000+0  11690-2 0  9994
2 38498  99.6952 134.0994 0558900 107.9239 258.3597 12.96877380555917
1 38510U 99025ESV 26119.30434141  .00001023  00000+0  53758-3 0  9997
2 38510  98.5995 128.1515 0099112 116.4338 244.7047 14.13681002906138
1 38512U 99025ESX 26124.10337987  .00001280  00000+0  11533-2 0  9992
2 38512  98.3709 353.5825 0227783  81.5536 281.1363 13.74381482615259
1 38513U 99025ESY 26123.45176667  .00009190  00000+0  74519-3 0  9998
2 38513  97.6208  22.5597 0235691 142.7473 219.0355 14.80595327657500
1 38514U 99025ESZ 26124.76725654  .00006315  00000+0  22072-2 0  9992
2 38514  98.0416 146.2635 0249855 315.1826  42.9409 14.19500652900232
1 38516U 99025ETB 26118.21808888  .00000375  00000+0  13937-3 0  9999
2 38516  98.4575 104.0776 0111665  80.2606 281.1170 14.34174644868291
1 38717U 99025ETJ 26123.01520563  .00002955  00000+0  13683-2 0  9990
2 38717  99.1471 148.1757 0053484 312.9464  77.0110 14.20873239604325
1 38722U 99025ETP 26124.58444640  .00009772  00000+0  16681-2 0  9995
2 38722  99.3551 246.2883 0134858  24.1294 336.6144 14.63329302725497
1 38724U 99025ETR 26122.47617878  .00007557  00000+0  35031-2 0  9997
2 38724  98.7310 133.7325 0122674  30.0129 330.8004 14.17101722586165
1 38725U 99025ETS 26124.16979967  .00006917  00000+0  19681-2 0  9998
2 38725  98.8809 260.5287 0033811 190.6041 169.4440 14.45306366754086
1 38727U 99025ETU 26124.95040742  .00001385  00000+0  84554-3 0  9993
2 38727  98.6097 119.9689 0103631 176.3072 212.6204 14.04924563738431
1 38728U 99025ETV 26123.28671505  .00006976  00000+0  10531-2 0  9990
2 38728  99.2609 135.1243 0069696 339.5505  76.8404 14.73052483676937
1 38789U 99025EUD 26119.51893610  .00003071  00000+0  66659-3 0  9997
2 38789  98.8446  16.7728 0203862 332.4956 154.0419 14.46804225638377
1 38795U 99025EUK 26117.72428894  .00001670  00000+0  18215-2 0  9990
2 38795  98.6964 125.0332 0498447 277.5234  76.9556 13.30482561803202
1 38797U 99025EUM 26122.47801161  .00000423  00000+0  49877-3 0  9996
2 38797  99.4728  16.3980 0244376 221.7806 136.4450 13.61790662611983
1 38799U 99025EUP 26119.96281334  .00003085  00000+0  68648-3 0  9996
2 38799  98.3906 199.9182 0159335 288.2701  70.1212 14.50145316660416
1 38801U 99025EUR 26123.38899712  .00001272  00000+0  30175-3 0  9996
2 38801  98.3495 172.7406 0343300 295.1796  79.2702 14.25588780663784
1 38803U 99025EUT 26124.47371643  .00003948  00000+0  16714-2 0  9991
2 38803  99.1331 138.9858 0061237 349.5536  10.4366 14.25069843622446
1 38809U 99025EUZ 26123.25904617  .00000860  00000+0  34493-3 0  9990
2 38809  98.5857 134.0424 0220298 279.3624  78.2707 14.18565478712129
1 38813U 99025EVD 26124.30913743  .00000788  00000+0  38980-3 0  9996
2 38813  99.3472 134.5134 0007248  79.3308 280.8682 14.20496235502749
1 38818U 99025EVJ 26114.42411162  .00000818  00000+0  26197-3 0  9992
2 38818  98.2760 171.4336 0088169  60.5773 315.3225 14.39876498691575
1 38819U 99025EVK 26117.23012446  .00000716  00000+0  34765-3 0  9994
2 38819  98.6286 111.5095 0080090 163.0717 208.6804 14.19658155654002
1 38824U 99025EVQ 26124.85616977  .00004836  00000+0  23684-2 0  9999
2 38824  99.2984 269.4017 0097851 160.3571 200.1412 14.15863514711614
1 38827U 99025EVT 26115.31069439  .00001574  00000+0  45416-3 0  9992
2 38827  98.3734 139.1073 0213410 275.2958  82.3912 14.33683110629739
1 38829U 99025EVV 26123.47929547  .00000914  00000+0  54314-3 0  9999
2 38829  98.7410 140.3649 0040182 350.9025   9.1414 14.09524459661293
1 38832U 99025EVY 26123.85426806  .00001429  00000+0  88657-3 0  9994
2 38832  99.2508 176.0925 0084611  10.4317 349.8580 14.05045004657531
1 39537U 99025EWE 26123.86390750  .00001849  00000+0  14940-2 0  9995
2 39537  99.1630 271.1962 0172123 320.5459  38.3265 13.84920852612232
1 39540U 99025EWH 26125.06077955  .00002084  00000+0  26068-2 0  9998
2 39540 106.1871  81.6045 0401310  54.1367   5.9613 13.37477271710145
1 39543U 99025EWL 26124.33628171  .00000994  00000+0  77532-3 0  9993
2 39543  99.0237 150.8510 0339329 126.8175 236.4614 13.70523722511381
1 39544U 99025EWM 26124.45134994  .00000713  00000+0  45676-3 0  9995
2 39544  98.7247   3.4587 0053818 329.0489  30.7511 14.05747409588606
1 40688U 99025EWU 26125.18123421  .00000306  00000+0  29015-3 0  9997
2 40688  98.9881 273.3760 0141530   5.6658 354.6060 13.83983812319017
1 40689U 99025EWV 26123.04367886  .00001610  00000+0  14585-2 0  9990
2 40689  99.1262  37.8180 0310975  94.0601 269.6147 13.65225640568110
1 40691U 99025EWX 26111.34156429  .00000079  00000+0  93360-4 0  9990
2 40691  99.0373 145.0932 0127788 319.3529  39.8145 13.90016193572368
1 40695U 99025EXB 26117.64418952  .00000875  00000+0  14404-3 0  9990
2 40695  99.4419 257.5026 0278338 289.4239  67.7069 14.51574309338375
1 41003U 99025EXH 26123.08894611  .00022352  00000+0  27522-2 0  9997
2 41003  98.9694  62.8824 0058601 204.8687 154.9696 14.81738782545070
1 41005U 99025EXK 26109.83694845  .00001480  00000+0  82708-3 0  9990
2 41005  98.9426 141.0983 0572585 125.6897 239.8933 13.51213326541101
1 41006U 99025EXL 26123.03543060  .00003983  00000+0  30565-2 0  9994
2 41006 102.3672  43.5634 0185746  34.1433 327.1497 13.86317846594466
1 41007U 99025EXM 26124.93262837  .00001236  00000+0  99084-3 0  9996
2 41007  99.9589 165.8246 0170961  29.4807 331.5858 13.86310611593829
1 41011U 99025EXR 26124.41130488  .00001471  00000+0  25539-3 0  9995
2 41011  99.1442 185.3794 0305358 295.9291  61.0722 14.43981339592151
1 41822U 99025EXZ 26124.12110157  .00003040  00000+0  12757-2 0  9995
2 41822  98.7166 194.5763 0055940 166.6583 193.6092 14.25807600494010
1 41823U 99025EYA 26125.08308715  .00003297  00000+0  14194-2 0  9992
2 41823  98.7036 192.1423 0055368 171.9769 188.2308 14.24444820493988
1 41824U 99025EYB 26124.61945426  .00003034  00000+0  12881-2 0  9997
2 41824  98.7152 192.7204 0057798 172.2721 187.9362 14.25150832493942
1 41825U 99025EYC 26123.14716560  .00003310  00000+0  13790-2 0  9997
2 41825  98.7274 196.6696 0056137 169.3085 190.9302 14.26121643493635
1 41826U 99025EYD 26124.13548629  .00002763  00000+0  11871-2 0  9996
2 41826  98.7169 193.9397 0056274 170.1732 190.0562 14.24657941493876
1 41827U 99025EYE 26124.62677896  .00003358  00000+0  13901-2 0  9997
2 41827  98.7289 198.3737 0058945 159.2891 201.0697 14.26340417493677
1 41828U 99025EYF 26124.85451064  .00016881  00000+0  37016-2 0  9998
2 41828  98.9221 267.3650 0035944 104.2503 256.2689 14.57289863495442
1 41829U 99025EYG 26125.17733500  .00003910  00000+0  16233-2 0  9990
2 41829  98.7302 198.9176 0056596 161.4177 198.9087 14.26172496493510
1 41830U 99025EYH 26124.72176183  .00003593  00000+0  14534-2 0  9999
2 41830  98.7397 201.6968 0055006 160.3097 200.0224 14.27598456493136
1 41831U 99025EYJ 26125.16381726  .00003935  00000+0  16524-2 0  9991
2 41831  98.7192 196.2407 0056867 164.5967 195.6959 14.25566800493023
1 41832U 99025EYK 26123.64021611  .00002936  00000+0  12470-2 0  9993
2 41832  98.7137 191.7339 0055816 173.1084 187.0875 14.25225714493710
1 41833U 99025EYL 26124.13778086  .00003613  00000+0  14805-2 0  9991
2 41833  98.7339 198.4619 0054812 168.8229 191.4183 14.26942747493946
1 43213U 99025EYM 26125.14618360  .00002655  00000+0  11388-2 0  9993
2 43213  98.7202 193.5993 0055546 170.8453 189.3752 14.24807286424147
1 43214U 99025EYN 26123.16571126  .00003169  00000+0  13478-2 0  9995
2 43214  98.7211 192.0330 0055748 175.9750 184.1889 14.25096685424178
1 43358U 99025EYP 26124.76716494  .00001831  00000+0  22913-2 0  9998
2 43358  98.6898 229.8856 0364770 200.7354 157.8648 13.40817276556476
1 43359U 99025EYQ 26122.69046540  .00003826  00000+0  16223-2 0  9990
2 43359  99.0444 211.7722 0070878 330.3973  29.3201 14.24659781497550
1 45526U 99025EYR 26124.16505629  .00003487  00000+0  14251-2 0  9992
2 45526  98.7499 201.3649 0054341 167.8877 192.3624 14.27126906454071
1 45527U 99025EYS 26124.17622756  .00002883  00000+0  12183-2 0  9996
2 45527  98.7239 195.0785 0055534 171.7461 188.4645 14.25506789416089
1 46439U 99025EYU 26123.17900766  .00000718  00000+0  31667-3 0  9992
2 46439  98.5432 110.6908 0120596 356.7421   3.2960 14.22515918623745
1 46440U 99025EYV 26121.33939878  .00000898  00000+0  37384-3 0  9997
2 46440  98.5756 149.3711 0176361  91.3117 325.9842 14.20555226643516
1 46443U 99025EYY 26118.15159905  .00002791  00000+0  14928-2 0  9993
2 46443  99.2014 193.5329 0094381 334.4799  55.6138 14.11777707615208
1 46444U 99025EYZ 26123.27142500  .00001180  00000+0  47815-3 0  9999
2 46444  98.5162 126.6235 0084930  96.4133 282.0915 14.27562729646019
1 46450U 99025EZF 26122.83320034  .00002990  00000+0  16289-2 0  9997
2 46450  98.0726 329.0358 0181940  18.7540 342.0219 14.04741946630999
1 46451U 99025EZG 26122.26926220  .00006575  00000+0  25683-2 0  9995
2 46451  98.1437 135.8020 0169142 133.0765 289.3613 14.22324573590033
1 46468U 99025EZK 26124.72427899  .00003251  00000+0  13673-2 0  9998
2 46468  98.8781 219.2587 0045249 176.2036 337.4854 14.25954960758531
1 46986U 99025EZL 26121.79482528  .00001333  00000+0  34880-3 0  9990
2 46986  98.2219 146.7952 0105250 144.0577 216.7756 14.47682548654267
1 46987U 99025EZM 26122.35095404  .00009219  00000+0  25264-2 0  9993
2 46987  98.9136 264.7578 0029899 281.1787  78.6043 14.47088130593733
1 46989U 99025EZP 26123.24982685  .00003406  00000+0  26797-2 0  9994
2 46989  99.5105 290.8832 0227588 326.2354 214.7594 13.81139086729949
1 46990U 99025EZQ 26122.34868671  .00012464  00000+0  26193-2 0  9998
2 46990  98.2251 323.4632 0337818   4.7195 174.3347 14.29613523105344
1 46992U 99025EZS 26118.68511714  .00000649  00000+0  45272-3 0  9997
2 46992  98.9294 107.1134 0072527 140.1943 220.4574 14.00882415628749
1 46993U 99025EZT 26101.08225608  .00000289  00000+0  29749-3 0  9999
2 46993  98.7283 213.4453 0262044 343.5932 193.0107 13.69285698618901
1 46995U 99025EZV 26125.15062804  .00002363  00000+0  17766-2 0  9992
2 46995  98.5866 200.6141 0188118  86.2544 276.0103 13.87214463624568
1 46997U 99025EZX 26123.88906764  .00002126  00000+0  85880-3 0  9994
2 46997  98.5405 166.3708 0023410 276.5422 262.2702 14.28767927644803
1 47001U 99025FAB 26123.47575379  .00003959  00000+0  12569-2 0  9998
2 47001  99.2888 198.3600 0049358 356.4552   3.6277 14.39905277759535
1 47003U 99025FAD 26113.03439981  .00000374  00000+0  51456-3 0  9996
2 47003  98.8628  34.0565 0334296  88.8220 275.1185 13.42877886670685
1 47005U 99025FAF 26123.05993481  .00004032  00000+0  21726-2 0  9992
2 47005  99.5960 226.7778 0063240 209.5918 330.7594 14.12368742847619
1 47007U 99025FAH 26122.32498675  .00003570  00000+0  19880-2 0  9992
2 47007  98.2022 334.6408 0234941  18.1291 342.8078 13.98520238808139
1 47009U 99025FAK 26122.18861170  .00000111  00000+0  20179-3 0  9994
2 47009  98.9594  94.3559 0351368 269.3184  86.7681 13.37395693606861
1 47012U 99025FAN 26123.92512700  .00000276  00000+0  28339-3 0  9991
2 47012  98.7389 356.3557 0163679  42.4376 318.9300 13.78063907565310
1 47013U 99025FAP 26123.44296008  .00003625  00000+0  15066-2 0  9992
2 47013  98.0651 187.0669 0057811 104.2239 256.5374 14.26044821752789
1 47015U 99025FAR 26124.45674882  .00005493  00000+0  44281-3 0  9993
2 47015  98.6878 200.1525 0167575  13.5943 346.9703 14.89990361665050
1 47025U 99025FBB 26123.88858539  .00005426  00000+0  14477-2 0  9992
2 47025  99.0278 344.9719 0036938 296.0831  78.2306 14.48450913647989
1 47029U 99025FBF 26124.35153363  .00024520  00000+0  13758-2 0  9999
2 47029  98.9356 153.2204 0107682 240.0886 118.9609 15.08472807 52196
1 47036U 99025FBN 26121.89616734  .00000210  00000+0  12695-3 0  9999
2 47036  98.6981 167.0550 0068696  57.7380 120.7544 14.15264253619093
1 47040U 99025FBS 26102.05812363  .00000471  00000+0  31182-3 0  9998
2 47040 100.2963  30.2341 0062343 271.1765  88.2257 14.06721188908005
1 47041U 99025FBT 26121.36258398  .00073966  00000+0  35243-2 0  9996
2 47041  98.2364 164.1049 0012895  89.8035 283.4216 15.18742570733002
1 47042U 99025FBU 26124.49300265  .00000406  00000+0  19807-3 0  9993
2 47042  98.9918  30.0530 0054415 345.6322 196.3991 14.23016092645515
1 47100U 99025FBY 26124.99967707  .00005663  00000+0  12911-2 0  9991
2 47100  99.0219 320.3597 0083510 282.8098  76.3775 14.54133002288485
1 47101U 99025FBZ 26121.36677778  .00007659  00000+0  33598-2 0  9997
2 47101  98.8096 186.4799 0103121  21.4320 339.1127 14.21069840366421
1 47102U 99025FCA 26122.09149089  .00002514  00000+0  11678-2 0  9998
2 47102  98.4470  58.7438 0118355   7.6027   8.0382 14.17832375639299
1 47104U 99025FCC 26116.82632679  .00000317  00000+0  17053-3 0  9999
2 47104  98.8887 152.0369 0039747 310.3871  49.3838 14.19560641642896
1 48518U 99025FCG 26120.35305881  .00004274  00000+0  22336-2 0  9999
2 48518  99.2588  90.7445 0130984  72.1916 289.3495 14.10618055621234
1 49389U 99025FCJ 26100.24522416  .00002803  00000+0  17643-2 0  9998
2 49389  98.7067 290.2881 0135833 219.7078 139.4083 14.00642553245075
