object_id,line1,line2,source
FY1C_001,1 25730U 99025A   26125.18059819  .00002636  00000+0  11041-2 0  9994,2 25730  98.8639 198.1396 0010510  23.9231 336.2435 14.26870283391826,Fengyun-1C
FY1C_002,1 29733U 99025X   26124.61711778  .00001187  00000+0  20396-2 0  9990,2 29733  99.2091 163.9268 0565528 231.7505 286.6801 12.96724829909712,Fengyun-1C
FY1C_003,1 29734U 99025Y   26124.72095970  .00001979  00000+0  31907-2 0  9991,2 29734  99.1715  36.2763 0616183  43.7835 346.4050 12.91811153903940,Fengyun-1C
FY1C_004,1 29735U 99025Z   26124.19038905  .00000556  00000+0  10087-2 0  9994,2 29735  99.3877  20.4567 0696613 219.4877 135.3436 12.75580242892318,Fengyun-1C
FY1C_005,1 29736U 99025AA  26124.42942706  .00000720  00000+0  16632-2 0  9999,2 29736  99.4193 281.6117 0723013 251.9880 131.2273 12.57695800883381,Fengyun-1C
FY1C_006,1 29737U 99025AB  26124.60959755  .00000886  00000+0  18890-2 0  9993,2 29737  99.5822  61.2226 0692992 189.1626 350.2339 12.66060981886763,Fengyun-1C
FY1C_007,1 29738U 99025AC  26124.82291508  .00001921  00000+0  26715-2 0  9999,2 29738  99.4173 270.8950 0848033 343.5979  13.9144 12.61931606880217,Fengyun-1C
FY1C_008,1 29740U 99025AE  26124.23638662  .00001359  00000+0  36100-2 0  9997,2 29740  99.0464 300.2298 0973268 273.9614  75.0907 12.08551888846560,Fengyun-1C
FY1C_009,1 29741U 99025AF  26124.32770147  .00001648  00000+0  41900-2 0  9998,2 29741  99.1765 323.2388 1026266 143.9005  29.4218 12.01478884538955,Fengyun-1C
FY1C_010,1 29748U 99025AN  26124.65055878  .00028652  00000+0  18840+0 0  9996,2 29748  99.8579  23.5201 0723169 100.4803 267.8490 11.91462726804340,Fengyun-1C
FY1C_011,1 29750U 99025AQ  26124.35105572  .00000303  00000+0  19579-3 0  9990,2 29750  98.7360 154.4485 0034744 256.5634 115.6209 14.09779244990832,Fengyun-1C
FY1C_012,1 29751U 99025AR  26124.33182490  .00000299  00000+0  14305-3 0  9999,2 29751  98.5239 153.0000 0090280  84.4018 290.1214 14.23750584  1015,Fengyun-1C
FY1C_013,1 29754U 99025AU  26124.82335036  .00001483  00000+0  71771-3 0  9998,2 29754  98.8860 232.9754 0036210 188.8261 298.2984 14.19690333993840,Fengyun-1C
FY1C_014,1 29758U 99025AY  26124.28113595  .00006251  00000+0  18606-2 0  9991,2 29758  98.8602 250.3706 0020341 243.1035 146.5018 14.43375577997261,Fengyun-1C
FY1C_015,1 29760U 99025BA  26124.42543043  .00000321  00000+0  19539-3 0  9994,2 29760  98.7650 127.5806 0131474 130.9151 230.3492 14.08398912991018,Fengyun-1C
FY1C_016,1 29762U 99025BC  26124.71756447  .00000459  00000+0  18338-3 0  9990,2 29762  98.5960 109.0346 0202481 279.8829 267.2712 14.22822307999814,Fengyun-1C
FY1C_017,1 29763U 99025BD  26124.52417154  .00000296  00000+0  18449-3 0  9991,2 29763  98.7791 104.9093 0128035 137.8837 347.2388 14.08002273990596,Fengyun-1C
FY1C_018,1 29765U 99025BF  26123.32889237  .00000276  00000+0  20483-3 0  9994,2 29765  98.8199 142.0225 0059152  58.6306 313.3157 14.02188544987353,Fengyun-1C
FY1C_019,1 29766U 99025BG  26124.79426639  .00001256  00000+0  84360-3 0  9993,2 29766  98.6976  71.7500 0143806 250.7538 137.8728 13.97602051978025,Fengyun-1C
FY1C_020,1 29767U 99025BH  26124.83207352  .00006327  00000+0  24466-2 0  9992,2 29767  98.2117  85.0123 0327906  13.4274  15.7785 14.04841676976082,Fengyun-1C
FY1C_021,1 29769U 99025BK  26124.39709142  .00002346  00000+0  12002-2 0  9999,2 29769  99.0904 189.2187 0094179  89.1266 272.0696 14.14266957986970,Fengyun-1C
FY1C_022,1 29770U 99025BL  26124.77731498  .00002621  00000+0  12049-2 0  9999,2 29770  98.8339 205.3461 0062570 220.3086 269.0856 14.21020450991171,Fengyun-1C
FY1C_023,1 29772U 99025BN  26124.80460795  .00001127  00000+0  68453-3 0  9995,2 29772  98.3805 327.9715 0135022 244.9197 130.3219 14.03728275982620,Fengyun-1C
FY1C_024,1 29773U 99025BP  26124.40094444  .00000631  00000+0  27091-3 0  9998,2 29773  99.0066 287.2060 0046374 236.9832 152.6669 14.27885855  2327,Fengyun-1C
FY1C_025,1 29774U 99025BQ  26124.83126184  .00000318  00000+0  16003-3 0  9996,2 29774  99.0945  74.6062 0051359  74.6550 313.5320 14.22873504  1118,Fengyun-1C
FY1C_026,1 29776U 99025BS  26124.68846015  .00000161  00000+0  11990-3 0  9999,2 29776  98.7538 152.2442 0022939 225.7317 250.4374 14.07858695990911,Fengyun-1C
FY1C_027,1 29777U 99025BT  26124.64207112  .00000184  00000+0  17266-3 0  9992,2 29777  99.2572 186.5127 0093118 183.1837 330.4369 13.92160005980294,Fengyun-1C
FY1C_028,1 29779U 99025BV  26124.51346548  .00000350  00000+0  20363-3 0  9994,2 29779  98.6723 136.4859 0064344 117.2269 243.5480 14.13587981994292,Fengyun-1C
FY1C_029,1 29780U 99025BW  26124.09476020  .00003041  00000+0  13813-2 0  9999,2 29780  99.2822  57.2755 0043210  85.5104 275.1006 14.22114342991019,Fengyun-1C
FY1C_030,1 29781U 99025BX  26124.56385866  .00000915  00000+0  57477-3 0  9991,2 29781  98.8193 119.7848 0072821 132.2622 355.6068 14.05556688986490,Fengyun-1C
FY1C_031,1 29782U 99025BY  26124.73789655  .00001763  00000+0  96779-3 0  9995,2 29782  99.0853 185.3271 0056016 160.4297 325.3346 14.12308885986894,Fengyun-1C
FY1C_032,1 29784U 99025CA  26124.77195240  .00000948  00000+0  37164-3 0  9999,2 29784  98.9508  52.7198 0058331 240.0299 147.3216 14.30979350  4020,Fengyun-1C
FY1C_033,1 29786U 99025CC  26124.52081975  .00000220  00000+0  14740-3 0  9991,2 29786  98.7258 142.3626 0076564 258.6059 255.1525 14.09178608991716,Fengyun-1C
FY1C_034,1 29788U 99025CE  26124.68547409  .00003439  00000+0  14154-2 0  9992,2 29788  98.7701 201.6732 0043590 134.1658  18.3075 14.27050757993933,Fengyun-1C
FY1C_035,1 29789U 99025CF  26124.47919645  .00001226  00000+0  14039-2 0  9999,2 29789  99.4593 306.3283 0295700 278.2484 135.7802 13.54656791949206,Fengyun-1C
FY1C_036,1 29790U 99025CG  26124.78480191  .00000633  00000+0  24305-3 0  9993,2 29790  99.1517 131.6820 0077288 121.7132 239.1614 14.32543016  5742,Fengyun-1C
FY1C_037,1 29791U 99025CH  26124.57464368  .00005699  00000+0  11759-2 0  9994,2 29791  99.0317 142.7195 0038044 349.8989 128.1551 14.60415936  9299,Fengyun-1C
FY1C_038,1 29792U 99025CJ  26124.59160951  .00001507  00000+0  78055-3 0  9995,2 29792  98.7397 177.5210 0046916 348.5935  11.4172 14.15832929989602,Fengyun-1C
FY1C_039,1 29793U 99025CK  26105.93777275  .00001079  00000+0  67657-3 0  9996,2 29793  98.3656 279.3436 0142074 348.1932 168.5523 14.01605240978884,Fengyun-1C
FY1C_040,1 29794U 99025CL  26124.40022483  .00000688  00000+0  37257-3 0  9992,2 29794  98.2179 275.4929 0155238 351.0581  34.4114 14.09410868988579,Fengyun-1C
FY1C_041,1 29795U 99025CM  26124.84932454  .00000039  00000+0  59881-4 0  9997,2 29795  98.8889 253.4137 0110926 243.6332 269.4236 13.92978532980571,Fengyun-1C
FY1C_042,1 29796U 99025CN  26124.64109859  .00001149  00000+0  63520-3 0  9998,2 29796  98.8451 179.8635 0051686 221.6204 290.4891 14.12701025990781,Fengyun-1C
FY1C_043,1 29798U 99025CQ  26124.77713765  .00001642  00000+0  10901-2 0  9993,2 29798  99.2821 195.8771 0106710 241.8954 234.5873 14.00145846979262,Fengyun-1C
FY1C_044,1 29800U 99025CS  26124.48754417  .00002480  00000+0  16052-2 0  9998,2 29800  98.2779 137.5378 0131448 184.2798 335.9400 13.99431538975727,Fengyun-1C
FY1C_045,1 29801U 99025CT  26124.52561391  .00000286  00000+0  10823-3 0  9994,2 29801  98.7875  33.3907 0103035 205.5003 332.1636 14.36052169  9895,Fengyun-1C
FY1C_046,1 29802U 99025CU  26124.28316285  .00011707  00000+0  20790-2 0  9991,2 29802  98.6240 245.1605 0033787 253.7381 136.2260 14.66985245  5580,Fengyun-1C
FY1C_047,1 29804U 99025CW  26124.29724929  .00000130  00000+0  10433-3 0  9994,2 29804  98.8034 133.1938 0096879 262.2812 113.0365 14.04364111988950,Fengyun-1C
FY1C_048,1 29805U 99025CX  26124.62979455  .00000130  00000+0  16758-3 0  9994,2 29805  99.4286 178.9158 0187912 217.6014 141.1872 13.72705639966639,Fengyun-1C
FY1C_049,1 29806U 99025CY  26124.81368666  .00000625  00000+0  36149-3 0  9997,2 29806  98.7040 141.5431 0028064 202.7456 332.9030 14.12294777991586,Fengyun-1C
FY1C_050,1 29807U 99025CZ  26124.54686536  .00000201  00000+0  13752-3 0  9992,2 29807  98.7556 130.0800 0078619 288.2453  71.0173 14.08789686991053,Fengyun-1C
FY1C_051,1 29809U 99025DB  26124.69792412  .00000721  00000+0  19701-3 0  9998,2 29809  98.8807  99.9779 0114358 281.3398 263.5332 14.46935371 15346,Fengyun-1C
FY1C_052,1 29810U 99025DC  26124.68227579  .00000581  00000+0  24177-3 0  9993,2 29810  99.1830 174.3217 0065641 326.8604 152.4637 14.29340859  4162,Fengyun-1C
FY1C_053,1 29812U 99025DE  26124.44455576  .00001542  00000+0  94015-3 0  9995,2 29812  98.3561 306.5031 0142126 284.3250 138.4589 14.02548058981726,Fengyun-1C
FY1C_054,1 29813U 99025DF  26124.80665272  .00000174  00000+0  12371-3 0  9997,2 29813  98.7156 145.1969 0012603 175.2927 358.1618 14.09494259992752,Fengyun-1C
FY1C_055,1 29815U 99025DH  26124.47131998  .00004915  00000+0  72858-3 0  9998,2 29815  98.0518 135.0099 0180588  45.5879 315.9945 14.65025433 19406,Fengyun-1C
FY1C_056,1 29816U 99025DJ  26124.22684199  .00003422  00000+0  69762-3 0  9990,2 29816  98.9781 357.6143 0234916 112.5497  14.1780 14.45724285  2446,Fengyun-1C
FY1C_057,1 29817U 99025DK  26124.72256272  .00000571  00000+0  31966-3 0  9990,2 29817  98.5709 113.0634 0011223 327.7392 214.7812 14.14458053994166,Fengyun-1C
FY1C_058,1 29818U 99025DL  26124.53753406  .00000295  00000+0  19909-3 0  9997,2 29818  98.7030   1.1733 0114352 345.0090  80.1918 14.04610806988146,Fengyun-1C
FY1C_059,1 29819U 99025DM  26124.69575292  .00000831  00000+0  48405-3 0  9999,2 29819  98.7496 107.7203 0191051  27.3207 146.2151 14.02372438986234,Fengyun-1C
FY1C_060,1 29820U 99025DN  26124.79861280  .00000248  00000+0  18374-3 0  9991,2 29820  98.8307 132.5743 0071777 197.6626 340.1668 14.02840198985657,Fengyun-1C
FY1C_061,1 29821U 99025DP  26124.61030891  .00002396  00000+0  69072-3 0  9996,2 29821  98.8487 183.1842 0373850  75.7776  76.9169 14.11797619985264,Fengyun-1C
FY1C_062,1 29827U 99025DV  26124.55445703  .00000544  00000+0  26539-3 0  9991,2 29827  98.6133 117.2940 0024133 266.4701 221.0092 14.21910905998928,Fengyun-1C
FY1C_063,1 29828U 99025DW  26124.82606333  .00001260  00000+0  74412-3 0  9999,2 29828  98.7526 171.2086 0062938 112.8784 307.7516 14.08560727987511,Fengyun-1C
FY1C_064,1 29832U 99025EA  26124.79931282  .00001048  00000+0  19313-3 0  9997,2 29832  98.8315 249.6560 0191967 206.4462 152.6839 14.56873996 23387,Fengyun-1C
FY1C_065,1 29833U 99025EB  26124.53814921  .00008492  00000+0  73275-3 0  9997,2 29833  99.0813 133.7585 0084678 158.8074 201.6685 14.94819132 27026,Fengyun-1C
FY1C_066,1 29835U 99025ED  26124.35222571  .00000153  00000+0  53092-4 0  9995,2 29835  99.0461 266.4312 0166458 334.3021  53.7872 14.43500837 15506,Fengyun-1C
FY1C_067,1 29836U 99025EE  26124.75915382  .00002393  00000+0  48529-3 0  9995,2 29836  98.1839 222.6984 0154403 120.1708  30.2804 14.54834976656349,Fengyun-1C
FY1C_068,1 29841U 99025EK  26124.81095425  .00000853  00000+0  19683-3 0  9993,2 29841  98.8390  83.0715 0198139 264.0287 153.9390 14.47002361 13896,Fengyun-1C
FY1C_069,1 29842U 99025EL  26124.77807838  .00005296  00000+0  98250-3 0  9991,2 29842  98.5616 222.2937 0106446  83.6655  67.7360 14.62051071 14363,Fengyun-1C
FY1C_070,1 29843U 99025EM  26124.56915522  .00000459  00000+0  16729-3 0  9996,2 29843  99.0296 333.0911 0190768 236.7851 179.1323 14.28831554  3118,Fengyun-1C
FY1C_071,1 29844U 99025EN  26124.68827311  .00001162  00000+0  38249-3 0  9991,2 29844  98.9305  35.3679 0168205 109.6216 252.3209 14.32449515  3883,Fengyun-1C
FY1C_072,1 29845U 99025EP  26124.51779440  .00000851  00000+0  35661-3 0  9992,2 29845  98.5258 126.1762 0078548  73.9805  45.9541 14.26828219  1446,Fengyun-1C
FY1C_073,1 29846U 99025EQ  26124.40310362  .00000172  00000+0  99587-4 0  9999,2 29846  98.6310 167.7488 0083575 252.3751 120.9731 14.19182473998832,Fengyun-1C
FY1C_074,1 29847U 99025ER  26124.58355656  .00000530  00000+0  35710-3 0  9999,2 29847  98.9109 122.4684 0084586   1.2932 123.6727 14.03111023987382,Fengyun-1C
FY1C_075,1 29848U 99025ES  26124.56383594  .00002072  00000+0  90620-3 0  9994,2 29848  98.2377 346.7282 0114266 236.7939 151.7988 14.21341261991463,Fengyun-1C
FY1C_076,1 29849U 99025ET  26124.72917105  .00001215  00000+0  75473-3 0  9991,2 29849  99.0012 213.0974 0079529   6.7026 146.6293 14.05408888983786,Fengyun-1C
FY1C_077,1 29850U 99025EU  26124.73659897  .00001253  00000+0  83162-3 0  9991,2 29850  98.1235  40.5053 0103348 243.0427 171.2699 14.00410753980212,Fengyun-1C
FY1C_078,1 29851U 99025EV  26124.13286083  .00000310  00000+0  29881-3 0  9990,2 29851  99.5593 172.6230 0141883 211.4145 213.6148 13.83716977973366,Fengyun-1C
FY1C_079,1 29852U 99025EW  26124.53621066  .00002786  00000+0  15282-2 0  9997,2 29852  99.3622 144.6223 0136245 114.8554  36.0157 14.08051056979939,Fengyun-1C
FY1C_080,1 29853U 99025EX  26124.78621646  .00001347  00000+0  93747-3 0  9994,2 29853  98.4654 239.4520 0160108 184.5068 175.4662 13.94279157976627,Fengyun-1C
FY1C_081,1 29854U 99025EY  26124.68125308  .00000291  00000+0  27770-3 0  9998,2 29854  98.9476 283.7491 0146560  26.0721 350.1382 13.83474834973205,Fengyun-1C
FY1C_082,1 29855U 99025EZ  26124.81138029  .00003434  00000+0  19468-2 0  9994,2 29855  98.1868  57.0553 0180272 359.9918  59.0451 14.02730600977178,Fengyun-1C
FY1C_083,1 29856U 99025FA  26124.80219492  .00016142  00000+0  26177-2 0  9993,2 29856  98.6845 228.5405 0245608 223.2664 269.8843 14.53158972984497,Fengyun-1C
FY1C_084,1 29857U 99025FB  26124.47323143  .00001445  00000+0  11946-2 0  9994,2 29857  98.4259 121.7895 0189988 264.8239  93.1211 13.82421617967475,Fengyun-1C
FY1C_085,1 29858U 99025FC  26124.80057779  .00001059  00000+0  94604-3 0  9995,2 29858  99.2116 227.2731 0196800  46.3187  78.5963 13.78232328965242,Fengyun-1C
FY1C_086,1 29859U 99025FD  26124.44224291  .00002496  00000+0  19471-2 0  9995,2 29859  98.3413 306.3470 0293982 186.7300 172.9866 13.74703807959400,Fengyun-1C
FY1C_087,1 29860U 99025FE  26124.57896278  .00002175  00000+0  18424-2 0  9992,2 29860  98.5996 150.3687 0216954 318.8784 161.8635 13.78300157961066,Fengyun-1C
FY1C_088,1 29865U 99025FK  26124.75176505  .00007755  00000+0  82246-3 0  9994,2 29865  98.9243  57.2297 0112600  48.6605   8.1286 14.84807738 28799,Fengyun-1C
FY1C_089,1 29866U 99025FL  26124.43201950  .00001549  00000+0  22712-3 0  9990,2 29866  98.0516 112.0643 0194341 124.4455  27.4392 14.64952892 24155,Fengyun-1C
FY1C_090,1 29868U 99025FN  26124.82877345  .00003794  00000+0  37074-3 0  9993,2 29868  97.9244 173.9418 0189210 259.6000 160.4244 14.80515127 24119,Fengyun-1C
FY1C_091,1 29869U 99025FP  26124.79615248  .00000744  00000+0  25525-3 0  9992,2 29869  98.8859  64.6256 0085911 309.3691 103.8541 14.37230786  8705,Fengyun-1C
FY1C_092,1 29870U 99025FQ  26124.89296118  .00000086  00000+0  46842-4 0  9991,2 29870  98.4817  96.7899 0120927 131.0184 258.1987 14.29040154  6367,Fengyun-1C
FY1C_093,1 29871U 99025FR  26124.88155475  .00002513  00000+0  74011-3 0  9996,2 29871  98.9897  90.7086 0058392  44.2632 343.3717 14.43630121  7669,Fengyun-1C
FY1C_094,1 29872U 99025FS  26124.32563897  .00001132  00000+0  27591-3 0  9994,2 29872  98.3363 141.6201 0232802 244.3628 113.3346 14.39649090  6421,Fengyun-1C
FY1C_095,1 29873U 99025FT  26124.57017067  .00000659  00000+0  47667-3 0  9994,2 29873  99.4272 353.6861 0092651 169.4381 249.7155 13.98300643983113,Fengyun-1C
FY1C_096,1 29874U 99025FU  26124.17942462  .00004283  00000+0  15618-2 0  9994,2 29874  98.3742  20.7628 0098570 290.2908 228.3138 14.30895688988834,Fengyun-1C
FY1C_097,1 29875U 99025FV  26124.40849918  .00000049  00000+0  37261-4 0  9999,2 29875  98.3786 174.6167 0082261   5.6360   9.0351 14.24913457  3477,Fengyun-1C
FY1C_098,1 29876U 99025FW  26124.69473818  .00000214  00000+0  11678-3 0  9990,2 29876  98.3076 171.8717 0060265 320.5376 159.7345 14.20394645999463,Fengyun-1C
FY1C_099,1 29877U 99025FX  26124.47545216  .00000773  00000+0  34374-3 0  9997,2 29877  98.5373 130.9225 0046778 160.9596 353.8912 14.25129529    12,Fengyun-1C
FY1C_100,1 29880U 99025GA  26124.67938477  .00001996  00000+0  12166-2 0  9990,2 29880  98.1930  32.3012 0232391  61.0751 358.4421 13.94497453975546,Fengyun-1C
FY1C_101,1 29881U 99025GB  26124.45234333  .00001814  00000+0  18617-2 0  9993,2 29881  98.7311  86.3701 0293129  60.0641  66.3881 13.60139545951742,Fengyun-1C
FY1C_102,1 29884U 99025GE  26124.66888257  .00001901  00000+0  60175-3 0  9993,2 29884  99.5838 180.3293 0044659  83.9185  71.6987 14.40919909  6070,Fengyun-1C
FY1C_103,1 29885U 99025GF  26124.78837897  .00000220  00000+0  12822-3 0  9990,2 29885  98.3672  55.5968 0119140 112.5718 303.4034 14.13678892994781,Fengyun-1C
FY1C_104,1 29887U 99025GH  26124.81227580  .00001294  00000+0  30466-3 0  9994,2 29887  98.7055 212.7405 0282854 296.4700 183.0461 14.34681526   247,Fengyun-1C
FY1C_105,1 29888U 99025GJ  26124.50319111  .00000836  00000+0  28667-3 0  9994,2 29888  99.1873 327.9391 0272867 339.4655  19.5718 14.20345531995300,Fengyun-1C
FY1C_106,1 29889U 99025GK  26124.81771206  .00000347  00000+0  18754-3 0  9999,2 29889  99.4927 255.8283 0153353   0.7137 154.6168 14.13750075993408,Fengyun-1C
FY1C_107,1 29890U 99025GL  26123.33263282  .00002398  00000+0  10666-2 0  9998,2 29890  99.4794 260.5942 0014994  42.2369 317.9959 14.23928252994657,Fengyun-1C
FY1C_108,1 29891U 99025GM  26124.52299390  .00000756  00000+0  53287-3 0  9993,2 29891  98.7332 125.1919 0058582 225.1923 254.0810 14.00164180984863,Fengyun-1C
FY1C_109,1 29892U 99025GN  26124.38758466  .00009083  00000+0  26333-2 0  9995,2 29892  99.1865 285.8012 0181578 243.2561 145.7487 14.35463709986943,Fengyun-1C
FY1C_110,1 29893U 99025GP  26124.80690328  .00000171  00000+0  18008-3 0  9995,2 29893  98.5442 212.0913 0174124 126.2802   2.5772 13.79530304971121,Fengyun-1C
FY1C_111,1 29894U 99025GQ  26124.83769264  .00000366  00000+0  34881-3 0  9998,2 29894  99.4643 184.6592 0168214  27.8372  25.2316 13.81161103970522,Fengyun-1C
FY1C_112,1 29895U 99025GR  26124.79978791  .00002711  00000+0  10386-2 0  9990,2 29895  99.8928 252.3237 0295118 313.3081 208.2807 14.10374537975394,Fengyun-1C
FY1C_113,1 29896U 99025GS  26124.68170920  .00000494  00000+0  53821-3 0  9995,2 29896  99.4101  17.3914 0240211  93.8260 325.2652 13.65528530959931,Fengyun-1C
FY1C_114,1 29897U 99025GT  26124.57371012  .00001635  00000+0  17400-2 0  9999,2 29897  98.6208 336.6359 0297182 126.3842 262.4162 13.57752921948781,Fengyun-1C
FY1C_115,1 29898U 99025GU  26124.49144907  .00002540  00000+0  15048-2 0  9994,2 29898  98.2348 101.9049 0422654 163.4825 328.7601 13.71671363951176,Fengyun-1C
FY1C_116,1 29899U 99025GV  26123.83886834  .00000057  00000+0  11885-3 0  9991,2 29899  98.6847 263.6906 0353815  81.7663 282.3426 13.37547563939843,Fengyun-1C
FY1C_117,1 29901U 99025GX  26124.40237484  .00000241  00000+0  38059-3 0  9997,2 29901  98.7644 279.7802 0377491 289.9388  94.4535 13.33346292938202,Fengyun-1C
FY1C_118,1 29904U 99025HA  26124.09265970  .00001215  00000+0  28229-3 0  9996,2 29904  99.0184 175.9552 0205815 255.0689 102.7632 14.44993276 11133,Fengyun-1C
FY1C_119,1 29906U 99025HC  26124.80917573  .00008330  00000+0  20430-2 0  9990,2 29906  98.7071 238.0917 0035233  78.6640 281.8510 14.52286253  2305,Fengyun-1C
FY1C_120,1 29907U 99025HD  26124.77815424  .00002228  00000+0  11930-2 0  9994,2 29907  99.0968 198.6442 0083441 206.8492 279.4642 14.12406511986175,Fengyun-1C
FY1C_121,1 29909U 99025HF  26124.57583353  .00007509  00000+0  16245-2 0  9998,2 29909  98.6363 238.4696 0035381 295.8755  80.9888 14.58165542  4865,Fengyun-1C
FY1C_122,1 29911U 99025HH  26124.69064440  .00001147  00000+0  56492-3 0  9996,2 29911  98.6962 170.2972 0027986 102.0999  26.2572 14.19284152994580,Fengyun-1C
FY1C_123,1 29912U 99025HJ  26124.79712465  .00006318  00000+0  18050-2 0  9997,2 29912  98.7366 231.0518 0043347 152.8761 338.6176 14.44921354  1029,Fengyun-1C
FY1C_124,1 29913U 99025HK  26124.51103027  .00000402  00000+0  25934-3 0  9994,2 29913  98.7933 124.5297 0061747 228.6127 285.3721 14.07549240989738,Fengyun-1C
FY1C_125,1 29914U 99025HL  26124.56376624 -.00000043  00000+0 -24321-6 0  9990,2 29914  98.8250 154.0080 0036728  77.6328  73.8295 14.03194795987894,Fengyun-1C
FY1C_126,1 29916U 99025HN  26124.74714580  .00000477  00000+0  57581-3 0  9999,2 29916  99.1847 139.7629 0269721 252.6004 172.8376 13.57170415953926,Fengyun-1C
FY1C_127,1 29917U 99025HP  26124.42312795  .00000858  00000+0  84109-3 0  9996,2 29917  98.8673 340.2528 0225202 107.2137  14.1919 13.70800076960854,Fengyun-1C
FY1C_128,1 29918U 99025HQ  26124.82850331  .00003091  00000+0  11047-2 0  9996,2 29918  98.8440 215.6100 0012533 250.3999 228.5659 14.34804970998452,Fengyun-1C
FY1C_129,1 29919U 99025HR  26124.68463257  .00000135  00000+0  14321-3 0  9993,2 29919  98.5022 270.6717 0136680 312.4955  62.0428 13.85200459975146,Fengyun-1C
FY1C_130,1 29920U 99025HS  26124.01062411  .00001703  00000+0  10275-2 0  9994,2 29920  98.3829 332.6693 0123734 237.4555 121.4613 14.04121069982843,Fengyun-1C
FY1C_131,1 29921U 99025HT  26124.78759486  .00000453  00000+0  29489-3 0  9993,2 29921  98.7861 131.8322 0046063  28.6226 152.4416 14.06831327988877,Fengyun-1C
FY1C_132,1 29922U 99025HU  26124.12080863  .00000035  00000+0  54064-4 0  9992,2 29922  99.1106 185.8553 0092668 336.0746  23.6124 13.98664957984318,Fengyun-1C
FY1C_133,1 29923U 99025HV  26124.47319895  .00000692  00000+0  38478-3 0  9990,2 29923  98.6856 133.8025 0018708 122.2128  41.1175 14.14178372992921,Fengyun-1C
FY1C_134,1 29924U 99025HW  26124.78780384  .00000176  00000+0  12582-3 0  9995,2 29924  98.7282 138.3013 0026281 211.5741 327.0353 14.08932558992225,Fengyun-1C
FY1C_135,1 29926U 99025HY  26124.72956115  .00000496  00000+0  14038-3 0  9991,2 29926  98.2972 112.8246 0247024 233.1275 310.7712 14.33748450  6289,Fengyun-1C
FY1C_136,1 29927U 99025HZ  26124.07238317  .00019206  00000+0  25184-2 0  9999,2 29927  99.0683 170.8140 0018898 129.6913 260.9578 14.80246928  7482,Fengyun-1C
FY1C_137,1 29928U 99025JA  26124.58333602  .00000558  00000+0  46396-3 0  9998,2 29928  99.5668 157.6027 0143882  83.1861  66.7867 13.88327197974735,Fengyun-1C
FY1C_138,1 29929U 99025JB  26124.52743458  .00002134  00000+0  13218-2 0  9995,2 29929  98.6263  41.0988 0130881 136.3779  35.8753 14.02029079979565,Fengyun-1C
FY1C_139,1 29930U 99025JC  26124.17015794  .00000470  00000+0  20863-3 0  9999,2 29930  99.0283  14.6867 0163720   6.7198 146.2828 14.21002766999139,Fengyun-1C
FY1C_140,1 29931U 99025JD  26124.08481731  .00000115  00000+0  99156-4 0  9996,2 29931  98.8384 160.6725 0032687  57.3578 328.4285 14.03979895988107,Fengyun-1C
FY1C_141,1 29932U 99025JE  26123.50066640  .00000478  00000+0  25739-3 0  9998,2 29932  98.6299 135.0263 0037962  24.6386 128.2456 14.16951061995911,Fengyun-1C
FY1C_142,1 29933U 99025JF  26124.29965345  .00015465  00000+0  24824-2 0  9991,2 29933  98.7489 242.4304 0006020 227.0907 160.9222 14.71729423  5970,Fengyun-1C
FY1C_143,1 29934U 99025JG  26124.73469797  .00004114  00000+0  72128-3 0  9991,2 29934  98.8800 188.0390 0100371 171.7253 188.5632 14.65116606 18625,Fengyun-1C
FY1C_144,1 29935U 99025JH  26124.13471201  .00000170  00000+0  98717-4 0  9990,2 29935  98.4354 183.7105 0151042 166.4519 224.4028 14.14306083995558,Fengyun-1C
FY1C_145,1 29936U 99025JJ  26124.60657650  .00000445  00000+0  15865-3 0  9994,2 29936  98.6671 243.5308 0114793 124.5293 236.6793 14.35466182  9818,Fengyun-1C
FY1C_146,1 29937U 99025JK  26124.55631477 -.00000095  00000+0 -32847-4 0  9991,2 29937  98.7900 146.1160 0031623 342.0065 134.6055 14.04391139989408,Fengyun-1C
FY1C_147,1 29938U 99025JL  26124.47663608  .00000029  00000+0  43012-4 0  9995,2 29938  98.8146 115.9353 0032337 267.9434 256.6187 14.07540986990646,Fengyun-1C
FY1C_148,1 29939U 99025JM  26124.57053338  .00000039  00000+0  43457-4 0  9994,2 29939  98.7147 125.1566 0067384  93.0457  19.3656 14.12119614994767,Fengyun-1C
FY1C_149,1 29940U 99025JN  26124.48555925  .00001091  00000+0  52617-3 0  9991,2 29940  98.6180 135.2845 0074660  49.2162 105.3469 14.19192869995127,Fengyun-1C
FY1C_150,1 29942U 99025JQ  26124.71679220  .00001439  00000+0  55706-3 0  9992,2 29942  98.6169 194.4467 0048961 214.7089 145.0896 14.30933145999138,Fengyun-1C
FY1C_151,1 29943U 99025JR  26124.53840441  .00000105  00000+0  83670-4 0  9999,2 29943  98.7250 132.9530 0035582 182.0750 301.2366 14.09701267993187,Fengyun-1C
FY1C_152,1 29944U 99025JS  26124.85878802  .00006464  00000+0  52146-3 0  9994,2 29944  99.0208  83.6990 0159665 135.0034 226.4247 14.90783767 25849,Fengyun-1C
FY1C_153,1 29945U 99025JT  26124.69609921 -.00000057  00000+0 -86777-5 0  9994,2 29945  98.7770 148.9759 0030084 321.0705 151.4321 14.05632179989860,Fengyun-1C
FY1C_154,1 29946U 99025JU  26124.48906081  .00000360  00000+0  22934-3 0  9997,2 29946  98.7905 118.0164 0079460 300.8722 181.7945 14.08386927990561,Fengyun-1C
FY1C_155,1 29947U 99025JV  26124.66547859  .00000234  00000+0  17625-3 0  9993,2 29947  98.8182 155.9591 0041055  82.4442  41.8026 14.03170700987540,Fengyun-1C
FY1C_156,1 29948U 99025JW  26124.51852257 -.00000074  00000+0 -18055-4 0  9992,2 29948  98.8390 112.2243 0084175 192.5542 292.1175 14.06266477989836,Fengyun-1C
FY1C_157,1 29949U 99025JX  26124.53577845 -.00000130  00000+0 -52300-4 0  9996,2 29949  98.7539 140.7312 0022950 261.7377 215.2543 14.06853221991154,Fengyun-1C
FY1C_158,1 29950U 99025JY  26124.56659205  .00000089  00000+0  73659-4 0  9993,2 29950  98.7210 156.5413 0032895 196.2803 284.0642 14.10399891993041,Fengyun-1C
FY1C_159,1 29953U 99025KB  26124.52629722  .00000173  00000+0  16478-3 0  9992,2 29953  98.9525 111.2037 0105183 236.7018 246.1022 13.90988622978478,Fengyun-1C
FY1C_160,1 29954U 99025KC  26124.14001922  .00001803  00000+0  63505-3 0  9991,2 29954 100.1319 191.7768 0073567 227.3916 132.1045 14.34895678  2264,Fengyun-1C
FY1C_161,1 29955U 99025KD  26124.83041911  .00003722  00000+0  12076-2 0  9998,2 29955  99.2655 221.9092 0008398 188.2077 296.6661 14.39554258  1164,Fengyun-1C
FY1C_162,1 29956U 99025KE  26124.52236714  .00000144  00000+0  11249-3 0  9999,2 29956  98.7730 154.1274 0052920 336.3876 150.6518 14.06206921990561,Fengyun-1C
FY1C_163,1 29957U 99025KF  26124.34969635  .00014917  00000+0  33279-2 0  9994,2 29957  98.9223 265.5787 0035269 107.7414 282.9154 14.56539871995649,Fengyun-1C
FY1C_164,1 29958U 99025KG  26124.65122022  .00000286  00000+0  16915-3 0  9993,2 29958  98.6610 139.8221 0053302 284.0584  75.4668 14.14616406994714,Fengyun-1C
FY1C_165,1 29959U 99025KH  26124.02943685  .00000344  00000+0  23371-3 0  9990,2 29959  98.7884 155.6755 0041057 288.0404 101.3945 14.06099890989406,Fengyun-1C
FY1C_166,1 29960U 99025KJ  26124.23144794  .00000560  00000+0  29002-3 0  9996,2 29960  98.6295 110.3944 0090267 236.3470 138.7503 14.16669791994726,Fengyun-1C
FY1C_167,1 29961U 99025KK  26124.27443656  .00000260  00000+0  12437-3 0  9991,2 29961  98.9340  19.6448 0073549 252.1733 107.1413 14.26345043  3412,Fengyun-1C
FY1C_168,1 29962U 99025KL  26124.78405740  .00000301  00000+0  19354-3 0  9991,2 29962  98.7663 133.7225 0110310 178.0826 355.7891 14.07256169990096,Fengyun-1C
FY1C_169,1 29963U 99025KM  26124.51810277  .00001250  00000+0  49717-3 0  9998,2 29963  98.9860  18.1023 0049452 247.4121 236.8952 14.29908379  1807,Fengyun-1C
FY1C_170,1 29964U 99025KN  26124.80997932  .00001343  00000+0  82379-3 0  9999,2 29964  98.3687 320.9270 0129894 223.9386 135.1397 14.03173320983230,Fengyun-1C
FY1C_171,1 29965U 99025KP  26124.53754064  .00000099  00000+0  95096-4 0  9995,2 29965  98.9715 120.4311 0145764  35.8838  75.6789 13.95859758982681,Fengyun-1C
FY1C_172,1 29966U 99025KQ  26124.62217265  .00000636  00000+0  28567-3 0  9998,2 29966  99.4790 348.2883 0038608 299.8378  59.8964 14.26020081   790,Fengyun-1C
FY1C_173,1 29967U 99025KR  26122.68876284  .00002955  00000+0  12557-2 0  9992,2 29967  98.8545 205.4225 0074346 244.9409 270.8554 14.24570209992285,Fengyun-1C
FY1C_174,1 29968U 99025KS  26124.74828059  .00000106  00000+0  86130-4 0  9995,2 29968  98.8170 115.9475 0089101 312.3843 224.9152 14.07359339990607,Fengyun-1C
FY1C_175,1 29969U 99025KT  26124.78757086  .00003412  00000+0  12107-2 0  9995,2 29969  98.7629 216.0392 0040337 348.6783 131.4517 14.34661658997121,Fengyun-1C
FY1C_176,1 29970U 99025KU  26124.83120961  .00001281  00000+0  36603-3 0  9999,2 29970  98.8199  63.3146 0091419 120.0627 305.2509 14.44512443 11860,Fengyun-1C
FY1C_177,1 29971U 99025KV  26124.56383440  .00001388  00000+0  68794-3 0  9997,2 29971  98.6613 166.1514 0023911 117.6259  40.5750 14.18672535993648,Fengyun-1C
FY1C_178,1 29972U 99025KW  26124.81916985  .00004157  00000+0  71090-3 0  9992,2 29972  98.9085 154.4785 0060655 289.0843 249.3515 14.68291094 15829,Fengyun-1C
FY1C_179,1 29973U 99025KX  26124.47986894  .00000854  00000+0  52944-3 0  9998,2 29973  98.8460 126.8118 0060071 108.4836  44.4049 14.06892728987251,Fengyun-1C
FY1C_180,1 29974U 99025KY  26124.71457088  .00001633  00000+0  84949-3 0  9990,2 29974  98.8844 213.3812 0046411  37.3406 115.4484 14.15504435989479,Fengyun-1C
FY1C_181,1 29975U 99025KZ  26124.67044729  .00000173  00000+0  14631-3 0  9999,2 29975  99.3153 173.0660 0113300 344.2929 140.0528 13.98094669984341,Fengyun-1C
FY1C_182,1 29976U 99025LA  26124.54937278 -.00000207  00000+0 -83997-4 0  9998,2 29976  98.9255 123.1233 0267587 204.5894 276.8477 13.98292155983326,Fengyun-1C
FY1C_183,1 29977U 99025LB  26123.88564019  .00001522  00000+0  89334-3 0  9993,2 29977  98.3876 340.4981 0126093 212.6695 162.9034 14.05607786983579,Fengyun-1C
FY1C_184,1 29978U 99025LC  26124.40048635 -.00000085  00000+0 -29671-4 0  9998,2 29978  99.0350 177.3482 0076255  21.6234   1.5563 13.95956402983079,Fengyun-1C
FY1C_185,1 29979U 99025LD  26124.56147784  .00000985  00000+0  40166-3 0  9999,2 29979  98.3567 146.3855 0108152 103.4713  47.5055 14.26294739  1097,Fengyun-1C
FY1C_186,1 29980U 99025LE  26124.70424961  .00000066  00000+0  62436-4 0  9997,2 29980  98.5689 291.1600 0087260 202.7834 168.6518 14.06410093990026,Fengyun-1C
FY1C_187,1 29982U 99025LG  26124.80800465  .00002604  00000+0  41910-3 0  9990,2 29982  99.3994 332.1301 0119569 211.8521 161.8561 14.67995087 23828,Fengyun-1C
FY1C_188,1 29985U 99025LK  26124.54722426  .00000040  00000+0  46050-4 0  9997,2 29985  98.7025 140.1102 0028949 163.7305 313.4633 14.10353637993616,Fengyun-1C
FY1C_189,1 29986U 99025LL  26124.77668190  .00003432  00000+0  13373-2 0  9998,2 29986  99.3856 208.5793 0020586 304.3245 174.7381 14.30340520995514,Fengyun-1C
FY1C_190,1 29987U 99025LM  26124.69268955  .00002970  00000+0  14904-2 0  9992,2 29987  98.8929  21.3130 0077169 184.5984 232.2949 14.15788673983956,Fengyun-1C
FY1C_191,1 29988U 99025LN  26124.82795019  .00004252  00000+0  95842-3 0  9990,2 29988  98.6979 238.7379 0113614 303.3224 210.3201 14.53001836  1403,Fengyun-1C
FY1C_192,1 29989U 99025LP  26124.73285682  .00000245  00000+0  13546-3 0  9990,2 29989  98.6862 104.8407 0124005 145.9595  31.0521 14.15937533996346,Fengyun-1C
FY1C_193,1 29992U 99025LS  26124.53893499  .00000075  00000+0  61801-4 0  9992,2 29992  98.7385 120.9218 0089593 122.3660 354.8046 14.11671300994028,Fengyun-1C
FY1C_194,1 29993U 99025LT  26124.66155611  .00000149  00000+0  11208-3 0  9991,2 29993  98.7704 162.5869 0038032 270.7386  88.9426 14.08195815991812,Fengyun-1C
FY1C_195,1 29994U 99025LU  26124.54403315  .00000629  00000+0  40327-3 0  9993,2 29994  98.8078 157.3298 0130463 175.1789 307.9786 14.02735431987289,Fengyun-1C
FY1C_196,1 29996U 99025LW  26124.69476730  .00002539  00000+0  13424-2 0  9991,2 29996  99.2908 171.8519 0130908  50.4138  71.0656 14.10420864981517,Fengyun-1C
FY1C_197,1 29997U 99025LX  26124.53454395  .00000562  00000+0  39253-3 0  9991,2 29997  98.8864 136.1850 0079134 290.8911 221.6304 14.01197075983899,Fengyun-1C
FY1C_198,1 29998U 99025LY  26124.75486802  .00001643  00000+0  66631-3 0  9995,2 29998  99.2889 199.5318 0004366 246.5651 113.5069 14.29219813999178,Fengyun-1C
FY1C_199,1 29999U 99025LZ  26124.71702043  .00001004  00000+0  40735-3 0  9998,2 29999  98.5922 109.8887 0189325  72.9517  98.6731 14.20449168997531,Fengyun-1C
FY1C_200,1 30001U 99025MA  26124.73025654  .00006569  00000+0  20422-2 0  9993,2 30001  98.9512 211.2243 0034944  37.0542 125.4882 14.40993182994890,Fengyun-1C
FY1C_201,1 30003U 99025MC  26124.72207361  .00000340  00000+0  31032-3 0  9992,2 30003  99.5940 107.7926 0143878 101.1992  70.5892 13.85760019974685,Fengyun-1C
FY1C_202,1 30004U 99025MD  26124.51106090  .00001132  00000+0  57748-3 0  9999,2 30004  99.2282 316.0234 0037142 300.7437 114.3630 14.17509640993298,Fengyun-1C
FY1C_203,1 30005U 99025ME  26123.83003037  .00001210  00000+0  12875-2 0  9999,2 30005  99.3184  82.3738 0346914  93.8300 270.2568 13.52626528948679,Fengyun-1C
FY1C_204,1 30007U 99025MG  26124.74894375  .00003377  00000+0  13892-2 0  9991,2 30007  99.1745  37.8206 0063002 326.4035  96.4827 14.26590740993945,Fengyun-1C
FY1C_205,1 30008U 99025MH  26124.54290916  .00010344  00000+0  17064-2 0  9998,2 30008  99.3793 106.5965 0038833 116.5959   0.4117 14.70178347 11564,Fengyun-1C
FY1C_206,1 30009U 99025MJ  26124.66931441  .00001423  00000+0  89111-3 0  9998,2 30009  98.9983 183.5849 0062375 294.5361  64.9312 14.05288365984908,Fengyun-1C
FY1C_207,1 30010U 99025MK  26124.81368667  .00000184  00000+0  95720-4 0  9998,2 30010  99.0664 326.7384 0073475 158.0254 219.0737 14.25075628  2971,Fengyun-1C
FY1C_208,1 30012U 99025MM  26124.63571095  .00000263  00000+0  24899-3 0  9997,2 30012  99.4377 184.1310 0137080 125.5570  27.0987 13.85863335975277,Fengyun-1C
FY1C_209,1 30013U 99025MN  26124.68131428  .00000218  00000+0  20900-3 0  9994,2 30013  99.5653 152.7040 0127968  24.1505  98.3004 13.87921645976647,Fengyun-1C
FY1C_210,1 30015U 99025MQ  26124.81377080  .00001409  00000+0  54644-3 0  9992,2 30015  99.2248 141.4908 0038930  73.3454  99.3804 14.31296399  2137,Fengyun-1C
FY1C_211,1 30016U 99025MR  26124.76925404  .00010581  00000+0  13003-2 0  9990,2 30016  98.8905 157.2891 0040358 308.5301 106.1001 14.82674226 15719,Fengyun-1C
FY1C_212,1 30017U 99025MS  26124.71119722  .00001283  00000+0  19373-3 0  9990,2 30017  98.7289 182.4913 0217459  94.9329 267.6733 14.61539745 25329,Fengyun-1C
FY1C_213,1 30018U 99025MT  26124.79671502  .00004977  00000+0  67822-3 0  9993,2 30018  98.7473 223.7149 0114872 106.6784  19.8248 14.74688394 25446,Fengyun-1C
FY1C_214,1 30020U 99025MV  26124.79421493  .00000704  00000+0  40108-3 0  9990,2 30020  98.8480 130.0855 0183468  30.4104 147.6549 14.04735708986668,Fengyun-1C
FY1C_215,1 30021U 99025MW  26124.73134325  .00000349  00000+0  23841-3 0  9990,2 30021  98.8466 117.6252 0071835 246.2003 293.7248 14.04949561989390,Fengyun-1C
FY1C_216,1 30022U 99025MX  26124.58183293  .00000067  00000+0  49566-4 0  9992,2 30022  99.0590 341.9624 0066779 219.1664 196.0831 14.23180581  2221,Fengyun-1C
FY1C_217,1 30023U 99025MY  26124.52171749  .00000568  00000+0  33212-3 0  9996,2 30023  99.2895 328.2345 0047046  25.8732  39.6688 14.12097653992117,Fengyun-1C
FY1C_218,1 30028U 99025ND  26124.51285764  .00001686  00000+0  32013-3 0  9993,2 30028  98.1557 118.4870 0174271 145.0097 335.0670 14.56206844 17997,Fengyun-1C
FY1C_219,1 30035U 99025NL  26124.80348455  .00000192  00000+0  76945-4 0  9994,2 30035  99.2763  55.6505 0114764   5.6265  53.4943 14.37054693 11790,Fengyun-1C
FY1C_220,1 30036U 99025NM  26124.55621080  .00001777  00000+0  40281-3 0  9998,2 30036  98.2353 152.9169 0189950 132.1172 351.5793 14.46766080 12385,Fengyun-1C
FY1C_221,1 30037U 99025NN  26124.38050781  .00000597  00000+0  19422-3 0  9996,2 30037  98.4022 101.0399 0172766 350.6313 168.6490 14.34327136  8324,Fengyun-1C
FY1C_222,1 30038U 99025NP  26124.47439854  .00001721  00000+0  38436-3 0  9995,2 30038  98.3819 114.0574 0256273  33.9445 128.2533 14.39749702  9457,Fengyun-1C
FY1C_223,1 30040U 99025NR  26124.47768743  .00003227  00000+0  10633-2 0  9991,2 30040  98.2246 139.8648 0030683 240.2667 287.2000 14.38518327999790,Fengyun-1C
FY1C_224,1 30041U 99025NS  26124.90267807  .00000677  00000+0  38396-3 0  9998,2 30041  99.4746 244.6560 0035195 178.1578 307.4232 14.13444855993096,Fengyun-1C
FY1C_225,1 30043U 99025NU  26124.72579125  .00002408  00000+0  70395-3 0  9998,2 30043  98.6247 225.1901 0281328  74.9536 288.2590 14.24341365993802,Fengyun-1C
FY1C_226,1 30044U 99025NV  26124.73526245  .00007988  00000+0  18525-2 0  9999,2 30044  98.2135  46.9002 0079197  87.0760 273.9497 14.53350887  1133,Fengyun-1C
FY1C_227,1 30045U 99025NW  26124.69152448  .00003861  00000+0  16610-2 0  9994,2 30045  99.1671 171.0382 0093682  66.8937  54.1500 14.22905090987209,Fengyun-1C
FY1C_228,1 30047U 99025NY  26124.44950162  .00000464  00000+0  36139-3 0  9993,2 30047  99.9351 297.1003 0124433 303.7371 110.5662 13.94650620979052,Fengyun-1C
FY1C_229,1 30048U 99025NZ  26124.58368905  .00000215  00000+0  21495-3 0  9990,2 30048  98.6507 343.4568 0186063 218.9699 197.7891 13.79981095970968,Fengyun-1C
FY1C_230,1 30050U 99025PB  26124.76350042  .00001111  00000+0  89236-3 0  9999,2 30050  96.8300  51.2343 0170048 342.3836  70.6214 13.85437785971821,Fengyun-1C
FY1C_231,1 30052U 99025PD  26124.67493865  .00000500  00000+0  43608-3 0  9996,2 30052  99.2823 151.2782 0288646 217.5393 264.0370 13.73142260965163,Fengyun-1C
FY1C_232,1 30053U 99025PE  26124.40386274  .00002221  00000+0  10778-2 0  9996,2 30053  98.5915 292.8867 0325263 302.2616  85.5308 13.95173062969755,Fengyun-1C
FY1C_233,1 30054U 99025PF  26124.04307990  .00000401  00000+0  38786-3 0  9993,2 30054  99.3505 157.5831 0275150 355.3234  32.7425 13.70031719962978,Fengyun-1C
FY1C_234,1 30056U 99025PH  26124.03072824  .00003060  00000+0  23584-2 0  9992,2 30056  98.3342 296.7585 0298405 185.5954 174.1839 13.74699458959307,Fengyun-1C
FY1C_235,1 30057U 99025PJ  26124.39544917  .00001039  00000+0  11353-2 0  9994,2 30057  98.8669 184.4650 0293222 137.6059 236.7900 13.57468492951711,Fengyun-1C
FY1C_236,1 30058U 99025PK  26124.53269433  .00000413  00000+0  53856-3 0  9998,2 30058  99.6503 129.1745 0315940 157.4554 330.2194 13.48447886947726,Fengyun-1C
FY1C_237,1 30059U 99025PL  26124.43557084  .00000181  00000+0  26925-3 0  9999,2 30059  98.8363 107.8577 0325984 300.7066 214.3765 13.45578572947166,Fengyun-1C
FY1C_238,1 30060U 99025PM  26124.59633747  .00001140  00000+0  14150-2 0  9991,2 30060  99.3112 345.9529 0346441  75.6744 313.3863 13.44174811941621,Fengyun-1C
FY1C_239,1 30061U 99025PN  26124.88696744  .00001892  00000+0  21258-2 0  9991,2 30061 101.8869 266.2591 0366061 285.2937 232.6661 13.47346339940264,Fengyun-1C
FY1C_240,1 30062U 99025PP  26124.54103924  .00000599  00000+0  37795-3 0  9995,2 30062  98.7775 134.6601 0048802   7.2524 145.4230 14.07315668989162,Fengyun-1C
FY1C_241,1 30063U 99025PQ  26124.53129229  .00000088  00000+0  65497-4 0  9995,2 30063  98.5406 102.2499 0033418  85.2168  29.7871 14.15664838996859,Fengyun-1C
FY1C_242,1 30064U 99025PR  26124.56915652  .00000271  00000+0  16001-3 0  9992,2 30064  98.6570 136.2946 0066685  63.9626  56.0937 14.14376518995243,Fengyun-1C
FY1C_243,1 30065U 99025PS  26124.48571252  .00000139  00000+0  14352-3 0  9998,2 30065  98.7055  92.3739 0131151   2.2886 357.8846 13.86976479976509,Fengyun-1C
FY1C_244,1 30066U 99025PT  26124.47586902  .00000172  00000+0  95998-4 0  9999,2 30066  98.6462 116.4012 0116962 209.8260 302.9161 14.19215901998617,Fengyun-1C
FY1C_245,1 30067U 99025PU  26124.32337499  .00000980  00000+0  26352-3 0  9993,2 30067  98.7514  19.6323 0149565 311.5179 164.7561 14.44128704 12539,Fengyun-1C
FY1C_246,1 30068U 99025PV  26124.70116557  .00000230  00000+0  12634-3 0  9992,2 30068  98.7503 114.0816 0188916 302.3164  55.9835 14.12156886993619,Fengyun-1C
FY1C_247,1 30069U 99025PW  26124.69959472  .00000562  00000+0  36937-3 0  9992,2 30069  98.8184 107.4993 0049274  13.2166 160.7258 14.05357097988540,Fengyun-1C
FY1C_248,1 30070U 99025PX  26124.62557191  .00002451  00000+0  84758-3 0  9992,2 30070  98.2643 178.2905 0323488 267.4316 248.5921 14.11144923978930,Fengyun-1C
FY1C_249,1 30071U 99025PY  26124.58494926  .00007877  00000+0  18135-2 0  9996,2 30071  98.6579 233.6167 0036596  35.2555 335.6244 14.55234342  3002,Fengyun-1C
FY1C_250,1 30072U 99025PZ  26124.41372441  .00007844  00000+0  24222-2 0  9994,2 30072  99.0831 286.0475 0056747 211.5555 148.2224 14.40689737992236,Fengyun-1C
FY1C_251,1 30073U 99025QA  26124.44820034  .00002024  00000+0  96900-3 0  9992,2 30073  99.4225 111.4531 0050840 237.6106 274.6139 14.19632691989497,Fengyun-1C
FY1C_252,1 30074U 99025QB  26124.14448826  .00002560  00000+0  13197-2 0  9996,2 30074  99.1149 198.1318 0097355 111.5048 249.6537 14.13612234986735,Fengyun-1C
FY1C_253,1 30075U 99025QC  26124.68239515  .00000263  00000+0  23065-3 0  9993,2 30075  99.3356 181.3071 0091493 151.1965 329.4788 13.92586294980543,Fengyun-1C
FY1C_254,1 30076U 99025QD  26124.53544034  .00000267  00000+0  28177-3 0  9996,2 30076  99.2529 112.2131 0176007  77.4902  37.9687 13.76395798968589,Fengyun-1C
FY1C_255,1 30077U 99025QE  26124.78854403  .00000180  00000+0  13262-3 0  9991,2 30077  98.7495 140.9381 0020755 219.2382 318.6381 14.07100768991242,Fengyun-1C
FY1C_256,1 30078U 99025QF  26124.82286096  .00003721  00000+0  16129-2 0  9992,2 30078  98.8220 205.1914 0050515 225.5568 254.6587 14.24175445991496,Fengyun-1C
FY1C_257,1 30079U 99025QG  26124.40657618  .00000239  00000+0  18372-3 0  9993,2 30079  99.0005 183.1219 0084659 263.8113 161.2171 14.00873630985356,Fengyun-1C
FY1C_258,1 30080U 99025QH  26124.74779067  .00000432  00000+0  24353-3 0  9996,2 30080  98.7160 105.9335 0133027  14.9132 163.6716 14.10952230992542,Fengyun-1C
FY1C_259,1 30081U 99025QJ  26124.54616652  .00000170  00000+0  14616-3 0  9995,2 30081  98.9303 122.0074 0075266 304.4066 173.2943 13.98429573983506,Fengyun-1C
FY1C_260,1 30082U 99025QK  26124.81379552  .00044134  00000+0  16510-2 0  9993,2 30082  98.8297  81.7209 0057629  48.0086 312.6035 15.25608171 34676,Fengyun-1C
FY1C_261,1 30086U 99025QP  26124.36062275  .00000184  00000+0  14116-3 0  9996,2 30086  98.8898 160.1104 0062747  96.8615 284.0009 14.03991973986971,Fengyun-1C
FY1C_262,1 30087U 99025QQ  26124.57295947  .00001176  00000+0  31192-3 0  9999,2 30087  98.3602 157.8354 0229427  54.8587  71.2698 14.36037771  7430,Fengyun-1C
FY1C_263,1 30088U 99025QR  26124.71756218  .00000630  00000+0  18443-3 0  9997,2 30088  98.3700 109.8842 0200744 179.7196 354.7078 14.36312431  7220,Fengyun-1C
FY1C_264,1 30089U 99025QS  26124.29038478  .00000403  00000+0  16724-3 0  9990,2 30089  98.8989  37.9784 0074111 154.3423 327.0120 14.30502156  5161,Fengyun-1C
FY1C_265,1 30090U 99025QT  26124.48013851  .00000266  00000+0  12193-3 0  9994,2 30090  99.4165 313.9135 0058349  63.7181 326.1624 14.29375787  3086,Fengyun-1C
FY1C_266,1 30092U 99025QV  26124.52091709  .00001373  00000+0  43723-3 0  9992,2 30092  98.9285 314.6687 0082416 187.8318 197.7880 14.39628619  7959,Fengyun-1C
FY1C_267,1 30093U 99025QW  26124.63710264  .00001970  00000+0  56885-3 0  9995,2 30093  98.8538  10.1610 0067552 271.0166 118.0160 14.44513933  8670,Fengyun-1C
FY1C_268,1 30095U 99025QY  26124.81437786  .00010502  00000+0  95013-3 0  9999,2 30095  99.2301  73.3480 0150002 241.0286 117.5819 14.87403017 14573,Fengyun-1C
FY1C_269,1 30096U 99025QZ  26124.50652617  .00000731  00000+0  28094-3 0  9996,2 30096  99.1353 216.2949 0079704 178.1935 181.9550 14.31942159  5850,Fengyun-1C
FY1C_270,1 30099U 99025RC  26124.13277731  .00000559  00000+0  24658-3 0  9998,2 30099  98.5200 197.7039 0061847 187.6414 201.9714 14.26141822  2142,Fengyun-1C
FY1C_271,1 30102U 99025RF  26124.79099006  .00000533  00000+0  23410-3 0  9999,2 30102  98.3785 130.5646 0140287 302.3624 237.7711 14.22309020999913,Fengyun-1C
FY1C_272,1 30103U 99025RG  26124.56316132  .00000924  00000+0  40517-3 0  9998,2 30103  99.2584 118.7418 0063987  72.5545  48.4423 14.25218493999536,Fengyun-1C
FY1C_273,1 30104U 99025RH  26124.49723410  .00000995  00000+0  42077-3 0  9993,2 30104  98.3580 320.0518 0074330  49.7120  11.8624 14.26125318999273,Fengyun-1C
FY1C_274,1 30105U 99025RJ  26124.40665806  .00000973  00000+0  37933-3 0  9990,2 30105  98.6085 111.9375 0198575  20.5778 340.3257 14.21712050997897,Fengyun-1C
FY1C_275,1 30106U 99025RK  26124.75116652  .00065987  00000+0  49369-2 0  9990,2 30106  98.9208  56.1614 0041414  94.3351 322.3814 15.01770083  6674,Fengyun-1C
FY1C_276,1 30107U 99025RL  26124.15027344  .00000051  00000+0  46050-4 0  9991,2 30107  98.8209 184.5765 0126587 230.1946 128.8029 14.14490594995744,Fengyun-1C
FY1C_277,1 30108U 99025RM  26124.54469758  .00000692  00000+0  30173-3 0  9993,2 30108  98.6751 111.9672 0196126 331.8944 151.6136 14.17404228996217,Fengyun-1C
FY1C_278,1 30109U 99025RN  26124.55565109  .00000493  00000+0  22802-3 0  9991,2 30109  98.5186 117.2302 0167518 179.6652 307.2634 14.17815685995758,Fengyun-1C
FY1C_279,1 30110U 99025RP  26124.79866549  .00000138  00000+0  20082-3 0  9995,2 30110  98.9089 225.1002 0267160 344.5870  14.7248 13.56302375954543,Fengyun-1C
FY1C_280,1 30112U 99025RR  26124.71305355  .00001839  00000+0  68528-3 0  9998,2 30112  99.2972 111.4529 0200957  61.2733 300.8475 14.22770686996155,Fengyun-1C
FY1C_281,1 30113U 99025RS  26124.59752888  .00004824  00000+0  13202-2 0  9997,2 30113  99.0328 351.1860 0037392 299.0650  88.8002 14.47284943999740,Fengyun-1C
FY1C_282,1 30114U 99025RT  26124.54024402  .00000343  00000+0  21242-3 0  9993,2 30114  98.7494 127.9286 0082356  76.2915  40.2958 14.09771128991660,Fengyun-1C
FY1C_283,1 30115U 99025RU  26124.68090913  .00001707  00000+0  79867-3 0  9990,2 30115  98.6054 153.2368 0066575   8.7768 110.1377 14.20394673993579,Fengyun-1C
FY1C_284,1 30116U 99025RV  26124.70411328  .00003110  00000+0  12124-2 0  9993,2 30116  99.3864 211.8826 0018414 290.5017 223.9245 14.30418856995529,Fengyun-1C
FY1C_285,1 30117U 99025RW  26124.75011234 -.00000005  00000+0  19652-4 0  9997,2 30117  98.8173 114.6803 0164175 166.6286   8.7555 14.07281423990002,Fengyun-1C
FY1C_286,1 30118U 99025RX  26124.57579847 -.00000027  00000+0  93100-5 0  9992,2 30118  98.8048 129.1699 0084835  19.8022 103.0975 14.05184791989370,Fengyun-1C
FY1C_287,1 30119U 99025RY  26124.51236894  .00002329  00000+0  96136-3 0  9995,2 30119  97.9321 109.3001 0127964 229.7207 253.0814 14.23258073992108,Fengyun-1C
FY1C_288,1 30120U 99025RZ  26124.22889503  .00003460  00000+0  13608-2 0  9995,2 30120  98.8424 213.0214 0063407 157.3435 228.9600 14.28794080994051,Fengyun-1C
FY1C_289,1 30121U 99025SA  26124.49239103  .00007414  00000+0  22541-2 0  9999,2 30121 102.1549 210.5009 0032351 149.9927 232.3361 14.42251934995966,Fengyun-1C
FY1C_290,1 30123U 99025SC  26124.02787202  .00002922  00000+0  92293-3 0  9999,2 30123  96.9322  40.1127 0226606  11.3012 349.3142 14.27108432992768,Fengyun-1C
FY1C_291,1 30124U 99025SD  26124.65400913  .00001620  00000+0  78271-3 0  9994,2 30124  99.1123 186.6302 0142584  63.0787  87.0325 14.14800161989353,Fengyun-1C
FY1C_292,1 30125U 99025SE  26124.28525157  .00001475  00000+0  37106-3 0  9992,2 30125  98.7222 227.1275 0337464 290.4680 127.9060 14.23859172989491,Fengyun-1C
FY1C_293,1 30127U 99025SG  26124.56623453  .00006123  00000+0  18636-2 0  9994,2 30127  98.2029 340.0256 0083906  10.8834 349.4146 14.40346416992908,Fengyun-1C
FY1C_294,1 30128U 99025SH  26124.41657310  .00012861  00000+0  31051-2 0  9990,2 30128  96.9886 103.5458 0103851  36.4689 113.8130 14.49970168993762,Fengyun-1C
FY1C_295,1 30129U 99025SJ  26124.28966476  .00000503  00000+0  30393-3 0  9991,2 30129  98.0399  54.3641 0186507  46.5126 103.1942 14.01825250984750,Fengyun-1C
FY1C_296,1 30131U 99025SL  26124.26382385  .00004686  00000+0  20401-2 0  9997,2 30131  99.0715 225.1365 0082181 111.8597 274.5812 14.22702409987146,Fengyun-1C
FY1C_297,1 30132U 99025SM  26124.15322956  .00000341  00000+0  27541-3 0  9991,2 30132  99.5973  88.2566 0105492  27.1057 353.9555 13.95028127980753,Fengyun-1C
FY1C_298,1 30133U 99025SN  26124.45540021  .00002470  00000+0  14447-2 0  9995,2 30133  98.3394 285.0186 0084050 212.5421 215.3234 14.07395103983858,Fengyun-1C
FY1C_299,1 30134U 99025SP  26124.02272238  .00000689  00000+0  38733-3 0  9996,2 30134  98.6822 143.9973 0020011 137.6959 250.8106 14.13617568992563,Fengyun-1C
FY1C_300,1 30136U 99025SR  26124.16529142  .00000430  00000+0  32193-3 0  9990,2 30136  98.5429  11.8034 0129404  34.1010 117.0002 13.95501035980772,Fengyun-1C
FY1C_301,1 30138U 99025ST  26124.44579796  .00001379  00000+0  66070-3 0  9997,2 30138  98.7405 181.1856 0021573  89.3050 284.0163 14.20542961994272,Fengyun-1C
FY1C_302,1 30139U 99025SU  26124.50241072  .00001362  00000+0  82090-3 0  9990,2 30139  98.3609 321.8387 0128753 245.2402 143.2863 14.04194743982531,Fengyun-1C
FY1C_303,1 30140U 99025SV  26122.65743620  .00002366  00000+0  10910-2 0  9998,2 30140  98.8110 190.3279 0039298 264.3062 249.2750 14.21593516991456,Fengyun-1C
FY1C_304,1 30141U 99025SW  26124.25589399  .00007579  00000+0  17774-2 0  9994,2 30141  99.0187  61.7318 0015819 336.2207  23.8255 14.54737924  3091,Fengyun-1C
FY1C_305,1 30142U 99025SX  26124.65746016  .00002454  00000+0  13185-2 0  9999,2 30142  99.1171 207.6607 0099861 267.3152  91.6584 14.11372470983145,Fengyun-1C
FY1C_306,1 30143U 99025SY  26124.43384973  .00001712  00000+0  10777-2 0  9996,2 30143  98.7425 307.0526 0101467 250.9574 138.5385 14.03118468982202,Fengyun-1C
FY1C_307,1 30144U 99025SZ  26124.55916404  .00000499  00000+0  39909-3 0  9990,2 30144  99.0198 118.4147 0124795 261.3079 226.6792 13.92018754978279,Fengyun-1C
FY1C_308,1 30145U 99025TA  26124.78280647  .00005583  00000+0  27590-2 0  9990,2 30145  99.2715 244.8461 0090858 107.3996  48.5259 14.15649161982181,Fengyun-1C
FY1C_309,1 30146U 99025TB  26124.34528922  .00000583  00000+0  46551-3 0  9998,2 30146  98.0391 268.9360 0179108  86.7605 295.0854 13.86845556973944,Fengyun-1C
FY1C_310,1 30148U 99025TD  26124.71535147  .00000841  00000+0  68369-3 0  9996,2 30148  99.5633 282.5186 0134987 175.3727 200.5199 13.88764278975011,Fengyun-1C
FY1C_311,1 30150U 99025TF  26124.31911098  .00000496  00000+0  42564-3 0  9993,2 30150  99.0119 259.9984 0145472 310.7547 109.7390 13.86810916974345,Fengyun-1C
FY1C_312,1 30151U 99025TG  26124.52176456  .00000482  00000+0  42198-3 0  9996,2 30151  99.0613 132.6267 0162304 254.8272 258.2052 13.84736615972212,Fengyun-1C
FY1C_313,1 30152U 99025TH  26124.54621672  .00003127  00000+0  20083-2 0  9991,2 30152  99.0820 345.6675 0163702  53.6910 307.9244 13.97552326973720,Fengyun-1C
FY1C_314,1 30153U 99025TJ  26124.56374387  .00001147  00000+0  10109-2 0  9990,2 30153 100.4706 134.8304 0199505   3.1419 119.1114 13.79127844967435,Fengyun-1C
FY1C_315,1 30154U 99025TK  26124.56806674  .00001598  00000+0  12364-2 0  9995,2 30154  98.4324 157.4887 0182132 166.0042 352.7672 13.86517062969635,Fengyun-1C
FY1C_316,1 30155U 99025TL  26124.71523942  .00002461  00000+0  21516-2 0  9996,2 30155  99.7464 206.2595 0237280 335.7736  23.2399 13.74741367958283,Fengyun-1C
FY1C_317,1 30156U 99025TM  26124.83770979  .00001259  00000+0  10576-2 0  9992,2 30156  98.9288  89.0655 0196580 238.3592 149.9815 13.81344006966665,Fengyun-1C
FY1C_318,1 30157U 99025TN  26123.76082640  .00006936  00000+0  18904-2 0  9995,2 30157  98.7131 229.7169 0037684 128.0396  25.2065 14.47280250  1206,Fengyun-1C
FY1C_319,1 30160U 99025TR  26124.80295169  .00000730  00000+0  94301-3 0  9999,2 30160  98.8985  61.8310 0342979 126.9633 292.4432 13.43145176943346,Fengyun-1C
FY1C_320,1 30161U 99025TS  26124.47558666  .00001149  00000+0  13562-2 0  9991,2 30161 100.5149 124.8959 0324780 272.8684 244.0979 13.50188326944854,Fengyun-1C
FY1C_321,1 30162U 99025TT  26124.39280188  .00001195  00000+0  13381-2 0  9994,2 30162  99.4732 179.7438 0312503 350.4071  70.9872 13.54047969945910,Fengyun-1C
FY1C_322,1 30163U 99025TU  26124.78180998  .00001745  00000+0  22255-2 0  9997,2 30163  98.7019 224.8235 0369930 231.7178 256.6837 13.39211902938596,Fengyun-1C
FY1C_323,1 30167U 99025TY  26124.22910571  .00001486  00000+0  35604-3 0  9993,2 30167  98.9601 223.1688 0143563  87.7781 305.3519 14.49080103 14216,Fengyun-1C
FY1C_324,1 30168U 99025TZ  26124.11758436  .00006638  00000+0  14532-2 0  9992,2 30168  97.3707 184.7558 0097453  66.3751 294.7643 14.55030466  3728,Fengyun-1C
FY1C_325,1 30169U 99025UA  26124.16599947  .00016342  00000+0  24168-2 0  9997,2 30169  98.3182 199.4332 0203319 144.0824 280.8963 14.62154199998020,Fengyun-1C
FY1C_326,1 30170U 99025UB  26124.47836828  .00000663  00000+0  46410-3 0  9999,2 30170  98.8549 111.9836 0077564 239.9761 249.9965 14.00452574984132,Fengyun-1C
FY1C_327,1 30171U 99025UC  26124.54772314  .00000003  00000+0  26670-4 0  9992,2 30171  98.3848 334.9517 0184269 227.3011 131.2510 13.96962098982647,Fengyun-1C
FY1C_328,1 30172U 99025UD  26124.50943689  .00002178  00000+0  11592-2 0  9994,2 30172  99.2478 113.1411 0068821 160.2503 325.7667 14.13339713985337,Fengyun-1C
FY1C_329,1 30173U 99025UE  26124.70460266  .00002049  00000+0  11067-2 0  9996,2 30173  98.9627 200.4692 0080163 244.8952 267.5469 14.12164172985664,Fengyun-1C
FY1C_330,1 30174U 99025UF  26124.42787559  .00042817  00000+0  38795-2 0  9997,2 30174  98.7812 293.4037 0013404 304.7357  84.9350 14.95137923  4907,Fengyun-1C
FY1C_331,1 30175U 99025UG  26124.73979926  .00000449  00000+0  40890-3 0  9998,2 30175  99.3566 185.3892 0145869 192.1600 291.7220 13.84004278973182,Fengyun-1C
FY1C_332,1 30177U 99025UJ  26124.55303417  .00000829  00000+0  55338-3 0  9991,2 30177  98.6385  57.5524 0449192 122.1201  47.6010 13.63310425954087,Fengyun-1C
FY1C_333,1 30178U 99025UK  26124.68492921  .00001362  00000+0  14955-2 0  9997,2 30178 102.2568  38.5645 0279958 161.0622 267.5716 13.59193071951136,Fengyun-1C
FY1C_334,1 30181U 99025UN  26124.77253330  .00003269  00000+0  12646-2 0  9993,2 30181  98.8342 215.1152 0037425 300.1614 221.7901 14.30416588995557,Fengyun-1C
FY1C_335,1 30182U 99025UP  26124.69695639  .00000008  00000+0  36753-4 0  9992,2 30182  99.0399 178.3706 0074456 350.7744 133.7812 13.96523316983030,Fengyun-1C
FY1C_336,1 30183U 99025UQ  26124.13734131  .00000798  00000+0  45029-3 0  9994,2 30183  98.7679 168.5876 0026220 206.5709 222.8837 14.12948089991541,Fengyun-1C
FY1C_337,1 30191U 99025UY  26124.73460196  .00005415  00000+0  66759-3 0  9990,2 30191  98.7603 213.7956 0094231 170.2233 349.3569 14.80249554 23892,Fengyun-1C
FY1C_338,1 30193U 99025VA  26124.54178786  .00003325  00000+0  80776-3 0  9995,2 30193  98.7545  43.2483 0106427  63.0101 117.6126 14.50176689 12364,Fengyun-1C
FY1C_339,1 30196U 99025VD  26124.78120344  .00000079  00000+0  49561-4 0  9992,2 30196  98.6330 220.1562 0085982   6.5967 115.4103 14.25897328  4001,Fengyun-1C
FY1C_340,1 30197U 99025VE  26124.81693213  .00001671  00000+0  55809-3 0  9997,2 30197  98.9476  60.8698 0057566 152.3986 268.1736 14.37933896  5433,Fengyun-1C
FY1C_341,1 30198U 99025VF  26124.86288536  .00006383  00000+0  14707-2 0  9997,2 30198  98.4639 261.7309 0104898 121.2756  29.5323 14.52316548  5709,Fengyun-1C
FY1C_342,1 30199U 99025VG  26124.83022295  .00001841  00000+0  58592-3 0  9998,2 30199  98.3698 150.2692 0076396 238.0745 209.0061 14.39368570  4684,Fengyun-1C
FY1C_343,1 30200U 99025VH  26124.80132245  .00000255  00000+0  12160-3 0  9994,2 30200  99.1076 329.3976 0147355  50.6766 310.7366 14.22398537   126,Fengyun-1C
FY1C_344,1 30201U 99025VJ  26124.66924141  .00000785  00000+0  36758-3 0  9990,2 30201  99.4204 273.6251 0028204 266.4526  93.3424 14.23262293998600,Fengyun-1C
FY1C_345,1 30202U 99025VK  26124.74776375  .00007140  00000+0  16445-2 0  9996,2 30202  98.6381 231.5259 0035113 342.4267  17.5712 14.55287100  3641,Fengyun-1C
FY1C_346,1 30205U 99025VN  26124.53101914  .00000340  00000+0  30180-3 0  9995,2 30205  99.0034 235.7941 0121745 153.0686 267.8948 13.88155064976194,Fengyun-1C
FY1C_347,1 30206U 99025VP  26124.22243062  .00001428  00000+0  33724-3 0  9998,2 30206  98.2363 125.2031 0142863 319.7269  39.3410 14.49741177 14649,Fengyun-1C
FY1C_348,1 30207U 99025VQ  26124.23674676  .00000187  00000+0  16876-3 0  9999,2 30207  98.5770 226.6341 0260936 122.9305 269.6466 13.79216142970272,Fengyun-1C
FY1C_349,1 30208U 99025VR  26124.47492946  .00000765  00000+0  35105-3 0  9992,2 30208  98.5656 126.7195 0033003 212.4887 300.8750 14.23861169998680,Fengyun-1C
FY1C_350,1 30209U 99025VS  26124.78304397  .00000452  00000+0  26333-3 0  9995,2 30209  98.7209 122.8871 0039046 189.9967 343.9737 14.13094418992260,Fengyun-1C
FY1C_351,1 30210U 99025VT  26124.73785514  .00000924  00000+0  55599-3 0  9996,2 30210  99.1691 181.9902 0057376  98.4895  26.5230 14.08578091987706,Fengyun-1C
FY1C_352,1 30212U 99025VV  26124.60027822  .00000244  00000+0  19981-3 0  9995,2 30212  99.4423 358.9797 0096479 209.5416 150.0274 13.97213049982200,Fengyun-1C
FY1C_353,1 30213U 99025VW  26124.73813926  .00002379  00000+0  12841-2 0  9996,2 30213  99.1116 208.5510 0070863 201.8422 290.0723 14.12387130985333,Fengyun-1C
FY1C_354,1 30214U 99025VX  26124.20147293  .00003057  00000+0  11513-2 0  9995,2 30214  98.7102 202.9088 0018288 345.9983  39.8094 14.32105398996054,Fengyun-1C
FY1C_355,1 30217U 99025WA  26124.68650661  .00000756  00000+0  30741-3 0  9996,2 30217  98.4480 108.0423 0140160  41.7611 319.4165 14.25074041  1073,Fengyun-1C
FY1C_356,1 30218U 99025WB  26124.74969773  .00005665  00000+0  21309-2 0  9994,2 30218  98.9815 223.6078 0069843 198.2162 314.5338 14.30563942991523,Fengyun-1C
FY1C_357,1 30221U 99025WE  26124.72660351  .00000555  00000+0  15101-3 0  9993,2 30221  98.9498 225.3181 0143499 334.6512  24.7684 14.46158369 14680,Fengyun-1C
FY1C_358,1 30222U 99025WF  26124.67154218  .00000085  00000+0  80402-4 0  9993,2 30222  98.8206 159.0763 0037238 358.0565 120.4985 14.04124806988442,Fengyun-1C
FY1C_359,1 30224U 99025WH  26124.58481352  .00000320  00000+0  28359-3 0  9991,2 30224  99.4613 170.9149 0110398 320.9984 195.1870 13.89995689977251,Fengyun-1C
FY1C_360,1 30225U 99025WJ  26124.54559748  .00000263  00000+0  14936-3 0  9995,2 30225  98.6428 152.0900 0100037  37.5282 113.9052 14.15290133995560,Fengyun-1C
FY1C_361,1 30229U 99025WN  26124.16045072  .00005238  00000+0  10199-2 0  9990,2 30229  99.0449 202.2898 0034144 325.9371  93.8497 14.63181200  9971,Fengyun-1C
FY1C_362,1 30231U 99025WQ  26124.06492575  .00000937  00000+0  49646-3 0  9997,2 30231  98.7814 171.0915 0127018 345.5048  43.3525 14.12009685990286,Fengyun-1C
FY1C_363,1 30232U 99025WR  26124.58442811  .00002402  00000+0  40591-3 0  9992,2 30232  98.6835 337.6906 0131751 266.8906 152.6776 14.64893688 18392,Fengyun-1C
FY1C_364,1 30234U 99025WT  26123.94101941  .00000579  00000+0  30219-3 0  9998,2 30234  98.6293 135.5737 0066473  27.4688  40.7366 14.17074199994701,Fengyun-1C
FY1C_365,1 30235U 99025WU  26124.56150279  .00000583  00000+0  32391-3 0  9994,2 30235  98.7387 143.5556 0153847 194.4271 285.9820 14.08990671989041,Fengyun-1C
FY1C_366,1 30237U 99025WW  26124.24990815  .00005556  00000+0  16645-2 0  9997,2 30237  98.8270 236.8125 0013926 237.2615 152.6643 14.43170806997528,Fengyun-1C
FY1C_367,1 30239U 99025WY  26124.23844962  .00005084  00000+0  86641-2 0  9998,2 30239  99.4786 230.8167 1466069 142.3558 228.9803 11.42818692561599,Fengyun-1C
FY1C_368,1 30241U 99025XA  26124.87305351  .00000223  00000+0  13854-3 0  9992,2 30241  99.1685 265.2363 0146329  41.2925 110.7168 14.09725611989281,Fengyun-1C
FY1C_369,1 30242U 99025XB  26124.04378012  .00000933  00000+0  47655-3 0  9990,2 30242  98.6631 159.9141 0010511  11.1650  49.8922 14.17976128994437,Fengyun-1C
FY1C_370,1 30243U 99025XC  26124.58018984  .00000555  00000+0  31892-3 0  9995,2 30243  98.6880 136.8852 0013451  76.1257  42.2777 14.13239143992963,Fengyun-1C
FY1C_371,1 30244U 99025XD  26124.68071088  .00000530  00000+0  29670-3 0  9995,2 30244  99.1311  22.7731 0008568 269.3898 145.0146 14.15230853993681,Fengyun-1C
FY1C_372,1 30245U 99025XE  26124.87449610  .00000916  00000+0  81218-3 0  9991,2 30245  98.9036 108.8805 0191094 227.2013 131.2937 13.79451481966675,Fengyun-1C
FY1C_373,1 30246U 99025XF  26123.93182904  .00000152  00000+0  23836-3 0  9992,2 30246  98.6927 251.9985 0371196 102.5481  17.4889 13.37109874940402,Fengyun-1C
FY1C_374,1 30247U 99025XG  26124.70068955  .00011602  00000+0  17495-2 0  9993,2 30247  98.2722  37.1128 0176791 265.1413 123.2775 14.64449404993719,Fengyun-1C
FY1C_375,1 30248U 99025XH  26124.03209170  .00015338  00000+0  28417-2 0  9992,2 30248  99.0969 327.5337 0028937  77.5671 282.8765 14.65127000995088,Fengyun-1C
FY1C_376,1 30249U 99025XJ  26124.48498644  .00012681  00000+0  24744-2 0  9995,2 30249  98.9653 305.4818 0022892 330.4458  84.2110 14.62946847996471,Fengyun-1C
FY1C_377,1 30250U 99025XK  26124.47405466  .00000165  00000+0  13382-3 0  9997,2 30250  98.7631 115.7439 0066385 183.6171 328.4560 14.01792239984918,Fengyun-1C
FY1C_378,1 30251U 99025XL  26124.80959321  .00000842  00000+0  34259-3 0  9997,2 30251  99.0415 333.6065 0050370 275.4842  99.2975 14.29672123  1867,Fengyun-1C
FY1C_379,1 30252U 99025XM  26124.80617742  .00000624  00000+0  37063-3 0  9990,2 30252  98.7353 140.7510 0066266 195.7753 344.8007 14.09952574989817,Fengyun-1C
FY1C_380,1 30253U 99025XN  26124.16461566  .00000653  00000+0  62274-3 0  9995,2 30253  98.7397 205.1723 0219142  21.5803  40.9160 13.73706415959691,Fengyun-1C
FY1C_381,1 30257U 99025XS  26124.74168456  .00000252  00000+0  16507-3 0  9998,2 30257  98.7555 124.3970 0059625  55.5339 121.9668 14.09807687992329,Fengyun-1C
FY1C_382,1 30259U 99025XU  26124.56839566  .00001404  00000+0  24806-3 0  9998,2 30259  98.7477 347.4742 0240926 194.7484 230.6829 14.52083413 15461,Fengyun-1C
FY1C_383,1 30263U 99025XY  26124.27783388  .00000884  00000+0  55567-3 0  9990,2 30263  98.9396 241.6208 0143765 324.8033  63.4742 14.02033620980220,Fengyun-1C
FY1C_384,1 30264U 99025XZ  26124.63815740  .00001449  00000+0  83249-3 0  9995,2 30264  98.9551 183.7651 0105359 246.6618 268.2441 14.08173469985687,Fengyun-1C
FY1C_385,1 30265U 99025YA  26124.26341263  .00008462  00000+0  16806-2 0  9995,2 30265  98.6688 244.8875 0025187 292.3420  96.9376 14.62227718  4831,Fengyun-1C
FY1C_386,1 30266U 99025YB  26124.78181325  .00001997  00000+0  10049-2 0  9993,2 30266  99.0278 195.9165 0081910  21.4793 105.3796 14.15880844988138,Fengyun-1C
FY1C_387,1 30267U 99025YC  26124.18967521  .00002814  00000+0  12093-2 0  9998,2 30267  98.8368 201.2219 0059425 191.1050 168.8821 14.24558833993223,Fengyun-1C
FY1C_388,1 30270U 99025YF  26124.81040763  .00000116  00000+0  87806-4 0  9991,2 30270  98.6953 139.1223 0008183 116.5059  56.7395 14.11340367993794,Fengyun-1C
FY1C_389,1 30272U 99025YH  26124.63398229  .00002303  00000+0  11880-2 0  9993,2 30272  98.8862 196.8745 0051303  60.0412 300.5841 14.15410407988779,Fengyun-1C
FY1C_390,1 30273U 99025YJ  26124.32110378  .00000831  00000+0  55436-3 0  9997,2 30273  98.8331 139.6980 0060674 210.9932 165.1916 14.02925243985287,Fengyun-1C
FY1C_391,1 30274U 99025YK  26124.08653178  .00008740  00000+0  20459-2 0  9994,2 30274  99.3102 273.3311 0004332 142.6183 277.5824 14.54855125  2770,Fengyun-1C
FY1C_392,1 30275U 99025YL  26124.51100420  .00006614  00000+0  17928-2 0  9995,2 30275  98.6192 216.2621 0038993 117.1318  17.5139 14.47524908  1357,Fengyun-1C
FY1C_393,1 30276U 99025YM  26124.63770660  .00002344  00000+0  96079-3 0  9999,2 30276  98.8455 203.0255 0024283  37.1768 323.1089 14.27960273995692,Fengyun-1C
FY1C_394,1 30277U 99025YN  26124.16880934  .00001992  00000+0  99113-3 0  9994,2 30277  98.9569 200.2802 0123782 134.7344 282.0142 14.14233557988021,Fengyun-1C
FY1C_395,1 30279U 99025YQ  26124.79007626  .00002363  00000+0  82642-3 0  9996,2 30279  99.1644  70.3985 0218265  23.7713   6.2707 14.23736258996462,Fengyun-1C
FY1C_396,1 30280U 99025YR  26124.71095140  .00000589  00000+0  43001-3 0  9992,2 30280  98.7883 113.0384 0078775 293.2792 246.0555 13.98448414984044,Fengyun-1C
FY1C_397,1 30281U 99025YS  26124.71299757  .00000333  00000+0  21018-3 0  9994,2 30281  98.7693 115.9494 0028400 190.5821 348.1572 14.10597049992360,Fengyun-1C
FY1C_398,1 30282U 99025YT  26124.78890844  .00000493  00000+0  23331-3 0  9993,2 30282  98.5048 126.0493 0208773 311.8020 228.6247 14.13173635993712,Fengyun-1C
FY1C_399,1 30283U 99025YU  26124.78810450  .00000168  00000+0  11964-3 0  9997,2 30283  98.8767 119.7139 0183159   5.1665 175.7138 14.02058760986956,Fengyun-1C
FY1C_400,1 30284U 99025YV  26124.66902750  .00002939  00000+0  11511-2 0  9995,2 30284  98.7063 198.0898 0037431  53.5452  99.9328 14.29840957995571,Fengyun-1C
FY1C_401,1 30286U 99025YX  26124.55370558  .00000115  00000+0  82654-4 0  9992,2 30286  98.6912 129.7222 0065080  86.6641  33.9431 14.12781462994754,Fengyun-1C
FY1C_402,1 30287U 99025YY  26124.31595877  .00001199  00000+0  78939-3 0  9993,2 30287  98.6194 149.0409 0411503 353.2306  19.4684 13.69061643958094,Fengyun-1C
FY1C_403,1 30288U 99025YZ  26124.77848986  .00004021  00000+0  14517-2 0  9994,2 30288  99.3893 223.4662 0020425 269.6328 242.3730 14.34102477996185,Fengyun-1C
FY1C_404,1 30289U 99025ZA  26124.51346028  .00003586  00000+0  14723-2 0  9991,2 30289  98.9245 228.7787 0034856 276.3666 216.3858 14.27371659991179,Fengyun-1C
FY1C_405,1 30290U 99025ZB  26124.77366208  .00041011  00000+0  43493-2 0  9994,2 30290 102.6193 312.9800 0011686  25.6149 102.4595 14.88889979999970,Fengyun-1C
FY1C_406,1 30291U 99025ZC  26124.16713027  .00008317  00000+0  16604-2 0  9999,2 30291  97.2226 359.2755 0102112 286.5014 196.4129 14.58843954997822,Fengyun-1C
FY1C_407,1 30293U 99025ZE  26124.51663131  .00002257  00000+0  57717-3 0  9998,2 30293  99.2489 334.2483 0076314  51.0176 339.5361 14.49846858 10444,Fengyun-1C
FY1C_408,1 30294U 99025ZF  26124.72877674  .00000522  00000+0  16079-3 0  9990,2 30294  98.3693 113.6442 0195977 242.4602 295.5332 14.35292545  5865,Fengyun-1C
FY1C_409,1 30295U 99025ZG  26124.54469477  .00000333  00000+0  15265-3 0  9995,2 30295  98.4939 147.5990 0093747  25.6612 125.4184 14.25174014  2039,Fengyun-1C
FY1C_410,1 30297U 99025ZJ  26124.81997963  .00017254  00000+0  35798-2 0  9995,2 30297  98.8259  82.1183 0368457  61.2320   1.5531 14.25320071971887,Fengyun-1C
FY1C_411,1 30298U 99025ZK  26124.78290707  .00003696  00000+0  17004-2 0  9999,2 30298  98.9964 223.2355 0048099  80.3627  43.9921 14.21149548988650,Fengyun-1C
FY1C_412,1 30299U 99025ZL  26124.78922139  .00001842  00000+0  10484-2 0  9997,2 30299  99.0813 203.0261 0101353 328.2903 157.7187 14.08545337983038,Fengyun-1C
FY1C_413,1 30300U 99025ZM  26124.18603032  .00004176  00000+0  16396-2 0  9993,2 30300  99.0302 203.3694 0072329 241.9200 174.5135 14.28471280990178,Fengyun-1C
FY1C_414,1 30301U 99025ZN  26124.72726869  .00018749  00000+0  38945-2 0  9993,2 30301  98.6374 285.8618 0062385 210.0181 165.0241 14.58924081992989,Fengyun-1C
FY1C_415,1 30302U 99025ZP  26124.27195854  .00004060  00000+0  20321-2 0  9998,2 30302  98.5523  30.8057 0105892  69.4840 291.7661 14.14335565980579,Fengyun-1C
FY1C_416,1 30303U 99025ZQ  26123.17832992  .00005257  00000+0  20936-2 0  9999,2 30303  99.0103 209.7078 0074693 233.2368 126.1939 14.27518691990522,Fengyun-1C
FY1C_417,1 30304U 99025ZR  26124.65726338  .00002124  00000+0  10687-2 0  9992,2 30304  99.0189 203.9393 0071014   4.4824 355.6971 14.16244788988413,Fengyun-1C
FY1C_418,1 30305U 99025ZS  26124.74886593  .00000210  00000+0  25836-3 0  9990,2 30305  98.5997  52.5621 0266020  86.7337 305.1227 13.60306368957187,Fengyun-1C
FY1C_419,1 30306U 99025ZT  26124.81995521  .00001991  00000+0  75354-3 0  9998,2 30306  98.5695 168.5682 0110432 297.7389  61.2627 14.28997199997242,Fengyun-1C
FY1C_420,1 30309U 99025ZW  26124.41227217  .00000135  00000+0  13151-3 0  9993,2 30309  99.2015 186.0647 0093822 164.2648 196.1463 13.93631353980206,Fengyun-1C
FY1C_421,1 30310U 99025ZX  26122.97838694  .00001037  00000+0  48226-3 0  9994,2 30310  98.6540 142.1961 0238749 317.1435  41.1341 14.08809724987205,Fengyun-1C
FY1C_422,1 30311U 99025ZY  26124.77052995  .00000409  00000+0  40615-3 0  9993,2 30311  99.1335 220.1224 0165467 177.4648 182.7381 13.78014390969302,Fengyun-1C
FY1C_423,1 30312U 99025ZZ  26124.20819707  .00006618  00000+0  17776-2 0  9993,2 30312  98.8567 215.1027 0012612 144.0840 237.4783 14.48384451999817,Fengyun-1C
FY1C_424,1 30313U 99025AAA 26124.77698250  .00003341  00000+0  13767-2 0  9990,2 30313  98.8672 217.7357 0054769 280.6845 238.3961 14.26749507991284,Fengyun-1C
FY1C_425,1 30314U 99025AAB 26123.96961048  .00001150  00000+0  71828-3 0  9998,2 30314  98.3925 308.5001 0140695 316.6568  42.3601 14.01789082981011,Fengyun-1C
FY1C_426,1 30315U 99025AAC 26124.51986328  .00000471  00000+0  24366-3 0  9999,2 30315  98.5986 134.8597 0034033 307.6761 174.1533 14.19275949997324,Fengyun-1C
FY1C_427,1 30316U 99025AAD 26124.28066101  .00007086  00000+0  15002-2 0  9997,2 30316  98.6494 237.2341 0032821 321.1996  38.6845 14.59231290  4132,Fengyun-1C
FY1C_428,1 30317U 99025AAE 26124.52424162  .00000057  00000+0  59841-4 0  9992,2 30317  98.7906 126.0146 0024164 233.0050 126.8907 14.07020884990213,Fengyun-1C
FY1C_429,1 30320U 99025AAH 26124.67259016  .00000027  00000+0  49253-4 0  9999,2 30320  99.1626 189.0652 0085087 262.4200 223.8907 13.98640708984051,Fengyun-1C
FY1C_430,1 30321U 99025AAJ 26124.46537866  .00000392  00000+0  21322-3 0  9990,2 30321  98.6615 124.7154 0060516 186.3598 331.5849 14.16834513995640,Fengyun-1C
FY1C_431,1 30322U 99025AAK 26124.55735723  .00001526  00000+0  87911-3 0  9999,2 30322  98.3884 337.0169 0125281 206.3126 153.1645 14.06652296982072,Fengyun-1C
FY1C_432,1 30325U 99025AAL 26124.48627605  .00000194  00000+0  13627-3 0  9996,2 30325  98.7215 144.3901 0015707 206.7983 153.2378 14.09155580990267,Fengyun-1C
FY1C_433,1 30326U 99025AAM 26124.47828094  .00000159  00000+0  16063-3 0  9999,2 30326  98.6368   5.8313 0141879   1.6627 358.4975 13.85538612974326,Fengyun-1C
FY1C_434,1 30327U 99025AAN 26124.16501072  .00003513  00000+0  15814-2 0  9999,2 30327  98.4376  16.6770 0118327  90.0666  61.6936 14.19192220984621,Fengyun-1C
FY1C_435,1 30328U 99025AAP 26124.53231683  .00000168  00000+0  11393-3 0  9991,2 30328  98.6826 135.3006 0006539 111.8734   9.6404 14.12552240992800,Fengyun-1C
FY1C_436,1 30329U 99025AAQ 26124.76383316  .00000429  00000+0  37399-3 0  9992,2 30329  99.2659  47.8026 0141999  12.3575  13.8217 13.86891418973934,Fengyun-1C
FY1C_437,1 30330U 99025AAR 26124.51697799  .00001369  00000+0  11352-2 0  9994,2 30330  98.8977 113.9286 0187467 159.6952 325.3640 13.82594893966308,Fengyun-1C
FY1C_438,1 30331U 99025AAS 26124.60293138  .00000245  00000+0  19587-3 0  9995,2 30331  98.9350 160.5827 0095173 334.0120 177.8963 13.98017341981155,Fengyun-1C
FY1C_439,1 30332U 99025AAT 26124.45675713  .00000367  00000+0  37289-3 0  9996,2 30332  99.7346 104.1696 0178216  92.2892  30.8834 13.76872051966798,Fengyun-1C
FY1C_440,1 30334U 99025AAV 26124.25411425  .00001491  00000+0  10879-2 0  9998,2 30334  99.0186 225.1770 0141129 313.3462  72.2652 13.93040564972054,Fengyun-1C
FY1C_441,1 30335U 99025AAW 26124.56450747  .00000484  00000+0  32169-3 0  9991,2 30335  98.9168 117.4765 0134607  94.4362  21.5511 14.01455975985915,Fengyun-1C
FY1C_442,1 30336U 99025AAX 26124.54754059  .00000572  00000+0  28910-3 0  9990,2 30336  98.5877 146.2882 0042309 316.0409 173.1930 14.19527867996281,Fengyun-1C
FY1C_443,1 30338U 99025AAZ 26124.16403199  .00006754  00000+0  11282-2 0  9997,2 30338  98.4393 199.0981 0267608 120.4679 307.6180 14.49225802  2071,Fengyun-1C
FY1C_444,1 30339U 99025ABA 26124.81361815  .00005733  00000+0  18099-2 0  9997,2 30339  98.9743 242.8808 0018769  24.7655 132.9334 14.40554695994855,Fengyun-1C
FY1C_445,1 30340U 99025ABB 26124.74367458  .00000115  00000+0  89877-4 0  9993,2 30340  98.9756 185.1147 0146442  96.6432  26.6150 14.04669130987888,Fengyun-1C
FY1C_446,1 30341U 99025ABC 26124.69700866  .00006770  00000+0  22933-2 0  9993,2 30341  99.2167  27.4246 0052063   8.4526  45.3732 14.36342290991325,Fengyun-1C
FY1C_447,1 30342U 99025ABD 26124.78551321  .00000610  00000+0  56785-3 0  9994,2 30342 100.1994 320.3929 0168841 114.9230 258.9201 13.80247998968623,Fengyun-1C
FY1C_448,1 30344U 99025ABF 26124.82308837  .00008954  00000+0  20964-2 0  9991,2 30344  98.8132 219.2490 0006983  61.9138  67.1678 14.54805162  1550,Fengyun-1C
FY1C_449,1 30345U 99025ABG 26124.73610234  .00005406  00000+0  16059-2 0  9998,2 30345  98.9076 195.5677 0018389 176.2040 183.9292 14.43555056998351,Fengyun-1C
FY1C_450,1 30346U 99025ABH 26124.76501543  .00003861  00000+0  13330-2 0  9996,2 30346  98.8055 229.2620 0051981 322.3921 190.0678 14.35659225994647,Fengyun-1C
FY1C_451,1 30347U 99025ABJ 26124.45708664  .00000073  00000+0  78198-4 0  9993,2 30347  98.3874 299.9507 0149753 357.0090  58.2127 13.92849875979479,Fengyun-1C
FY1C_452,1 30348U 99025ABK 26124.73897777  .00004679  00000+0  16010-2 0  9998,2 30348  98.8604 228.4422 0015956 308.6359 207.7048 14.36693145995866,Fengyun-1C
FY1C_453,1 30349U 99025ABL 26123.43956128  .00003626  00000+0  19275-2 0  9998,2 30349  98.5959  84.8888 0086659 329.6109 155.6683 14.12176237982304,Fengyun-1C
FY1C_454,1 30350U 99025ABM 26124.41583451  .00000728  00000+0  58280-3 0  9994,2 30350  98.1089 288.1074 0217273 275.0347 111.2409 13.83129991969545,Fengyun-1C
FY1C_455,1 30352U 99025ABP 26124.85966350  .00000379  00000+0  24854-3 0  9999,2 30352  98.7513 146.6210 0027205 274.4185 162.5948 14.07690966989240,Fengyun-1C
FY1C_456,1 30355U 99025ABS 26124.78942234  .00001051  00000+0  51499-3 0  9992,2 30355  98.5896 129.7548 0051854 255.5627 278.9021 14.19248149993793,Fengyun-1C
FY1C_457,1 30356U 99025ABT 26124.48461865  .00001006  00000+0  55125-3 0  9996,2 30356  98.6896 120.5544 0050797 240.7676 242.5884 14.13434794990377,Fengyun-1C
FY1C_458,1 30357U 99025ABU 26124.02483260  .00000176  00000+0  13386-3 0  9990,2 30357  98.7886 152.0698 0048235 290.5038  98.7735 14.05331914988056,Fengyun-1C
FY1C_459,1 30358U 99025ABV 26124.00277285  .00003077  00000+0  13718-2 0  9998,2 30358  98.5573 313.7336 0083134 145.7764   6.2432 14.21639930989389,Fengyun-1C
FY1C_460,1 30359U 99025ABW 26124.59226537  .00002398  00000+0  16782-2 0  9996,2 30359 101.6215 351.9728 0143584 347.8258  11.9438 13.95022015970601,Fengyun-1C
FY1C_461,1 30360U 99025ABX 26124.67496432  .00002990  00000+0  12281-2 0  9998,2 30360  98.7503 199.4328 0031471  94.4529  58.5571 14.27508149994634,Fengyun-1C
FY1C_462,1 30361U 99025ABY 26124.55061620  .00001860  00000+0  78063-3 0  9999,2 30361  98.5502 162.1612 0063716 334.6162  25.1893 14.26008536996514,Fengyun-1C
FY1C_463,1 30362U 99025ABZ 26124.75023139  .00002934  00000+0  15339-2 0  9994,2 30362  99.0529  54.0070 0092173 301.5153  57.7039 14.13028135981878,Fengyun-1C
FY1C_464,1 30363U 99025ACA 26122.16211249  .00002456  00000+0  11919-2 0  9998,2 30363  99.0175 200.4385 0076827   0.3331 359.7882 14.17759944988132,Fengyun-1C
FY1C_465,1 30364U 99025ACB 26121.69750865  .00004501  00000+0  12886-2 0  9995,2 30364  98.1351  31.7471 0322260 270.7690 115.5517 14.19280743976257,Fengyun-1C
FY1C_466,1 30365U 99025ACC 26124.53710421  .00000596  00000+0  26366-3 0  9995,2 30365  98.6280 120.2206 0167896  59.5953  61.6629 14.19419854996389,Fengyun-1C
FY1C_467,1 30366U 99025ACD 26124.74442852  .00001000  00000+0  36737-3 0  9993,2 30366  98.9279  51.7142 0062583 159.8607 230.8307 14.33934267  3732,Fengyun-1C
FY1C_468,1 30368U 99025ACF 26124.80686534  .00000278  00000+0  29495-3 0  9998,2 30368  99.1905 230.6132 0185622 290.3903 226.2743 13.75480379966286,Fengyun-1C
FY1C_469,1 30369U 99025ACG 26124.44901266  .00000271  00000+0  16250-3 0  9999,2 30369  98.7281 123.0212 0099987 149.6915  16.2113 14.12185073992608,Fengyun-1C
FY1C_470,1 30370U 99025ACH 26124.11443501  .00002015  00000+0  92704-3 0  9994,2 30370  99.0389 188.1503 0097841 270.5232 118.3446 14.19837118991143,Fengyun-1C
FY1C_471,1 30371U 99025ACJ 26124.05693490  .00002163  00000+0  83943-3 0  9991,2 30371  98.5573 169.9688 0005587 263.9268 111.9788 14.30949630999383,Fengyun-1C
FY1C_472,1 30374U 99025ACM 26124.63345589  .00006217  00000+0  11936-2 0  9997,2 30374  99.2626  10.5422 0040286  93.6948 298.8658 14.63595319 10100,Fengyun-1C
FY1C_473,1 30377U 99025ACQ 26124.79566191  .00000648  00000+0  44828-3 0  9990,2 30377  98.8818 145.1164 0117036 229.9862 309.4059 13.99337172982073,Fengyun-1C
FY1C_474,1 30379U 99025ACS 26124.79797684  .00000481  00000+0  30542-3 0  9998,2 30379  98.7504 140.2784 0035337 234.0336 307.3312 14.08189045988302,Fengyun-1C
FY1C_475,1 30380U 99025ACT 26124.61193133  .00001326  00000+0  28515-3 0  9996,2 30380  98.8883 185.5456 0177478 146.8099 214.4377 14.51048320 16367,Fengyun-1C
FY1C_476,1 30381U 99025ACU 26122.04769250  .00001450  00000+0  78214-3 0  9990,2 30381  98.7959 159.8130 0054579  38.2900 322.2129 14.13515604941480,Fengyun-1C
FY1C_477,1 30382U 99025ACV 26124.06423780  .00001497  00000+0  57260-3 0  9999,2 30382  98.4801 163.0393 0152037 300.2580  87.5108 14.25969038995637,Fengyun-1C
FY1C_478,1 30385U 99025ACY 26124.59187062  .00000550  00000+0  17857-3 0  9997,2 30385  99.0654 158.5397 0124327 229.0473 283.9264 14.39057153  8211,Fengyun-1C
FY1C_479,1 30386U 99025ACZ 26124.66716740  .00001226  00000+0  13343-2 0  9993,2 30386  98.6821   8.2534 0304384 145.0085 275.5609 13.56108629947660,Fengyun-1C
FY1C_480,1 30387U 99025ADA 26124.31345053  .00000372  00000+0  21352-3 0  9992,2 30387  98.6486 140.1314 0001400  92.9714 282.6711 14.15223171993415,Fengyun-1C
FY1C_481,1 30388U 99025ADB 26124.76805972  .00001225  00000+0  46698-3 0  9991,2 30388  98.5866 146.4584 0220244   9.2118  44.6132 14.20170556994624,Fengyun-1C
FY1C_482,1 30389U 99025ADC 26124.75649394  .00006556  00000+0  18326-2 0  9993,2 30389  98.8290 216.7303 0014503 155.1434 329.0239 14.46448911998522,Fengyun-1C
FY1C_483,1 30390U 99025ADD 26124.81241227  .00004011  00000+0  15019-2 0  9995,2 30390  98.8131 214.9520 0067978 107.2414  18.7562 14.31019698994290,Fengyun-1C
FY1C_484,1 30391U 99025ADE 26124.60479351  .00001798  00000+0  89630-3 0  9994,2 30391  98.7634 173.5955 0071175 212.3636 301.4444 14.16865884989012,Fengyun-1C
FY1C_485,1 30392U 99025ADF 26124.80787943  .00000868  00000+0  46483-3 0  9992,2 30392  98.7745 144.5159 0179003 313.6314 229.5635 14.07812082986838,Fengyun-1C
FY1C_486,1 30393U 99025ADG 26124.66357432 -.00000138  00000+0 -62812-4 0  9990,2 30393  99.1386 187.2602 0070632 227.2430 287.0964 13.99041044983281,Fengyun-1C
FY1C_487,1 30394U 99025ADH 26124.03668307  .00000526  00000+0  40449-3 0  9998,2 30394  99.4148 160.5722 0090214  76.4254 314.3493 13.95897702980895,Fengyun-1C
FY1C_488,1 30395U 99025ADJ 26124.79951815  .00000709  00000+0  48568-3 0  9994,2 30395  98.9221 141.2385 0159238 352.1438 191.0298 13.96911496980209,Fengyun-1C
FY1C_489,1 30396U 99025ADK 26124.49396500  .00000088  00000+0  97316-4 0  9992,2 30396  98.2305 117.3241 0135376  95.0198  28.9940 13.87217776975581,Fengyun-1C
FY1C_490,1 30397U 99025ADL 26124.83361139  .00001224  00000+0  79096-3 0  9998,2 30397  98.4205 266.4081 0149074  51.4392 113.3511 13.99196218977656,Fengyun-1C
FY1C_491,1 30398U 99025ADM 26124.70057230  .00000349  00000+0  34961-3 0  9998,2 30398  99.7061  29.6918 0172047 283.3459 102.8536 13.78845585967277,Fengyun-1C
FY1C_492,1 30400U 99025ADP 26124.81465222  .00004371  00000+0  19302-2 0  9998,2 30400  99.1612  60.2454 0219184 295.1466 125.8935 14.11844476975325,Fengyun-1C
FY1C_493,1 30401U 99025ADQ 26124.49102187  .00000333  00000+0  14300-3 0  9999,2 30401  98.9296   9.7681 0108117  74.0094 287.2964 14.28119302  3424,Fengyun-1C
FY1C_494,1 30403U 99025ADS 26124.68793329  .00003195  00000+0  14048-2 0  9993,2 30403  99.0507 211.9534 0072242 333.8702  25.8836 14.22864676988384,Fengyun-1C
FY1C_495,1 30404U 99025ADT 26122.00140065  .00000518  00000+0  74197-3 0  9999,2 30404  99.8241 213.5317 0379937 158.0286 203.7627 13.34558277599078,Fengyun-1C
FY1C_496,1 30405U 99025ADU 26124.55779605  .00003537  00000+0  13654-2 0  9994,2 30405  98.7900 224.8342 0051046  97.8984 278.4342 14.30117614994362,Fengyun-1C
FY1C_497,1 30406U 99025ADV 26124.63727265  .00001131  00000+0  12157-2 0  9994,2 30406  98.6141   3.3524 0280144 347.0934  31.2322 13.59680388951087,Fengyun-1C
FY1C_498,1 30409U 99025ADY 26123.95165880  .00001158  00000+0  66938-3 0  9996,2 30409  98.4885 106.9513 0166048 324.0399  99.6099 14.04126536984252,Fengyun-1C
FY1C_499,1 30411U 99025AEA 26124.17527531  .00003429  00000+0  18764-2 0  9995,2 30411  98.5788  32.8463 0124064  62.8724 298.5037 14.08691407979883,Fengyun-1C
FY1C_500,1 30413U 99025AEC 26124.33026071  .00004472  00000+0  16004-2 0  9992,2 30413 102.0616  57.6761 0043296 202.9530 309.3156 14.34304964991820,Fengyun-1C
FY1C_501,1 30414U 99025AED 26124.40248344  .00005247  00000+0  17842-2 0  9992,2 30414  99.0924 294.1076 0057853 131.0698 229.5504 14.36070435991337,Fengyun-1C
FY1C_502,1 30415U 99025AEE 26124.63851919  .00001004  00000+0  99860-3 0  9994,2 30415  99.6330 190.0444 0233645 262.6524 258.8800 13.69391477958336,Fengyun-1C
FY1C_503,1 30416U 99025AEF 26124.31295298 -.00000031  00000+0  72024-5 0  9997,2 30416  98.8195 149.3871 0055994 151.2658 209.1613 14.02742590986233,Fengyun-1C
FY1C_504,1 30417U 99025AEG 26124.71699406  .00000457  00000+0  25387-3 0  9990,2 30417  98.7054 116.0897 0064880  72.3212 104.9678 14.14836963994108,Fengyun-1C
FY1C_505,1 30418U 99025AEH 26124.46721833  .00004349  00000+0  44959-3 0  9993,2 30418  98.8531 305.0464 0106115  21.3779   7.4721 14.86633949 27112,Fengyun-1C
FY1C_506,1 30419U 99025AEJ 26124.78588198  .00000952  00000+0  47775-3 0  9999,2 30419  99.2551  82.5320 0051937 342.1152  95.2197 14.18492558993767,Fengyun-1C
FY1C_507,1 30432U 99025AET 26124.67238156  .00001402  00000+0  43195-3 0  9991,2 30432  98.8283  33.2449 0080805 274.0046  85.1908 14.41285783  7934,Fengyun-1C
FY1C_508,1 30434U 99025AEV 26124.73481417  .00000296  00000+0  25534-3 0  9997,2 30434  99.0139 112.2086 0120773 201.7819 339.9797 13.90793683976946,Fengyun-1C
FY1C_509,1 30435U 99025AEW 26124.74525714  .00003028  00000+0  24670-2 0  9993,2 30435  99.0294 109.5418 0213418  89.6873  86.2051 13.80479176961327,Fengyun-1C
FY1C_510,1 30436U 99025AEX 26124.67815520  .00004424  00000+0  18545-2 0  9998,2 30436  98.4190  17.5649 0098512  76.4906 350.7400 14.23837779984706,Fengyun-1C
FY1C_511,1 30437U 99025AEY 26124.79272612  .00023771  00000+0  21368-2 0  9994,2 30437  98.9022 168.1301 0028305   5.9037  59.7893 14.95369696 13183,Fengyun-1C
FY1C_512,1 30438U 99025AEZ 26124.46090210  .00001321  00000+0  97842-3 0  9999,2 30438  98.7422 138.5762 0135280 153.9425 206.8628 13.92629153972924,Fengyun-1C
FY1C_513,1 30439U 99025AFA 26124.52857442  .00000241  00000+0  16267-3 0  9997,2 30439  98.7451 137.0753 0037331 292.2321 199.4593 14.09024916988022,Fengyun-1C
FY1C_514,1 30441U 99025AFC 26124.67802024  .00000582  00000+0  55112-3 0  9992,2 30441  99.1246 213.5887 0183199 238.3562 119.9605 13.77853676968387,Fengyun-1C
FY1C_515,1 30442U 99025AFD 26124.75394843  .00004585  00000+0  17602-2 0  9995,2 30442  98.8630 225.8058 0054373 229.7079 129.9344 14.30159302992052,Fengyun-1C
FY1C_516,1 30443U 99025AFE 26124.44300108  .00004902  00000+0  16035-2 0  9995,2 30443  98.8571  80.8171 0023890 277.4826  82.3646 14.38812344994848,Fengyun-1C
FY1C_517,1 30445U 99025AFG 26124.85394164  .00001876  00000+0  47056-3 0  9992,2 30445  98.8548  88.0924 0103107 307.6594  51.5278 14.49522637 12551,Fengyun-1C
FY1C_518,1 30446U 99025AFH 26124.75895760  .00004631  00000+0  12901-2 0  9992,2 30446  98.6035 214.3111 0032482  29.5149 330.7867 14.46506703  2442,Fengyun-1C
FY1C_519,1 30447U 99025AFJ 26124.19943394  .00007723  00000+0  15932-2 0  9990,2 30447  98.9665   1.9467 0055748 321.1465 161.9292 14.59761941  1638,Fengyun-1C
FY1C_520,1 30448U 99025AFK 26124.79647176  .00004253  00000+0  14538-2 0  9992,2 30448  98.8264 224.8164 0015534 308.2804 172.5893 14.36791007993912,Fengyun-1C
FY1C_521,1 30450U 99025AFM 26124.29529941  .00003367  00000+0  51707-3 0  9994,2 30450  98.0716 140.3111 0187787 120.3316 258.3516 14.62997828 16205,Fengyun-1C
FY1C_522,1 30452U 99025AFP 26123.94491218  .00021340  00000+0  34286-2 0  9995,2 30452  99.3303 287.2755 0044621 176.7333 334.6171 14.70958081  1780,Fengyun-1C
FY1C_523,1 30453U 99025AFQ 26124.68496927  .00003238  00000+0  12896-2 0  9999,2 30453  98.7980 201.9653 0115332 171.8247 341.4601 14.25719987992708,Fengyun-1C
FY1C_524,1 30454U 99025AFR 26124.85401330  .00003918  00000+0  17032-2 0  9995,2 30454  98.1369  87.8974 0168320 137.3181 254.0093 14.17272873979865,Fengyun-1C
FY1C_525,1 30462U 99025AFZ 26124.74550693  .00000027  00000+0  38869-4 0  9990,2 30462  98.8300 114.4423 0138942 208.2982 326.3524 14.06379640988035,Fengyun-1C
FY1C_526,1 30464U 99025AGB 26124.38427380  .00000131  00000+0  93216-4 0  9991,2 30464  98.8108 177.0563 0108630 215.0855 208.8554 14.10295978990743,Fengyun-1C
FY1C_527,1 30465U 99025AGC 26124.21851051  .00003669  00000+0  12919-2 0  9998,2 30465  98.8227 220.4917 0014476 331.3241  93.4271 14.35404270994019,Fengyun-1C
FY1C_528,1 30466U 99025AGD 26124.58620330  .00002080  00000+0  87684-3 0  9991,2 30466  98.6364 167.0721 0115263 330.2676 183.1930 14.23232068993823,Fengyun-1C
FY1C_529,1 30467U 99025AGE 26123.60653770  .00001605  00000+0  79034-3 0  9990,2 30467  98.6614 152.7497 0065534  80.8430  49.8748 14.17804899991872,Fengyun-1C
FY1C_530,1 30468U 99025AGF 26124.73059906  .00002407  00000+0  10874-2 0  9994,2 30468  98.9112 212.6050 0070554 349.8501 173.4654 14.21752937988411,Fengyun-1C
FY1C_531,1 30469U 99025AGG 26124.57499027  .00001640  00000+0  10811-2 0  9998,2 30469  98.4701 329.1965 0159801 130.5704 304.2886 13.96956789977009,Fengyun-1C
FY1C_532,1 30471U 99025AGJ 26124.72784162  .00002848  00000+0  14609-2 0  9995,2 30471  99.0474 219.1444 0082315 209.6941 304.7486 14.14492211984636,Fengyun-1C
FY1C_533,1 30472U 99025AGK 26124.27091963  .00007137  00000+0  15870-2 0  9993,2 30472  98.6522 235.4278 0035061   4.8534  24.2153 14.56921424  1095,Fengyun-1C
FY1C_534,1 30474U 99025AGM 26124.77231167  .00004999  00000+0  16049-2 0  9994,2 30474  98.9197 214.3423 0022486 298.6734 187.9226 14.39748037994501,Fengyun-1C
FY1C_535,1 30475U 99025AGN 26124.80375035  .00001340  00000+0  69442-3 0  9995,2 30475  98.7735 169.2850 0041652 239.9578 189.5172 14.16115476989760,Fengyun-1C
FY1C_536,1 30476U 99025AGP 26123.67731846  .00002268  00000+0  10424-2 0  9991,2 30476  99.1093 170.4787 0043956 253.1311 230.4291 14.21757484988616,Fengyun-1C
FY1C_537,1 30477U 99025AGQ 26124.66640602  .00001494  00000+0  22090-2 0  9993,2 30477  99.4171 199.4393 0426408 293.8055 225.6129 13.24153922926105,Fengyun-1C
FY1C_538,1 30480U 99025AGS 26124.32245399  .00000764  00000+0  24822-3 0  9999,2 30480  98.2172 137.1532 0166530  79.9161  44.3054 14.33853011  7110,Fengyun-1C
FY1C_539,1 30481U 99025AGT 26124.51545065  .00001104  00000+0  27639-3 0  9992,2 30481  98.3268 142.9828 0222356 190.1184 324.8549 14.39618597  5296,Fengyun-1C
FY1C_540,1 30489U 99025AHB 26124.79074347  .00000351  00000+0  18142-3 0  9992,2 30489  98.4619 137.6561 0139008 212.1858 329.0176 14.15992055994113,Fengyun-1C
FY1C_541,1 30492U 99025AHE 26124.47902063  .00015898  00000+0  33895-2 0  9999,2 30492 102.3230 213.3595 0089768  47.2221 313.6468 14.56562902989697,Fengyun-1C
FY1C_542,1 30493U 99025AHF 26124.46414897  .00001697  00000+0  11507-2 0  9990,2 30493  98.5780 309.5375 0181426 180.6862 199.1610 13.93751575970833,Fengyun-1C
FY1C_543,1 30494U 99025AHG 26124.52749627  .00001562  00000+0  13625-2 0  9994,2 30494  99.2640 162.0508 0185965 203.0303 156.2433 13.79800008964558,Fengyun-1C
FY1C_544,1 30495U 99025AHH 26123.06116258  .00002342  00000+0  38776-2 0  9992,2 30495 102.2588 233.8924 0588978 337.1617  20.4236 12.94873864905028,Fengyun-1C
FY1C_545,1 30496U 99025AHJ 26124.25082869  .00009047  00000+0  68061-3 0  9995,2 30496  98.7836  52.2572 0123113 355.5212   4.4894 14.96911034 32745,Fengyun-1C
FY1C_546,1 30498U 99025AHL 26124.60468455  .00002495  00000+0  14514-2 0  9998,2 30498  99.2272 183.6144 0103967 120.5633  37.9555 14.06882315977779,Fengyun-1C
FY1C_547,1 30500U 99025AHN 26123.98671914  .00004656  00000+0  18952-2 0  9999,2 30500  99.0686 225.4460 0063020  67.5219 350.7285 14.26907956987094,Fengyun-1C
FY1C_548,1 30501U 99025AHP 26123.94638736  .00003145  00000+0  13144-2 0  9991,2 30501  99.0904 124.9802 0042000 151.4814 275.4315 14.26406336989466,Fengyun-1C
FY1C_549,1 30503U 99025AHR 26124.52217148  .00000374  00000+0  21222-3 0  9996,2 30503  99.1941 337.7544 0008094 218.0341 203.4625 14.16285100993673,Fengyun-1C
FY1C_550,1 30504U 99025AHS 26124.65165630  .00000424  00000+0  20401-3 0  9993,2 30504  99.0024 178.6771 0112516 168.2793 192.1042 14.20827803994238,Fengyun-1C
FY1C_551,1 30505U 99025AHT 26124.79026338  .00003112  00000+0  13710-2 0  9991,2 30505  98.9151 211.1953 0064789 189.9472 299.3601 14.23018938989571,Fengyun-1C
FY1C_552,1 30506U 99025AHU 26124.68263647  .00000397  00000+0  24976-3 0  9995,2 30506  98.7574 130.6924 0069173 304.1115 110.2791 14.08814273988343,Fengyun-1C
FY1C_553,1 30507U 99025AHV 26124.47664861  .00001866  00000+0  93244-3 0  9992,2 30507  98.9970 194.9508 0128914 132.8196 353.8649 14.13775915985148,Fengyun-1C
FY1C_554,1 30509U 99025AHX 26124.13075850  .00002304  00000+0  12996-2 0  9993,2 30509  98.4605 352.2073 0102746  19.8137 109.8939 14.08563511977266,Fengyun-1C
FY1C_555,1 30510U 99025AHY 26123.02063247  .00002093  00000+0  11004-2 0  9993,2 30510  99.2348 144.6442 0079831 129.8497 258.5779 14.13594610985705,Fengyun-1C
FY1C_556,1 30514U 99025AJC 26124.50947258  .00001830  00000+0  55777-3 0  9998,2 30514  98.3974 149.3042 0172644  29.3718 331.7038 14.34918946  2705,Fengyun-1C
FY1C_557,1 30515U 99025AJD 26124.38343965  .00001370  00000+0  75661-3 0  9993,2 30515  98.4954 348.3617 0495846  56.4997 357.6683 13.64339521952756,Fengyun-1C
FY1C_558,1 30516U 99025AJE 26124.80125881  .00005940  00000+0  17620-2 0  9993,2 30516  98.8586 239.2803 0008617 218.9212 292.7050 14.43659988997776,Fengyun-1C
FY1C_559,1 30520U 99025AJJ 26124.79572351  .00018974  00000+0  81164-3 0  9990,2 30520  98.7188 324.1981 0059329 339.7796  20.1087 15.21273595 32118,Fengyun-1C
FY1C_560,1 30521U 99025AJK 26124.83860259  .00003581  00000+0  67899-3 0  9990,2 30521  99.0083 276.9389 0134441 167.9968 192.4487 14.59316507 16664,Fengyun-1C
FY1C_561,1 30523U 99025AJM 26124.22828029  .00000838  00000+0  25905-3 0  9998,2 30523  98.4844 103.5442 0243338  49.5478 327.9574 14.28201898  1349,Fengyun-1C
FY1C_562,1 30524U 99025AJN 26122.76421919  .00006226  00000+0  40071-2 0  9990,2 30524  99.3162 300.8882 0201163 227.6290 130.7688 13.94018478958499,Fengyun-1C
FY1C_563,1 30525U 99025AJP 26124.59194468  .00001135  00000+0  12093-2 0  9997,2 30525  98.5946 357.3632 0291340 296.3912  60.7596 13.59059615950571,Fengyun-1C
FY1C_564,1 30526U 99025AJQ 26124.71021995  .00001326  00000+0  16150-2 0  9996,2 30526  99.5351 206.1680 0303827 266.5657  90.0686 13.50093415945876,Fengyun-1C
FY1C_565,1 30527U 99025AJR 26123.62338887  .00001207  00000+0  16499-2 0  9991,2 30527 100.0462 169.1096 0409387 248.5977 268.2025 13.31344511932440,Fengyun-1C
FY1C_566,1 30528U 99025AJS 26124.41651913  .00000532  00000+0  27331-3 0  9996,2 30528  98.2199 347.7660 0144053 173.3359 312.8779 14.13707928991535,Fengyun-1C
FY1C_567,1 30529U 99025AJT 26123.21881419  .00001187  00000+0  11189-2 0  9990,2 30529  98.4875  33.9722 0228423 203.0674 156.0092 13.72019442959482,Fengyun-1C
FY1C_568,1 30530U 99025AJU 26124.57795544  .00000661  00000+0  22432-3 0  9995,2 30530  98.3741 164.3287 0100267  70.5314  81.4841 14.37013774  8373,Fengyun-1C
FY1C_569,1 30531U 99025AJV 26124.66074051  .00017483  00000+0  30674-2 0  9995,2 30531 102.3088  25.9748 0023577 169.9842 190.1821 14.67671002997881,Fengyun-1C
FY1C_570,1 30533U 99025AJX 26124.34354895  .00010664  00000+0  22436-2 0  9990,2 30533  98.8414 266.4716 0076181  76.1693 314.7980 14.57900702998965,Fengyun-1C
FY1C_571,1 30539U 99025AKD 26124.52856389  .00001361  00000+0  29390-3 0  9992,2 30539  98.8930 119.1939 0114644 201.1043 158.5403 14.56199085 14215,Fengyun-1C
FY1C_572,1 30540U 99025AKE 26124.82235149  .00004033  00000+0  14435-2 0  9994,2 30540  98.8816 241.7448 0049808   3.0746 148.1963 14.33889767993350,Fengyun-1C
FY1C_573,1 30541U 99025AKF 26124.07686911  .00002015  00000+0  90012-3 0  9993,2 30541  98.6769 173.7952 0017141  39.2788 320.9631 14.23708961993528,Fengyun-1C
FY1C_574,1 30542U 99025AKG 26124.57746199 -.00000014  00000+0  17089-4 0  9996,2 30542  98.7686 154.1864 0026848 291.2240 200.3921 14.07049981989272,Fengyun-1C
FY1C_575,1 30543U 99025AKH 26124.53223685  .00000213  00000+0  15856-3 0  9992,2 30543  98.8299 135.0674 0071763 354.9404 134.7909 14.03854583985085,Fengyun-1C
FY1C_576,1 30545U 99025AKK 26121.80561136  .00000247  00000+0  38359-3 0  9997,2 30545  98.9916 319.7419 0472503  31.6178 331.2430 13.20883140927792,Fengyun-1C
FY1C_577,1 30546U 99025AKL 26124.19519962  .00006769  00000+0  66366-3 0  9997,2 30546  98.8934   2.7020 0089708  67.7695  60.1201 14.89621399 25766,Fengyun-1C
FY1C_578,1 30547U 99025AKM 26124.57571325  .00000553  00000+0  18889-3 0  9993,2 30547  98.8917 337.6422 0095905 155.7335 230.9912 14.37971849  7733,Fengyun-1C
FY1C_579,1 30548U 99025AKN 26124.24405345  .00003296  00000+0  13136-2 0  9992,2 30548  99.6790  41.9303 0065273 293.0408 220.6924 14.28218410161285,Fengyun-1C
FY1C_580,1 30549U 99025AKP 26124.26473957  .00002992  00000+0  14570-2 0  9994,2 30549  98.4887 239.4478 0285159 216.9509 141.1713 13.99771809972871,Fengyun-1C
FY1C_581,1 30550U 99025AKQ 26124.46812891  .00002963  00000+0  17879-2 0  9995,2 30550  99.0514  24.0241 0126896 261.5780 275.1667 14.03497669973964,Fengyun-1C
FY1C_582,1 30552U 99025AKS 26124.85343561  .00013501  00000+0  28799-2 0  9996,2 30552  98.8418 270.1300 0015330 177.1365 182.9923 14.58950701997368,Fengyun-1C
FY1C_583,1 30553U 99025AKT 26124.77891498  .00019875  00000+0  26876-2 0  9999,2 30553  99.1280 242.9560 0016909  65.9066 294.3909 14.78964692  5706,Fengyun-1C
FY1C_584,1 30555U 99025AKV 26124.63241166  .00002268  00000+0  10445-2 0  9990,2 30555  98.7396 181.8473 0042426 218.1051 295.8438 14.21610379989650,Fengyun-1C
FY1C_585,1 30556U 99025AKW 26124.47659242  .00000077  00000+0  77232-4 0  9996,2 30556  98.7940 117.4732 0067679 200.5475 311.6324 14.01554357982566,Fengyun-1C
FY1C_586,1 30557U 99025AKX 26124.64842690  .00002135  00000+0  11753-2 0  9998,2 30557  98.9057 193.7520 0068851 187.5914 172.4221 14.11472468983164,Fengyun-1C
FY1C_587,1 30558U 99025AKY 26123.30701689  .00002059  00000+0  28087-2 0  9996,2 30558  99.4712 257.8494 0420018 290.9448  64.7215 13.29109257926387,Fengyun-1C
FY1C_588,1 30560U 99025ALA 26124.54334514  .00000414  00000+0  21186-3 0  9992,2 30560  98.6731 119.7610 0115547 161.5103 325.8017 14.17223712993912,Fengyun-1C
FY1C_589,1 30561U 99025ALB 26124.66811771  .00000510  00000+0  29954-3 0  9999,2 30561  98.7276 127.8497 0060928  69.1032 355.1783 14.11452698989942,Fengyun-1C
FY1C_590,1 30562U 99025ALC 26124.74403669  .00002961  00000+0  12844-2 0  9993,2 30562  98.7486 196.8338 0059273 210.2282 269.0974 14.24028485990341,Fengyun-1C
FY1C_591,1 30564U 99025ALE 26124.75579852  .00001481  00000+0  76812-3 0  9996,2 30564  98.7904 137.5147 0202921  77.1998 342.2738 14.06167642983053,Fengyun-1C
FY1C_592,1 30565U 99025ALF 26123.62382801  .00003145  00000+0  16204-2 0  9995,2 30565  98.4497 350.4890 0139053 311.4219  70.9382 14.10974280979272,Fengyun-1C
FY1C_593,1 30566U 99025ALG 26124.63721029  .00002198  00000+0  11903-2 0  9995,2 30566  99.2003 182.0143 0069404 141.5411  10.3986 14.12357611983990,Fengyun-1C
FY1C_594,1 30567U 99025ALH 26124.74724580  .00000322  00000+0  19894-3 0  9998,2 30567  98.7873 116.8209 0109480 145.4279  28.6224 14.09063403987879,Fengyun-1C
FY1C_595,1 30568U 99025ALJ 26124.28683625  .00010444  00000+0  22225-2 0  9999,2 30568  98.9479 309.9900 0017838 114.6933  64.0119 14.59109316997357,Fengyun-1C
FY1C_596,1 30569U 99025ALK 26124.42837135  .00020043  00000+0  25221-2 0  9998,2 30569  98.7419 280.3969 0003241 357.0312   3.0879 14.82080444  3051,Fengyun-1C
FY1C_597,1 30570U 99025ALL 26124.35658471  .00000628  00000+0  34762-3 0  9994,2 30570  98.6952 158.2956 0036124 163.8733 214.5989 14.14520189990145,Fengyun-1C
FY1C_598,1 30571U 99025ALM 26124.68644858  .00000346  00000+0  21674-3 0  9990,2 30571  98.7144 151.7541 0021422 186.6794 299.6125 14.10837740989024,Fengyun-1C
FY1C_599,1 30572U 99025ALN 26124.66974602  .00000368  00000+0  23674-3 0  9998,2 30572  98.7530 155.3667 0020872 248.2792 225.5832 14.09052786987741,Fengyun-1C
FY1C_600,1 30573U 99025ALP 26124.05928573  .00002644  00000+0  13456-2 0  9993,2 30573  99.2120 171.3610 0087474 232.7038 191.5432 14.14784108982098,Fengyun-1C
FY1C_601,1 30574U 99025ALQ 26124.39739572  .00001819  00000+0  15525-2 0  9992,2 30574  99.3146 290.3002 0214897 331.6500  27.3092 13.78435350957337,Fengyun-1C
FY1C_602,1 30575U 99025ALR 26124.81211167  .00002725  00000+0  84889-3 0  9992,2 30575  99.1673 230.8653 0054335 175.7666 343.2997 14.40969012  2681,Fengyun-1C
FY1C_603,1 30577U 99025ALT 26124.57733829  .00000646  00000+0  37928-3 0  9993,2 30577  98.7503 160.0758 0028295 235.1065 277.3290 14.11399707987995,Fengyun-1C
FY1C_604,1 30579U 99025ALV 26124.57079889  .00000242  00000+0  17285-3 0  9990,2 30579  98.7912 150.0591 0053953  63.8985  87.2130 14.05409443984632,Fengyun-1C
FY1C_605,1 30594U 99025ALZ 26124.39922410  .00000201  00000+0  10329-3 0  9991,2 30594  99.1353 349.7964 0192576 272.0244  85.8887 14.17463520996007,Fengyun-1C
FY1C_606,1 30596U 99025AMB 26124.47901046  .00000436  00000+0  12293-3 0  9996,2 30596  98.4198 123.6979 0246495 223.5588 290.7977 14.34724755  6069,Fengyun-1C
FY1C_607,1 30597U 99025AMC 26124.33806803  .00127387  00000+0  60701-2 0  9998,2 30597  98.9480  87.9729 0033170  70.6492 289.8319 15.18061861  6595,Fengyun-1C
FY1C_608,1 30599U 99025AME 26123.30501267  .00001434  00000+0  44247-3 0  9994,2 30599  98.5976 136.2342 0299198 294.7627  62.2691 14.20359065991761,Fengyun-1C
FY1C_609,1 30600U 99025AMF 26124.76387638  .00004728  00000+0  16776-2 0  9996,2 30600  98.3936  64.9385 0318518 197.7721 161.2104 14.10196076964463,Fengyun-1C
FY1C_610,1 30602U 99025AMH 26123.82359292  .04015724  00000+0  23148-1 0  9991,2 30602  98.9942  68.6390 0023216 157.1104 227.0531 15.74365955999545,Fengyun-1C
FY1C_611,1 30603U 99025AMJ 26124.51141486  .00001311  00000+0  10531-2 0  9999,2 30603  98.3994 137.5803 0183170 173.5685 339.5373 13.84610113968518,Fengyun-1C
FY1C_612,1 30604U 99025AMK 26124.05017572  .00000504  00000+0  19236-3 0  9992,2 30604  98.3816 157.5444 0207805 310.1446  77.0034 14.23881260998643,Fengyun-1C
FY1C_613,1 30606U 99025AMM 26124.73353058  .00005376  00000+0  84845-3 0  9991,2 30606  98.0907 136.2694 0210652  51.3152  10.0423 14.58982637 13270,Fengyun-1C
FY1C_614,1 30608U 99025AMP 26124.79928456  .00002458  00000+0  98245-3 0  9996,2 30608  98.6887 192.1275 0016316 119.1596 359.4480 14.29265900994824,Fengyun-1C
FY1C_615,1 30609U 99025AMQ 26124.46084061  .00003611  00000+0  18509-2 0  9992,2 30609  98.5682  39.7824 0117464   7.1550 353.1265 14.12511340977428,Fengyun-1C
FY1C_616,1 30616U 99025AMX 26124.06362443  .00001280  00000+0  16970-2 0  9999,2 30616  98.6271 165.8134 0379292 258.1687  97.6677 13.36330453936010,Fengyun-1C
FY1C_617,1 30619U 99025ANA 26124.32170057  .00001047  00000+0  25789-3 0  9999,2 30619  98.2812 148.1311 0213400 347.8454  11.7632 14.41514972  9923,Fengyun-1C
FY1C_618,1 30621U 99025ANC 26122.81683964  .00002377  00000+0  13953-2 0  9996,2 30621  98.7040  65.3593 0132738 269.9696 145.8855 14.04766164975707,Fengyun-1C
FY1C_619,1 30622U 99025AND 26122.42612791  .00007018  00000+0  24920-2 0  9997,2 30622 100.9902 176.3516 0067399 354.8528  19.9222 14.33566119708126,Fengyun-1C
FY1C_620,1 30623U 99025ANE 26124.41517137  .00000397  00000+0  58866-3 0  9997,2 30623  98.8398 287.9526 0405222 115.5385 277.8620 13.29478651931127,Fengyun-1C
FY1C_621,1 30624U 99025ANF 26123.70218551  .00024949  00000+0  41649-2 0  9996,2 30624  98.8792 222.3002 0020474 193.1905 166.8766 14.69761802995766,Fengyun-1C
FY1C_622,1 30625U 99025ANG 26124.84116544  .00008538  00000+0  24147-2 0  9992,2 30625  98.9270  92.6742 0044080 233.3779 126.3353 14.45290445987570,Fengyun-1C
FY1C_623,1 30628U 99025ANK 26124.56061721  .00014616  00000+0  22215-2 0  9998,2 30628  99.3443  66.2239 0021041 157.5171 202.6960 14.73995010  5656,Fengyun-1C
FY1C_624,1 30629U 99025ANL 26124.58703663  .00012296  00000+0  23336-2 0  9996,2 30629  99.2499 242.4353 0007631 121.6975   6.5460 14.64365010999777,Fengyun-1C
FY1C_625,1 30630U 99025ANM 26124.45480066  .00001354  00000+0  62075-3 0  9990,2 30630  99.1837 308.4147 0026067  29.4368   0.7968 14.22969832992423,Fengyun-1C
FY1C_626,1 30632U 99025ANP 26124.68157220  .00020227  00000+0  33917-2 0  9992,2 30632  98.8309 271.7153 0014464  83.4655 288.4933 14.69687931997869,Fengyun-1C
FY1C_627,1 30633U 99025ANQ 26124.56771428  .00000909  00000+0  54956-3 0  9994,2 30633  98.4113 344.2875 0128646 214.7926 174.2176 14.04792350978977,Fengyun-1C
FY1C_628,1 30634U 99025ANR 26124.49818322  .00003728  00000+0  19624-2 0  9996,2 30634  99.3053 117.2075 0120850  59.6591 100.7367 14.10968136976297,Fengyun-1C
FY1C_629,1 30639U 99025ANW 26124.79437325  .00007172  00000+0  24797-2 0  9998,2 30639  99.0218 247.8057 0065337 222.8299 136.7784 14.34851785987694,Fengyun-1C
FY1C_630,1 30640U 99025ANX 26124.70698670  .00002257  00000+0  11428-2 0  9999,2 30640  99.0435 202.9569 0080249  57.0086 105.7437 14.15460157984672,Fengyun-1C
FY1C_631,1 30641U 99025ANY 26124.33577922  .00006102  00000+0  68948-3 0  9998,2 30641  98.9591  79.9373 0132305  38.1245 122.3787 14.80749378 26416,Fengyun-1C
FY1C_632,1 30646U 99025APD 26124.76923412  .00000992  00000+0  58040-3 0  9992,2 30646  98.6403 144.7452 0047145 347.1048  12.8914 14.10012633986207,Fengyun-1C
FY1C_633,1 30647U 99025APE 26124.80363244  .00010209  00000+0  21143-2 0  9994,2 30647  98.9958  73.4543 0030170  97.9718 319.5065 14.60178165   747,Fengyun-1C
FY1C_634,1 30648U 99025APF 26124.78870720  .00006405  00000+0  16365-2 0  9997,2 30648  98.6384 227.8785 0032475  57.2354  94.2244 14.50501381999388,Fengyun-1C
FY1C_635,1 30649U 99025APG 26124.78594424  .00004215  00000+0  16013-2 0  9999,2 30649  98.8062 226.7969 0051290 115.0377  37.7741 14.30814467991083,Fengyun-1C
FY1C_636,1 30650U 99025APH 26124.62019367  .00002378  00000+0  12272-2 0  9993,2 30650  99.1897 174.4240 0073705 147.7524   5.4084 14.14678480983186,Fengyun-1C
FY1C_637,1 30652U 99025APJ 26124.69351887  .00000224  00000+0  15721-3 0  9999,2 30652  98.7640 158.8204 0007641 216.4764 264.7054 14.07856319987059,Fengyun-1C
FY1C_638,1 30654U 99025APL 26124.75637272  .00001776  00000+0  88870-3 0  9991,2 30654  99.2487  58.6943 0036201  55.7814 304.6781 14.17747651987068,Fengyun-1C
FY1C_639,1 30656U 99025APN 26124.74390839  .00006736  00000+0  18197-2 0  9992,2 30656  99.0237 313.0787 0030566  24.4426 335.8206 14.47884794991533,Fengyun-1C
FY1C_640,1 30657U 99025APP 26124.24066994  .00004929  00000+0  15569-2 0  9992,2 30657  98.8354 231.6644 0014914 278.8738 111.1061 14.40631715992832,Fengyun-1C
FY1C_641,1 30658U 99025APQ 26120.52676788  .00001870  00000+0  14092-2 0  9990,2 30658  98.4227 144.5971 0181819 204.9291 154.3004 13.87844336966096,Fengyun-1C
FY1C_642,1 30660U 99025APS 26123.24160779  .00008354  00000+0  74324-3 0  9992,2 30660  98.1375 228.6067 0131210 230.8179 158.7992 14.89918136 28909,Fengyun-1C
FY1C_643,1 30661U 99025APT 26124.46269327  .00000135  00000+0  76958-4 0  9992,2 30661  99.4933 315.7762 0143951   3.4838 356.7305 14.21260570999290,Fengyun-1C
FY1C_644,1 30662U 99025APU 26121.64937472  .00002876  00000+0  12849-2 0  9994,2 30662  99.0375 186.6601 0032702 227.3781 286.4871 14.23224669986282,Fengyun-1C
FY1C_645,1 30663U 99025APV 26124.69063374  .00001631  00000+0  12331-2 0  9998,2 30663  99.3022  32.3373 0650928 150.4496 213.5125 13.24242538909398,Fengyun-1C
FY1C_646,1 30665U 99025APX 26124.46717397  .00002284  00000+0  12169-2 0  9990,2 30665  99.2176 105.1434 0068399 160.4891 359.1661 14.13228598979850,Fengyun-1C
FY1C_647,1 30666U 99025APY 26124.53434031  .00000372  00000+0  26353-3 0  9997,2 30666  98.8408 108.8386 0062045 106.1811  20.8746 14.02723211981120,Fengyun-1C
FY1C_648,1 30668U 99025AQA 26124.66545769  .00003283  00000+0  17247-2 0  9999,2 30668  99.1199 205.4108 0080006 202.8897 322.0735 14.13202687980736,Fengyun-1C
FY1C_649,1 30669U 99025AQB 26124.75891027  .00002437  00000+0  14869-2 0  9998,2 30669  98.6435  59.2340 0118695 133.7925 257.4434 14.03443616974599,Fengyun-1C
FY1C_650,1 30670U 99025AQC 26124.05206939  .00000142  00000+0  93524-4 0  9993,2 30670  98.6856 170.1273 0039427  22.9871   7.4022 14.15885313991660,Fengyun-1C
FY1C_651,1 30671U 99025AQD 26124.16965578  .00001137  00000+0  80860-3 0  9990,2 30671  99.2360 194.3704 0124917   5.8796  20.8221 13.96005185971825,Fengyun-1C
FY1C_652,1 30673U 99025AQF 26124.14092331  .00000296  00000+0  21350-3 0  9992,2 30673  98.8947 175.3797 0052906 106.4157 315.8827 14.03539093985295,Fengyun-1C
FY1C_653,1 30675U 99025AQH 26124.78785295  .00002975  00000+0  11868-2 0  9990,2 30675  98.7432 209.1621 0053230 112.2075  16.3480 14.28503533989336,Fengyun-1C
FY1C_654,1 30676U 99025AQJ 26124.31908410  .00000968  00000+0  47360-3 0  9993,2 30676  98.2770 296.7209 0469405  21.4454 340.5670 13.74633508958827,Fengyun-1C
FY1C_655,1 30677U 99025AQK 26123.65718935  .00003591  00000+0  11422-2 0  9995,2 30677  98.2373 168.2637 0066933 136.7219 346.3860 14.39174943    90,Fengyun-1C
FY1C_656,1 30678U 99025AQL 26124.85395094  .00005078  00000+0  20766-2 0  9999,2 30678  99.0786  95.6023 0069876 176.5089 215.5011 14.26373823979146,Fengyun-1C
FY1C_657,1 30679U 99025AQM 26121.79435663  .00000532  00000+0  49604-3 0  9990,2 30679  99.3609 177.2279 0172133  69.1000 359.7297 13.79928025964514,Fengyun-1C
FY1C_658,1 30680U 99025AQN 26124.85077505  .00003164  00000+0  31423-2 0  9992,2 30680  99.6295 169.6370 0331321 166.2623 194.7808 13.57295076941949,Fengyun-1C
FY1C_659,1 30683U 99025AQR 26124.54963889  .00001379  00000+0  87692-3 0  9996,2 30683  99.4082 145.4352 0138426 193.5038 319.0078 14.00963020975500,Fengyun-1C
FY1C_660,1 30684U 99025AQS 26123.60858453  .00000525  00000+0  56429-3 0  9999,2 30684  99.5127 167.9081 0233636 264.9991  92.4448 13.67131482955670,Fengyun-1C
FY1C_661,1 30686U 99025AQU 26124.52938353  .00005428  00000+0  68583-3 0  9992,2 30686  99.0241 339.8337 0140353  36.0194 353.8680 14.75620753 17073,Fengyun-1C
FY1C_662,1 30688U 99025AQW 26124.19415449  .00003387  00000+0  12277-2 0  9993,2 30688  98.6882 203.1859 0014849 250.0782 165.5811 14.33988327993013,Fengyun-1C
FY1C_663,1 30689U 99025AQX 26124.46669757  .00000641  00000+0  35152-3 0  9995,2 30689  98.7231 111.7254 0111643  58.0805  93.1319 14.12023774989048,Fengyun-1C
FY1C_664,1 30690U 99025AQY 26124.78958433  .00002118  00000+0  13238-2 0  9995,2 30690  99.1665  61.0751 0104628  41.6261 347.1106 14.03153161977131,Fengyun-1C
FY1C_665,1 30691U 99025AQZ 26124.57583045  .00001027  00000+0  80357-3 0  9991,2 30691  98.7402 132.3795 0138576 201.4479 280.4428 13.89863758971001,Fengyun-1C
FY1C_666,1 30693U 99025ARB 26124.46956984  .00000470  00000+0  27140-3 0  9999,2 30693  98.7018 110.5856 0030262 120.7827 239.6331 14.13473408989516,Fengyun-1C
FY1C_667,1 30694U 99025ARC 26124.71146602  .00006713  00000+0  61206-3 0  9993,2 30694  99.0590 116.1506 0124108 198.5663 161.1002 14.89786125 22220,Fengyun-1C
FY1C_668,1 30696U 99025ARE 26124.64480942  .00002683  00000+0  73531-3 0  9991,2 30696  98.3679 176.8054 0088560  53.7887 100.0619 14.45629827  3552,Fengyun-1C
FY1C_669,1 30697U 99025ARF 26124.66567625  .00002435  00000+0  12498-2 0  9997,2 30697  98.8918 185.8934 0089263 140.3712  15.0020 14.14257449982800,Fengyun-1C
FY1C_670,1 30699U 99025ARH 26124.32301343  .00006613  00000+0  17344-2 0  9992,2 30699  99.3209 263.2992 0004285 180.4206 179.6982 14.49591579996778,Fengyun-1C
FY1C_671,1 30700U 99025ARJ 26124.29786763  .00000345  00000+0  16200-3 0  9991,2 30700  98.5236 153.4480 0087562  88.4665 272.6543 14.23927834995987,Fengyun-1C
FY1C_672,1 30701U 99025ARK 26124.81099242 -.00000029  00000+0  72584-5 0  9998,2 30701  98.6934 167.4184 0035530  56.0804   5.2915 14.13943839991413,Fengyun-1C
FY1C_673,1 30702U 99025ARL 26124.51743181  .00001224  00000+0  78508-3 0  9991,2 30702  98.7575 144.2810 0067845 260.8173 253.3376 14.03991915981652,Fengyun-1C
FY1C_674,1 30703U 99025ARM 26124.74146615  .00001763  00000+0  79698-3 0  9995,2 30703  99.1537 119.5208 0114620 244.8412 296.1965 14.20011085985691,Fengyun-1C
FY1C_675,1 30704U 99025ARN 26124.53262206  .00000484  00000+0  33436-3 0  9997,2 30704  98.8764 124.5341 0081896  62.4981  61.0611 14.02160155981121,Fengyun-1C
FY1C_676,1 30705U 99025ARP 26124.70663771  .00001997  00000+0  16586-2 0  9995,2 30705 102.1855 275.0976 0194967 302.9715  70.6304 13.82132586959842,Fengyun-1C
FY1C_677,1 30706U 99025ARQ 26124.70968762  .00001506  00000+0  63520-3 0  9991,2 30706  99.0574  29.3459 0027918  77.5391 282.8910 14.27028499996665,Fengyun-1C
FY1C_678,1 30707U 99025ARR 26124.13329777  .00002922  00000+0  12008-2 0  9993,2 30707  99.3977 194.1743 0026265  27.1346   3.1234 14.27677092988346,Fengyun-1C
FY1C_679,1 30708U 99025ARS 26124.81069133  .00000180  00000+0  12106-3 0  9990,2 30708  98.6835 139.0599 0009011 147.2167  26.6021 14.12267290988550,Fengyun-1C
FY1C_680,1 30709U 99025ART 26124.37593519  .00003423  00000+0  16132-2 0  9997,2 30709  99.1545 111.7176 0079801 223.8173 135.6652 14.18911127980188,Fengyun-1C
FY1C_681,1 30710U 99025ARU 26124.12475385  .00003489  00000+0  21320-2 0  9999,2 30710 102.7479  72.0772 0222718 106.5818 267.9801 13.95446385967743,Fengyun-1C
FY1C_682,1 30714U 99025ARY 26124.78106759  .00000791  00000+0  52229-3 0  9997,2 30714  98.8161 174.1025 0065060 243.0671 181.6577 14.03547744979997,Fengyun-1C
FY1C_683,1 30715U 99025ARZ 26124.66598221  .00002584  00000+0  13126-2 0  9998,2 30715  98.9617 199.6163 0067827 123.1839 237.5863 14.15625394982036,Fengyun-1C
FY1C_684,1 30716U 99025ASA 26124.80757589  .00031229  00000+0  33008-2 0  9998,2 30716  98.8680 328.8584 0017077 357.8259 133.1900 14.89041174999460,Fengyun-1C
FY1C_685,1 30717U 99025ASB 26124.71016257  .00002726  00000+0  12529-2 0  9994,2 30717  99.0041 203.2970 0047337 207.5693 152.2972 14.21473428985671,Fengyun-1C
FY1C_686,1 30718U 99025ASC 26124.66432734  .00003515  00000+0  14839-2 0  9994,2 30718  98.8809 211.7834 0057922 105.6768 255.0811 14.25353382988099,Fengyun-1C
FY1C_687,1 30719U 99025ASD 26124.37782298  .00014347  00000+0  26989-2 0  9990,2 30719  98.8928 281.8759 0011155 119.1724 241.0594 14.64686147995335,Fengyun-1C
FY1C_688,1 30720U 99025ASE 26124.49736203  .00001768  00000+0  70438-3 0  9992,2 30720  99.0456 308.3254 0030544 275.5524 140.4439 14.29690190995287,Fengyun-1C
FY1C_689,1 30721U 99025ASF 26124.86527714  .00020324  00000+0  27099-2 0  9992,2 30721  98.7168 272.2099 0024289 246.9507 267.5193 14.79441872999538,Fengyun-1C
FY1C_690,1 30723U 99025ASH 26124.51313632  .00005631  00000+0  16757-2 0  9991,2 30723  98.8371 220.6889 0015858 191.7771 297.0615 14.43470936994292,Fengyun-1C
FY1C_691,1 30724U 99025ASJ 26124.01205917  .00000866  00000+0  29281-3 0  9995,2 30724  99.3150 325.4517 0092689 205.4736 311.5289 14.37404262  4896,Fengyun-1C
FY1C_692,1 30725U 99025ASK 26124.72063367  .00001867  00000+0  91997-3 0  9990,2 30725  98.9934 200.1451 0085618 345.1292 167.2664 14.16894801983721,Fengyun-1C
FY1C_693,1 30726U 99025ASL 26123.49645502  .00001507  00000+0  85813-3 0  9992,2 30726  99.2668 134.3986 0078275 190.2574 323.8544 14.09880287979800,Fengyun-1C
FY1C_694,1 30728U 99025ASN 26124.28268803  .00000112  00000+0  64453-4 0  9996,2 30728  98.5287 131.6641 0098898  27.2709 333.3614 14.23532963997176,Fengyun-1C
FY1C_695,1 30730U 99025ASQ 26124.58263677  .00001899  00000+0  78693-3 0  9999,2 30730  98.6004 166.2249 0076523 353.5427 159.4934 14.26153846990412,Fengyun-1C
FY1C_696,1 30731U 99025ASR 26124.22855537  .00005223  00000+0  15429-2 0  9995,2 30731  98.8510 214.1329 0015113 180.3821 243.3886 14.43874193994115,Fengyun-1C
FY1C_697,1 30732U 99025ASS 26124.73292757  .00000192  00000+0  13832-3 0  9998,2 30732  98.7916 145.3645 0124316 168.4938 244.3277 14.04070377981988,Fengyun-1C
FY1C_698,1 30735U 99025ASV 26124.17263102  .00002877  00000+0  12259-2 0  9994,2 30735  98.7504 199.8054 0060504 191.0916 198.3571 14.24926268987766,Fengyun-1C
FY1C_699,1 30736U 99025ASW 26123.56185022  .00001496  00000+0  15268-2 0  9990,2 30736  98.7628 152.4568 0280030  44.2723 104.1183 13.62122150947839,Fengyun-1C
FY1C_700,1 30737U 99025ASX 26124.40502339  .00000430  00000+0  22795-3 0  9990,2 30737  98.5963 107.1567 0024752  82.1622  81.4062 14.18464896990550,Fengyun-1C
FY1C_701,1 30739U 99025ASZ 26124.71782926  .00000507  00000+0  27065-3 0  9998,2 30739  98.7068 113.3360 0099500 267.9172 271.5469 14.15173308988851,Fengyun-1C
FY1C_702,1 30740U 99025ATA 26124.27112014  .00007663  00000+0  17780-2 0  9998,2 30740  98.6914 239.6252 0029983  64.6618 295.7678 14.55018116997184,Fengyun-1C
FY1C_703,1 30741U 99025ATB 26124.55599002  .00000206  00000+0  13266-3 0  9998,2 30741  98.6765 134.5424 0007390  77.0053  49.5651 14.13323751988366,Fengyun-1C
FY1C_704,1 30742U 99025ATC 26124.60716109  .00002285  00000+0  12636-2 0  9992,2 30742  98.8538 172.0746 0072310 181.7793 330.9859 14.11033276980568,Fengyun-1C
FY1C_705,1 30744U 99025ATE 26124.73463242  .00082673  00000+0  50119-2 0  9992,2 30744  98.7331 292.9748 0009830 196.4206 176.9979 15.10148683  2243,Fengyun-1C
FY1C_706,1 30746U 99025ATG 26124.50605902  .00000838  00000+0  35451-3 0  9996,2 30746  99.0625 315.3493 0044640 265.0725 150.5250 14.27860471994837,Fengyun-1C
FY1C_707,1 30749U 99025ATK 26124.04703584 -.00000136  00000+0 -62381-4 0  9999,2 30749  98.8657 151.6234 0059390 196.1105 163.8173 13.99863024979570,Fengyun-1C
FY1C_708,1 30750U 99025ATL 26124.80004096  .00003427  00000+0  13381-2 0  9995,2 30750  98.9083 207.5784 0038845  45.1984  75.6759 14.29870385988254,Fengyun-1C
FY1C_709,1 30751U 99025ATM 26124.68406644  .00001922  00000+0  98479-3 0  9997,2 30751  98.8387 187.8354 0051319  49.8098 104.0832 14.15967172982981,Fengyun-1C
FY1C_710,1 30753U 99025ATP 26124.54098375  .00001632  00000+0  88407-3 0  9990,2 30753  98.7904 165.6950 0053433 309.9274  49.7210 14.13152265983688,Fengyun-1C
FY1C_711,1 30755U 99025ATR 26123.95894896  .00001232  00000+0  31543-3 0  9993,2 30755  98.2673 119.8024 0150135 195.8915 192.5069 14.45617408  4854,Fengyun-1C
FY1C_712,1 30756U 99025ATS 26124.66994214  .00002174  00000+0  10347-2 0  9992,2 30756  98.9768 198.9505 0070719 268.2073 247.0136 14.19142133984316,Fengyun-1C
FY1C_713,1 30758U 99025ATU 26124.79632479  .00001847  00000+0  92207-3 0  9992,2 30758  99.0287 250.6416 0037974 316.4884 202.5055 14.17752258985179,Fengyun-1C
FY1C_714,1 30759U 99025ATV 26124.81612500  .00010753  00000+0  23436-2 0  9992,2 30759  99.2611 253.1706 0009684 108.4117  46.1672 14.58079078997377,Fengyun-1C
FY1C_715,1 30760U 99025ATW 26124.42211710  .00000468  00000+0  31198-3 0  9996,2 30760  98.8295 122.3096 0051944 303.4229  56.1977 14.05296719982264,Fengyun-1C
FY1C_716,1 30761U 99025ATX 26123.55751683  .00001929  00000+0  64775-3 0  9998,2 30761  98.9753  60.4160 0082225 256.9750 102.2245 14.36557897997770,Fengyun-1C
FY1C_717,1 30762U 99025ATY 26123.94412420  .00000246  00000+0  17271-3 0  9995,2 30762  98.8866 115.2812 0196791 261.5062 124.5563 13.98303403976259,Fengyun-1C
FY1C_718,1 30763U 99025ATZ 26124.49247508  .00017475  00000+0  30644-2 0  9990,2 30763  98.8849 212.1877 0022977 189.2681 187.9458 14.67643705992349,Fengyun-1C
FY1C_719,1 30764U 99025AUA 26124.48530396  .00061360  00000+0  13139-2 0  9992,2 30764  98.7857 127.4734 0057252  41.5194 319.0377 15.42795795 34134,Fengyun-1C
FY1C_720,1 30765U 99025AUB 26124.06385071  .00001329  00000+0  69069-3 0  9998,2 30765  98.7688 172.7798 0068722 162.7813 227.1991 14.15158500988357,Fengyun-1C
FY1C_721,1 30766U 99025AUC 26121.73337421  .00001228  00000+0  69830-3 0  9990,2 30766  98.6775 122.0973 0083543  38.2784 139.9184 14.09907678647693,Fengyun-1C
FY1C_722,1 30768U 99025AUE 26124.71424654  .00005471  00000+0  14153-2 0  9999,2 30768  98.6122 222.4151 0023701  28.4408 134.6447 14.50122699999410,Fengyun-1C
FY1C_723,1 30770U 99025AUG 26124.55998375  .00000478  00000+0  26466-3 0  9993,2 30770  98.6539 131.5202 0012611 232.0885 247.0965 14.15866135989281,Fengyun-1C
FY1C_724,1 30771U 99025AUH 26124.52601490  .00006199  00000+0  17597-2 0  9990,2 30771  98.9117 111.5380 0020324 227.6567 132.2902 14.45678158991254,Fengyun-1C
FY1C_725,1 30802U 99025AUL 26124.81206420  .00003583  00000+0  13010-2 0  9991,2 30802  98.8306 219.4453 0016415 342.3075 138.9751 14.33867701992529,Fengyun-1C
FY1C_726,1 30803U 99025AUM 26124.07956419  .00001823  00000+0  96803-3 0  9997,2 30803  99.2301 166.4631 0107289 163.1551 226.8599 14.11952827980071,Fengyun-1C
FY1C_727,1 30804U 99025AUN 26124.67858720  .00002342  00000+0  44071-3 0  9997,2 30804  98.8744 204.1239 0185025 116.9084  36.8589 14.55241708 15505,Fengyun-1C
FY1C_728,1 30805U 99025AUP 26124.58078656  .00000877  00000+0  57771-3 0  9992,2 30805  98.8018 167.7238 0071156 243.7488 272.5810 14.03185491979637,Fengyun-1C
FY1C_729,1 30806U 99025AUQ 26122.85874905  .00001203  00000+0  10804-2 0  9991,2 30806  99.0212 146.0159 0269341 118.6918  57.7764 13.70704927956283,Fengyun-1C
FY1C_730,1 30809U 99025AUT 26124.77907552  .00003959  00000+0  15147-2 0  9997,2 30809  98.7827 220.0982 0052440 115.4758 245.1862 14.30453913991316,Fengyun-1C
FY1C_731,1 30810U 99025AUU 26124.41951106  .00004634  00000+0  24643-2 0  9996,2 30810  98.6682 295.1175 0172767  14.0086 346.5789 14.06568342963876,Fengyun-1C
FY1C_732,1 30811U 99025AUV 26124.55609432  .00001322  00000+0  13532-2 0  9990,2 30811  98.7636 154.8181 0278339  33.5346 328.3079 13.62324702948113,Fengyun-1C
FY1C_733,1 30814U 99025AUY 26124.66216527  .00010924  00000+0  20468-2 0  9998,2 30814  99.0896 120.3250 0030870 152.4756 267.6852 14.64682033998313,Fengyun-1C
FY1C_734,1 30815U 99025AUZ 26124.45720102  .00023927  00000+0  30138-2 0  9997,2 30815  99.3036 307.2495 0002156 155.4228 235.9513 14.82002001998888,Fengyun-1C
FY1C_735,1 30816U 99025AVA 26124.74571521  .00002371  00000+0  11441-2 0  9995,2 30816  98.8999 200.8002 0050572   7.8223 112.4364 14.18957724984218,Fengyun-1C
FY1C_736,1 30817U 99025AVB 26123.94450215  .00000184  00000+0  14975-3 0  9999,2 30817  98.7864 113.7203 0057282 208.3164 151.4884 14.00823948979003,Fengyun-1C
FY1C_737,1 30820U 99025AVE 26124.75950314  .00003393  00000+0  15143-2 0  9990,2 30820  98.6725 223.7064 0053049 133.1278  20.1307 14.22629968984566,Fengyun-1C
FY1C_738,1 30821U 99025AVF 26123.40820149  .00003170  00000+0  78510-3 0  9995,2 30821  99.1205 282.4763 0086325 142.1538 247.4123 14.50506472  8423,Fengyun-1C
FY1C_739,1 30822U 99025AVG 26124.56460483  .00000413  00000+0  24531-3 0  9996,2 30822  98.7175 153.7086 0072847 239.0247 273.7499 14.11529117987163,Fengyun-1C
FY1C_740,1 30823U 99025AVH 26124.62894373  .00000267  00000+0  18457-3 0  9990,2 30823  98.7823 265.4261 0133902  45.4407 330.4001 14.02734895980374,Fengyun-1C
FY1C_741,1 30826U 99025AVL 26124.54811097  .00003656  00000+0  37825-3 0  9991,2 30826  98.8576 340.1433 0140040 262.9178 126.1352 14.83856747 24038,Fengyun-1C
FY1C_742,1 30827U 99025AVM 26123.93686227  .00006198  00000+0  19459-2 0  9995,2 30827  99.0117 121.4896 0045094 119.1861 241.3848 14.40302646985944,Fengyun-1C
FY1C_743,1 30828U 99025AVN 26124.78876586  .00010327  00000+0  95896-3 0  9998,2 30828  98.3815 242.7304 0198613  81.2805 281.0845 14.80762791  7562,Fengyun-1C
FY1C_744,1 30829U 99025AVP 26124.50629253  .00000479  00000+0  30069-3 0  9994,2 30829  98.7880 118.4753 0034484 291.2159  68.5328 14.08872445984438,Fengyun-1C
FY1C_745,1 30830U 99025AVQ 26124.48674062  .00000385  00000+0  23124-3 0  9991,2 30830  98.7426 114.2949 0031628 142.7174 348.2781 14.12385021986146,Fengyun-1C
FY1C_746,1 30831U 99025AVR 26122.73909461  .00000593  00000+0  23850-3 0  9999,2 30831  99.3466 290.9772 0054578 348.2531  11.7372 14.31443677672674,Fengyun-1C
FY1C_747,1 30833U 99025AVT 26124.70322848  .00000721  00000+0  31597-3 0  9998,2 30833  99.8622 293.6751 0033548 138.6306 221.7420 14.27125053664507,Fengyun-1C
FY1C_748,1 30836U 99025AVW 26124.06123024  .00000451  00000+0  26821-3 0  9999,2 30836  98.7249 158.0761 0026152 198.3075 161.7158 14.12124739640124,Fengyun-1C
FY1C_749,1 30837U 99025AVX 26124.74663700  .00000510  00000+0  28535-3 0  9995,2 30837  98.6936 112.1242 0033637  86.1098  91.2790 14.14719160988402,Fengyun-1C
FY1C_750,1 30838U 99025AVY 26124.75475576  .00008089  00000+0  20640-2 0  9996,2 30838  99.0443  53.8153 0037424  89.4876 271.0605 14.50391666993856,Fengyun-1C
FY1C_751,1 30840U 99025AWA 26123.97670308  .00002524  00000+0  36943-3 0  9994,2 30840  98.0175 136.2472 0211908 282.8953  74.8656 14.62453349752090,Fengyun-1C
FY1C_752,1 30843U 99025AWD 26124.70445417  .00000429  00000+0  10263-3 0  9999,2 30843  98.8242 208.8590 0148219  47.3416 314.0158 14.52735198 13668,Fengyun-1C
FY1C_753,1 30845U 99025AWF 26124.46505120  .00000237  00000+0  24352-3 0  9993,2 30845  98.3892 113.2987 0191639 243.8184 270.5168 13.76977569962074,Fengyun-1C
FY1C_754,1 30846U 99025AWG 26124.48661753  .00001978  00000+0  60444-3 0  9996,2 30846  99.3271 315.8127 0052157 277.8844 136.9824 14.42369899999871,Fengyun-1C
FY1C_755,1 30847U 99025AWH 26123.91034865  .00002888  00000+0  14014-2 0  9994,2 30847  98.7435 286.7276 0062008 280.3952 235.0879 14.18111200980698,Fengyun-1C
FY1C_756,1 30848U 99025AWJ 26123.53471551  .00002449  00000+0  86076-3 0  9991,2 30848  99.0550 330.3200 0041230 281.7430  77.9130 14.35437028993408,Fengyun-1C
FY1C_757,1 30849U 99025AWK 26124.11824700  .00002208  00000+0  10547-2 0  9997,2 30849  99.0328 192.0033 0046371 320.6340 105.2208 14.19689679983923,Fengyun-1C
FY1C_758,1 30850U 99025AWL 26124.17738144  .00002831  00000+0  13365-2 0  9994,2 30850  98.3913 346.7406 0109267 144.3145 345.2495 14.17407154978154,Fengyun-1C
FY1C_759,1 30852U 99025AWN 26124.52246323  .00000630  00000+0  37192-3 0  9998,2 30852  98.7233 143.1504 0056505 188.9682 171.0485 14.10545838983952,Fengyun-1C
FY1C_760,1 30856U 99025AWS 26123.48474058  .00019158  00000+0  46237-2 0  9998,2 30856  98.2033 309.3001 0082194 162.8223 252.8284 14.51125043985787,Fengyun-1C
FY1C_761,1 30857U 99025AWT 26122.97800175  .00015353  00000+0  34089-2 0  9990,2 30857  98.9703 127.8755 0035398 224.3556 135.4803 14.56751543987763,Fengyun-1C
FY1C_762,1 30858U 99025AWU 26124.84399329  .00000600  00000+0  31263-3 0  9994,2 30858  98.7761 185.9948 0030705  62.0268   4.6596 14.18012342990089,Fengyun-1C
FY1C_763,1 30859U 99025AWV 26124.40646059  .00008425  00000+0  20728-2 0  9998,2 30859  98.9141 187.9926 0026457 321.1948  38.7345 14.52311661991035,Fengyun-1C
FY1C_764,1 30860U 99025AWW 26124.66177933  .00003387  00000+0  14121-2 0  9990,2 30860  98.8922 205.3262 0041294 135.9044 224.5441 14.26472279985539,Fengyun-1C
FY1C_765,1 30862U 99025AWY 26124.24086087  .00008777  00000+0  24231-2 0  9996,2 30862  98.9551 227.6108 0050752 100.4341 290.0992 14.46250391987770,Fengyun-1C
FY1C_766,1 30863U 99025AWZ 26124.68016230  .00001423  00000+0  28267-2 0  9992,2 30863  99.1367 287.1090 0868431 308.9377  53.9278 12.41007823615139,Fengyun-1C
FY1C_767,1 30867U 99025AXD 26124.66047806  .00004014  00000+0  15665-2 0  9994,2 30867  97.8727  22.6962 0049920 291.4100  97.9071 14.29434594985789,Fengyun-1C
FY1C_768,1 30868U 99025AXE 26124.63192932  .00000193  00000+0  11739-3 0  9996,2 30868  98.2447 356.2634 0136093 161.7048 225.1272 14.11196997987260,Fengyun-1C
FY1C_769,1 30872U 99025AXJ 26122.67686530  .00002412  00000+0  76955-3 0  9992,2 30872  99.1712 190.1258 0040674 335.2685 175.3242 14.40273949997642,Fengyun-1C
FY1C_770,1 30873U 99025AXK 26124.43213377  .00000228  00000+0  12197-3 0  9995,2 30873  98.6162 125.8237 0107518 236.3915 122.6964 14.19271059992160,Fengyun-1C
FY1C_771,1 30874U 99025AXL 26124.56013441  .00000743  00000+0  36647-3 0  9998,2 30874  98.4719 154.2364 0040818 347.5184 163.9993 14.19929287990471,Fengyun-1C
FY1C_772,1 30876U 99025AXN 26124.42786145  .00000388  00000+0  29116-3 0  9991,2 30876  98.8280 109.2210 0066091 241.2808 273.2734 13.99305007977056,Fengyun-1C
FY1C_773,1 30878U 99025AXQ 26123.53109295  .00000811  00000+0  46187-3 0  9997,2 30878  98.7241 126.1704 0039125 249.9060 237.1138 14.12192348983684,Fengyun-1C
FY1C_774,1 30879U 99025AXR 26123.14745517  .00023893  00000+0  27286-2 0  9991,2 30879  99.3427   5.7911 0178623 204.6359 154.6236 14.75172236640197,Fengyun-1C
FY1C_775,1 30880U 99025AXS 26124.67773676  .00002530  00000+0  10653-2 0  9994,2 30880  98.7801 201.9383 0021781  55.6380 304.6857 14.26513043987518,Fengyun-1C
FY1C_776,1 30882U 99025AXU 26123.42308848  .00007493  00000+0  64456-3 0  9997,2 30882  97.9185 183.9441 0142439 294.7796  63.8658 14.90121487 17572,Fengyun-1C
FY1C_777,1 30883U 99025AXV 26124.38145715  .00000237  00000+0  13518-3 0  9998,2 30883  98.3407 157.3460 0112780 162.1772 215.1961 14.14659133989341,Fengyun-1C
FY1C_778,1 30884U 99025AXW 26124.27730262  .00006988  00000+0  96811-3 0  9990,2 30884  98.8894 137.1587 0061124 246.9462 112.5293 14.77067574  7367,Fengyun-1C
FY1C_779,1 30885U 99025AXX 26124.37396397  .00006641  00000+0  16290-2 0  9997,2 30885  99.0198 340.1856 0051924 148.4644  27.8491 14.51940537990458,Fengyun-1C
FY1C_780,1 30886U 99025AXY 26123.94514637  .00002936  00000+0  12958-2 0  9999,2 30886  99.2041  28.4254 0036360 352.8561   7.2093 14.23786012984191,Fengyun-1C
FY1C_781,1 30887U 99025AXZ 26124.62426257  .00002461  00000+0  46490-3 0  9998,2 30887  98.3439 183.4782 0261160 213.5435 144.8985 14.45787285  1850,Fengyun-1C
FY1C_782,1 30888U 99025AYA 26124.47237574  .00015048  00000+0  11852-2 0  9992,2 30888  99.4880 138.3547 0077364  58.4783 302.3961 14.98559287 20510,Fengyun-1C
FY1C_783,1 30891U 99025AYD 26121.41470873  .00001157  00000+0  71866-3 0  9996,2 30891  98.7608 169.6964 0055760 155.2248 221.5790 14.06196226979459,Fengyun-1C
FY1C_784,1 30892U 99025AYE 26123.60096113  .00000657  00000+0  33588-3 0  9994,2 30892  99.6819  84.6064 0038536 152.3831 207.9399 14.19193600663156,Fengyun-1C
FY1C_785,1 30893U 99025AYF 26124.31568810  .00001502  00000+0  77530-3 0  9997,2 30893  98.2420 141.5862 0308655  53.5525 323.8862 13.94513762968724,Fengyun-1C
FY1C_786,1 30895U 99025AYH 26124.45650719  .00000781  00000+0  23939-3 0  9996,2 30895  98.6975 198.5174 0217138  64.8670 316.2273 14.31895325998358,Fengyun-1C
FY1C_787,1 30899U 99025AYM 26124.50999994  .00003002  00000+0  10752-2 0  9994,2 30899  99.1726  35.6841 0028613 234.0047 308.6147 14.34572716987016,Fengyun-1C
FY1C_788,1 30903U 99025AYR 26122.44930823 -.00000075  00000+0 -19884-4 0  9993,2 30903  99.3560  15.7931 0096737  70.5451 290.6133 13.97670584706703,Fengyun-1C
FY1C_789,1 30905U 99025AYT 26123.50460423  .00003180  00000+0  15286-2 0  9995,2 30905  98.8774 204.0350 0053656  40.8520 319.6659 14.18795107981325,Fengyun-1C
FY1C_790,1 30907U 99025AYV 26124.37376608  .00001445  00000+0  75316-3 0  9997,2 30907  99.9344 165.7139 0057861 106.5805 254.1730 14.15592412 35670,Fengyun-1C
FY1C_791,1 30912U 99025AZA 26123.86399309  .00011615  00000+0  10702-2 0  9996,2 30912  98.9849 350.0044 0054079   4.6994 355.4718 14.93781228 15203,Fengyun-1C
FY1C_792,1 30913U 99025AZB 26124.03803728  .00000611  00000+0  39914-3 0  9993,2 30913  98.7290 150.8013 0049554 141.1972 219.2771 14.05243961979169,Fengyun-1C
FY1C_793,1 30914U 99025AZC 26118.90335803  .00001939  00000+0  30223-2 0  9994,2 30914  99.9840 359.2035 0511055  39.4884 324.2329 13.09301984608702,Fengyun-1C
FY1C_794,1 30915U 99025AZD 26124.66541328  .00003095  00000+0  12918-2 0  9992,2 30915  98.9311 208.5730 0053361 114.7931 245.8812 14.26172109985498,Fengyun-1C
FY1C_795,1 30916U 99025AZE 26124.13640541  .00001565  00000+0  90628-3 0  9997,2 30916  98.9813 189.1858 0063622 218.8316 170.5234 14.09365329978498,Fengyun-1C
FY1C_796,1 30918U 99025AZG 26124.79538961  .00001094  00000+0  72659-3 0  9994,2 30918  98.4184 230.0375 0157657  85.1856  45.0856 13.97297256970501,Fengyun-1C
FY1C_797,1 30920U 99025AZJ 26124.69110520  .00005279  00000+0  24254-2 0  9999,2 30920  98.9175 271.5344 0107458  51.9302 309.1508 14.18611176971195,Fengyun-1C
FY1C_798,1 30921U 99025AZK 26124.82904670  .00003691  00000+0  13320-2 0  9990,2 30921  98.8363 220.3134 0015258 337.6234 146.1729 14.34171908988742,Fengyun-1C
FY1C_799,1 30922U 99025AZL 26124.53743104  .00001086  00000+0  55249-3 0  9995,2 30922  98.6315 141.4353 0013685   6.5276 144.9852 14.17852121985872,Fengyun-1C
FY1C_800,1 30925U 99025AZP 26123.86858089  .00007009  00000+0  19789-2 0  9991,2 30925  98.8901 267.0174 0033307 170.9601 341.9439 14.45684154991243,Fengyun-1C
FY1C_801,1 30926U 99025AZQ 26124.41822130  .00003614  00000+0  29253-3 0  9998,2 30926  98.8213  86.5511 0159183 282.4644  75.8801 14.91139889 28929,Fengyun-1C
FY1C_802,1 30927U 99025AZR 26122.12414576  .00002432  00000+0  13521-2 0  9993,2 30927  99.1696 190.2432 0095115 334.3827  25.2646 14.09810434976613,Fengyun-1C
FY1C_803,1 30928U 99025AZS 26124.17582513  .00000225  00000+0  35943-3 0  9999,2 30928  98.8712 197.5581 0452068  45.0265 344.1944 13.22522105922311,Fengyun-1C
FY1C_804,1 30930U 99025AZU 26124.02055884  .00001125  00000+0  36248-3 0  9991,2 30930  98.1982 150.9284 0108768  39.1765 351.5066 14.37761629  3672,Fengyun-1C
FY1C_805,1 30931U 99025AZV 26124.64917387  .00001087  00000+0  71803-3 0  9998,2 30931  99.1501 187.7863 0092254   6.7511 147.2276 14.01819492979277,Fengyun-1C
FY1C_806,1 30932U 99025AZW 26124.75734355  .00004171  00000+0  16550-2 0  9997,2 30932  98.9129  65.4739 0053649 236.6127 122.9914 14.28566342984353,Fengyun-1C
FY1C_807,1 30933U 99025AZX 26124.49482492  .00009415  00000+0  28970-2 0  9996,2 30933  99.0565 119.7494 0066892 261.7678 251.8653 14.40443079979244,Fengyun-1C
FY1C_808,1 30934U 99025AZY 26124.81798352  .00001526  00000+0  17940-2 0  9998,2 30934  98.7584 349.3086 0341569  76.8351 287.0657 13.47237840936342,Fengyun-1C
FY1C_809,1 30936U 99025BAA 26124.01731432  .00000849  00000+0  38684-3 0  9994,2 30936  98.5626 156.2103 0045547 235.3036 154.6246 14.23698633991578,Fengyun-1C
FY1C_810,1 30937U 99025BAB 26124.39372981  .00000096  00000+0  10003-3 0  9995,2 30937  99.0623 179.5982 0075412  23.1786  40.1779 13.95627219977062,Fengyun-1C
FY1C_811,1 30938U 99025BAC 26123.97287934  .00000509  00000+0  25655-3 0  9990,2 30938  98.5842 138.2847 0044707 291.8445  99.4871 14.20047297991383,Fengyun-1C
FY1C_812,1 30940U 99025BAE 26122.47402390  .00000587  00000+0  36366-3 0  9999,2 30940  98.6285 121.6912 0040002 325.4016 186.2568 14.08530869981137,Fengyun-1C
FY1C_813,1 30941U 99025BAF 26123.06345807  .00003685  00000+0  13700-2 0  9993,2 30941  98.5410 342.7115 0030547 259.4023 100.3720 14.32439857986487,Fengyun-1C
FY1C_814,1 30942U 99025BAG 26124.49413888  .00000494  00000+0  25253-3 0  9999,2 30942  98.6856 123.9537 0137860  58.4078  94.1190 14.15005010986632,Fengyun-1C
FY1C_815,1 30943U 99025BAH 26121.81693432  .00000583  00000+0  38682-3 0  9997,2 30943  98.7907 136.3766 0050441  34.2834 326.1573 14.04625611977089,Fengyun-1C
FY1C_816,1 30944U 99025BAJ 26123.15515182  .00000567  00000+0  13207-3 0  9990,2 30944  98.8263 191.3916 0148310  33.0222 357.7491 14.52677333 11051,Fengyun-1C
FY1C_817,1 30945U 99025BAK 26122.03454969  .00003295  00000+0  12666-2 0  9990,2 30945  99.3829 146.7171 0029157 358.5147  31.4979 14.30953058984436,Fengyun-1C
FY1C_818,1 30946U 99025BAL 26124.80115125  .00002189  00000+0  56340-3 0  9995,2 30946  99.0528 255.0665 0089173 125.8942  35.0487 14.48906872  4061,Fengyun-1C
FY1C_819,1 30947U 99025BAM 26124.67453345  .00000590  00000+0  19870-3 0  9991,2 30947  98.7959  22.8642 0096105 183.9856 176.0576 14.38302272  5433,Fengyun-1C
FY1C_820,1 30949U 99025BAP 26124.74881368  .00000282  00000+0  16022-3 0  9995,2 30949  98.7068 120.4219 0115572 261.1780 280.6322 14.14190125985373,Fengyun-1C
FY1C_821,1 30954U 99025BAU 26124.52326350  .00001913  00000+0  92278-3 0  9991,2 30954  98.7110 226.3541 0128802 139.1348 238.6630 14.15536973984072,Fengyun-1C
FY1C_822,1 30956U 99025BAW 26124.03730795  .00001236  00000+0  65772-3 0  9998,2 30956  98.7414 160.2169 0047611 296.4063  92.9411 14.14710908983193,Fengyun-1C
FY1C_823,1 30960U 99025BBA 26121.31498942  .00012226  00000+0  15663-2 0  9990,2 30960  99.0132 256.3206 0188322  91.0889 271.1895 14.69727110  7230,Fengyun-1C
FY1C_824,1 30964U 99025BBE 26124.37564226  .00001597  00000+0  10053-2 0  9999,2 30964  98.6747  89.5502 0137333 197.4448 320.3054 14.01135338973927,Fengyun-1C
FY1C_825,1 30967U 99025BBH 26123.84995180  .00002461  00000+0  51171-3 0  9998,2 30967  98.7814  82.7357 0094164 164.3387 196.0759 14.58322359 10765,Fengyun-1C
FY1C_826,1 30971U 99025BBM 26124.67560411  .00004366  00000+0  56196-3 0  9998,2 30971  99.1854 192.2570 0161795 109.7386  41.7523 14.72926834 18194,Fengyun-1C
FY1C_827,1 30978U 99025BBU 26117.84756257  .00003529  00000+0  11548-2 0  9992,2 30978  98.2313 159.6472 0040929 167.8030 192.4159 14.38590574  3963,Fengyun-1C
FY1C_828,1 30979U 99025BBV 26122.49431779  .00007636  00000+0  72941-3 0  9997,2 30979  97.8203  22.5032 0184767 142.8277  31.5465 14.81490517 12048,Fengyun-1C
FY1C_829,1 30982U 99025BBY 26124.21109091  .00000610  00000+0  13560-3 0  9999,2 30982  98.2288 116.3857 0179209 233.8235 187.4909 14.51357583731209,Fengyun-1C
FY1C_830,1 30984U 99025BCA 26123.82663592  .00002059  00000+0  47868-3 0  9995,2 30984  98.2440 162.5640 0123858 291.6237  67.1802 14.51432005972247,Fengyun-1C
FY1C_831,1 30988U 99025BCE 26124.65531549  .00084809  00000+0  14221-2 0  9996,2 30988  98.5505 100.0354 0071326 197.7482 162.1273 15.48641882 17368,Fengyun-1C
FY1C_832,1 30989U 99025BCF 26124.65335712  .00002192  00000+0  11183-2 0  9990,2 30989  99.0400 205.0375 0089223  56.6020 304.3649 14.14705692980081,Fengyun-1C
FY1C_833,1 30993U 99025BCK 26124.73968061  .00004346  00000+0  14764-2 0  9994,2 30993  98.8423 225.9302 0014759 311.7240 202.0797 14.37091897989728,Fengyun-1C
FY1C_834,1 30994U 99025BCL 26124.77281684  .00000163  00000+0  11230-3 0  9997,2 30994  98.6975 133.9240 0018747 128.8646 231.4202 14.11859966986035,Fengyun-1C
FY1C_835,1 30996U 99025BCN 26124.25369141  .00001514  00000+0  52870-3 0  9993,2 30996  98.9405  39.4532 0048513 231.9254 281.9914 14.36137695996088,Fengyun-1C
FY1C_836,1 30998U 99025BCQ 26123.74636939  .00009119  00000+0  23269-2 0  9998,2 30998  98.8220 218.7438 0013866 127.4348  24.0107 14.50703338992475,Fengyun-1C
FY1C_837,1 30999U 99025BCR 26122.96536426  .00002257  00000+0  45004-3 0  9990,2 30999  99.0966 315.0914 0110206 269.0426  89.8143 14.59410529  8767,Fengyun-1C
FY1C_838,1 31000U 99025BCS 26123.99216780  .00001114  00000+0  57378-3 0  9994,2 31000  97.5558 135.0844 0164187  10.7194  18.1921 14.09999198719614,Fengyun-1C
FY1C_839,1 31001U 99025BCT 26124.14832715  .00001369  00000+0  37133-3 0  9994,2 31001  99.2568  14.4499 0146746  93.6982 268.1000 14.43315214  2391,Fengyun-1C
FY1C_840,1 31002U 99025BCU 26123.30766115  .00000400  00000+0  29303-3 0  9997,2 31002  98.8805 136.0539 0097802 315.7473  58.6900 13.99348231975854,Fengyun-1C
FY1C_841,1 31003U 99025BCV 26124.66122258  .00002934  00000+0  12437-2 0  9995,2 31003  98.8315 207.4860 0041539 159.1998 201.0883 14.25712548985456,Fengyun-1C
FY1C_842,1 31005U 99025BCX 26124.81338396  .00001588  00000+0  13010-2 0  9998,2 31005  98.6229 251.7255 0177659 295.8472 220.7905 13.83835775962592,Fengyun-1C
FY1C_843,1 31007U 99025BCZ 26123.68702800  .00008189  00000+0  16005-2 0  9990,2 31007  98.0966 117.2185 0060892 314.8061  44.8198 14.61951008  1587,Fengyun-1C
FY1C_844,1 31009U 99025BDB 26124.45536649  .00000566  00000+0  40504-3 0  9997,2 31009  98.9097 121.5229 0055336 200.4528 314.0654 14.00508413978588,Fengyun-1C
FY1C_845,1 31010U 99025BDC 26124.79987719  .00006304  00000+0  23864-2 0  9999,2 31010 101.7322 325.1861 0107626 341.9518  17.7844 14.28551757976707,Fengyun-1C
FY1C_846,1 31012U 99025BDE 26123.98272366  .00000281  00000+0  12730-3 0  9995,2 31012  98.9024  29.8861 0081708 198.0757 291.5015 14.28001745997770,Fengyun-1C
FY1C_847,1 31014U 99025BDG 26123.90277089 -.00000206  00000+0 -11059-3 0  9998,2 31014  98.8878  99.9899 0088530 160.2538 258.5161 13.98548726978231,Fengyun-1C
FY1C_848,1 31016U 99025BDJ 26124.32320876  .00000417  00000+0  16451-3 0  9993,2 31016  98.4278 140.8940 0112105 212.0937 163.7288 14.30716605995091,Fengyun-1C
FY1C_849,1 31017U 99025BDK 26124.70530903  .00000537  00000+0  31631-3 0  9990,2 31017  98.6953 110.7255 0111820 305.3625 233.9842 14.09023847983090,Fengyun-1C
FY1C_850,1 31018U 99025BDL 26124.68721274  .00002880  00000+0  14071-2 0  9992,2 31018  99.0179 218.5872 0058723  80.3069 280.4732 14.17882672980801,Fengyun-1C
FY1C_851,1 31019U 99025BDM 26124.39554472  .00000326  00000+0  96357-3 0  9996,2 31019  98.7237 278.8022 1105363   8.3633  17.1032 11.83299832568686,Fengyun-1C
FY1C_852,1 31021U 99025BDP 26122.06012640  .00012436  00000+0  98132-3 0  9995,2 31021  98.3582 242.4966 0261757 153.8026 207.6703 14.77630360755032,Fengyun-1C
FY1C_853,1 31022U 99025BDQ 26121.97212953  .00000501  00000+0  41746-3 0  9993,2 31022  99.5035  13.8652 0110585 106.4450 254.8895 13.90610823639570,Fengyun-1C
FY1C_854,1 31023U 99025BDR 26123.18708800  .00000294  00000+0  19661-3 0  9990,2 31023  98.8291 110.1528 0082335 183.3426 176.7203 14.06773548714906,Fengyun-1C
FY1C_855,1 31024U 99025BDS 26122.23456210  .00000529  00000+0  25741-3 0  9998,2 31024  99.0435  43.8505 0075536  83.6316 277.3455 14.21067986986998,Fengyun-1C
FY1C_856,1 31025U 99025BDT 26119.18817009  .00001432  00000+0  58802-3 0  9994,2 31025  98.5907 110.5642 0170912 334.8666  24.4263 14.20975604663178,Fengyun-1C
FY1C_857,1 31026U 99025BDU 26123.58163078  .00000158  00000+0  16741-3 0  9994,2 31026  98.7917  54.8495 0134688 158.7396  19.9576 13.83468873699876,Fengyun-1C
FY1C_858,1 31028U 99025BDW 26119.57817257  .00000249  00000+0  21525-3 0  9992,2 31028  98.7147  47.5541 0163918 276.8804  81.3733 13.89179064639170,Fengyun-1C
FY1C_859,1 31029U 99025BDX 26124.19557799  .00000823  00000+0  29421-3 0  9990,2 31029  98.8493  29.5996 0089296  16.0572 139.7784 14.34631905998385,Fengyun-1C
FY1C_860,1 31030U 99025BDY 26124.41831082  .00001582  00000+0  70187-3 0  9995,2 31030  98.7488 190.7974 0027088  33.2823  28.5749 14.24287342987350,Fengyun-1C
FY1C_861,1 31031U 99025BDZ 26124.77375316  .00000720  00000+0  35059-3 0  9990,2 31031  99.0760  50.7314 0028635 137.2881 280.5318 14.21268309988867,Fengyun-1C
FY1C_862,1 31032U 99025BEA 26124.73590492  .00001522  00000+0  92888-3 0  9995,2 31032  99.3927 143.1083 0139134 163.1484 261.3287 14.02907750969860,Fengyun-1C
FY1C_863,1 31033U 99025BEB 26124.88246575  .00000640  00000+0  24469-3 0  9992,2 31033  98.4570 103.5094 0153736  50.0576 340.9159 14.27666424993885,Fengyun-1C
FY1C_864,1 31036U 99025BEE 26124.80526726  .00000848  00000+0  20988-3 0  9998,2 31036  98.9236 244.4103 0137766 194.5249 319.0332 14.49362249593792,Fengyun-1C
FY1C_865,1 31038U 99025BEG 26124.22022876  .00001868  00000+0  51129-3 0  9997,2 31038  99.0052 222.0781 0084371 163.6358 196.7586 14.46416125  2906,Fengyun-1C
FY1C_866,1 31040U 99025BEJ 26122.72526031  .00000469  00000+0  24557-3 0  9996,2 31040  98.6705 114.1469 0063176 148.6481  28.8818 14.17884008987040,Fengyun-1C
FY1C_867,1 31041U 99025BEK 26124.54228669  .00003379  00000+0  15822-2 0  9992,2 31041  99.1882 163.4041 0083309 275.5002  83.6674 14.19130534975142,Fengyun-1C
FY1C_868,1 31043U 99025BEM 26124.51790530  .00000697  00000+0  42649-3 0  9990,2 31043  98.7539 143.2536 0040127 321.3097 192.5225 14.08673500979978,Fengyun-1C
FY1C_869,1 31046U 99025BEQ 26124.33654986  .00021620  00000+0  33591-2 0  9991,2 31046  98.9664 262.5414 0036741  25.6087   4.6568 14.72621398987355,Fengyun-1C
FY1C_870,1 31047U 99025BER 26123.48167039  .00000624  00000+0  34946-3 0  9992,2 31047  98.7064 122.2204 0026655 133.5868  18.0136 14.14086832983626,Fengyun-1C
FY1C_871,1 31051U 99025BEV 26116.32901151  .00000050  00000+0  58692-4 0  9991,2 31051  98.7997 147.6036 0053638 119.6224 241.0302 14.03144541657061,Fengyun-1C
FY1C_872,1 31053U 99025BEX 26124.29010852  .00001312  00000+0  97381-3 0  9996,2 31053  98.8060 241.2422 0306740  73.6205 289.8434 13.76591765954371,Fengyun-1C
FY1C_873,1 31054U 99025BEY 26124.48593799  .00000194  00000+0  12867-3 0  9997,2 31054  98.6840 138.1404 0011020  78.8676  77.8174 14.12260816987781,Fengyun-1C
FY1C_874,1 31055U 99025BEZ 26124.33635713  .00000399  00000+0  24739-3 0  9993,2 31055  98.7406 156.7703 0024009 225.8388 198.3900 14.10552345981323,Fengyun-1C
FY1C_875,1 31056U 99025BFA 26120.42736690  .00000542  00000+0  30415-3 0  9994,2 31056  98.6844 104.0372 0024640 306.4788 209.3446 14.14511215987787,Fengyun-1C
FY1C_876,1 31057U 99025BFB 26122.40170416  .00009481  00000+0  10390-2 0  9993,2 31057  99.2351 188.1693 0133926 172.0501 188.2874 14.81636235640347,Fengyun-1C
FY1C_877,1 31058U 99025BFC 26123.69219060  .00011395  00000+0  14321-2 0  9990,2 31058  99.5823 104.5330 0089728  30.1573 330.4756 14.79476482 15909,Fengyun-1C
FY1C_878,1 31062U 99025BFG 26124.47044326  .00000170  00000+0  19787-3 0  9994,2 31062  99.0065 304.0546 0170588 299.1199  89.4037 13.75770302961961,Fengyun-1C
FY1C_879,1 31064U 99025BFJ 26124.72808832  .00000586  00000+0  21333-3 0  9995,2 31064  98.5904 108.7985 0239555 306.0738 237.0107 14.22408940992874,Fengyun-1C
FY1C_880,1 31065U 99025BFK 26120.30079509  .00001898  00000+0  76528-3 0  9990,2 31065  98.4553 140.2278 0033750 345.0333  14.9847 14.28809003665560,Fengyun-1C
FY1C_881,1 31068U 99025BFN 26124.66906852  .00000443  00000+0  24455-3 0  9993,2 31068  98.6467 106.0648 0165764  72.9179 289.0075 14.09325002983680,Fengyun-1C
FY1C_882,1 31069U 99025BFP 26119.30586514  .00002461  00000+0  50765-3 0  9993,2 31069  99.1127 297.5005 0102145  21.6441 338.9026 14.58265038  6862,Fengyun-1C
FY1C_883,1 31071U 99025BFR 26124.51566701  .00003908  00000+0  92149-3 0  9990,2 31071  99.0294 218.3225 0055205 210.6980 149.0981 14.53967475675688,Fengyun-1C
FY1C_884,1 31072U 99025BFS 26124.28057253  .00002009  00000+0  68518-3 0  9996,2 31072  99.3256 143.9237 0208995  50.9416 311.0154 14.26109057986740,Fengyun-1C
FY1C_885,1 31073U 99025BFT 26124.55181125  .00002099  00000+0  89825-3 0  9996,2 31073  99.2099 346.4246 0042340 235.1170 124.6025 14.25607366991172,Fengyun-1C
FY1C_886,1 31074U 99025BFU 26124.19830340  .00002912  00000+0  14661-2 0  9996,2 31074  98.9598  44.7452 0083313 219.0983 140.4151 14.15404177975945,Fengyun-1C
FY1C_887,1 31078U 99025BFY 26124.45184240  .00000951  00000+0  41616-3 0  9992,2 31078  98.8453 190.5610 0117235  98.4654 278.7943 14.22422075989213,Fengyun-1C
FY1C_888,1 31081U 99025BGB 26124.79344103  .00000262  00000+0  18302-3 0  9990,2 31081  98.7615 141.7377 0048060 188.2055 349.9858 14.06328170984715,Fengyun-1C
FY1C_889,1 31083U 99025BGD 26124.85053899  .00013628  00000+0  24518-2 0  9993,2 31083  98.6527 254.4535 0030553 221.0266 290.5349 14.66429396998049,Fengyun-1C
FY1C_890,1 31085U 99025BGF 26123.05100293  .00000167  00000+0  79240-4 0  9995,2 31085  98.9754 333.4065 0086303 327.4134 187.6720 14.30401991997366,Fengyun-1C
FY1C_891,1 31087U 99025BGH 26122.03129682  .00002357  00000+0  39675-3 0  9997,2 31087  98.0896 144.4700 0169332 210.6062 177.6503 14.61503382  8192,Fengyun-1C
FY1C_892,1 31088U 99025BGJ 26124.17008235  .00002909  00000+0  11454-2 0  9992,2 31088  99.3957 200.5220 0026892  15.7508  13.6432 14.29864324985844,Fengyun-1C
FY1C_893,1 31089U 99025BGK 26124.37677875  .00000992  00000+0  72619-3 0  9998,2 31089  98.9678 265.9014 0205745 184.0561 203.2164 13.88579236700394,Fengyun-1C
FY1C_894,1 31090U 99025BGL 26124.14007164  .00191342  00000+0  19062-2 0  9995,2 31090  98.9833 266.9478 0027399 345.8869  14.1616 15.64592015 30381,Fengyun-1C
FY1C_895,1 31091U 99025BGM 26123.63731407  .00000612  00000+0  73562-3 0  9998,2 31091  99.2423  96.5258 0289295 328.7609  29.6613 13.54336637635608,Fengyun-1C
FY1C_896,1 31092U 99025BGN 26123.24365056  .00000964  00000+0  11945-2 0  9995,2 31092  99.7275 240.1570 0329032 146.9986 215.2160 13.46817060937863,Fengyun-1C
FY1C_897,1 31093U 99025BGP 26124.80153244  .00000427  00000+0  37548-3 0  9995,2 31093  98.5941 316.0400 0208260 195.2601 164.2210 13.80771088964817,Fengyun-1C
FY1C_898,1 31094U 99025BGQ 26124.56037973  .00002230  00000+0  13992-2 0  9999,2 31094  98.8506 353.4529 0106179  10.3720 349.9603 14.02735065976215,Fengyun-1C
FY1C_899,1 31095U 99025BGR 26124.04747399 -.00000027  00000+0  91109-5 0  9995,2 31095  98.5802 243.3119 0499296 211.0700 145.9985 13.06724570913060,Fengyun-1C
FY1C_900,1 31097U 99025BGT 26123.88280196  .00008118  00000+0  20974-2 0  9992,2 31097  98.8648 258.6402 0014456 195.5053 294.8756 14.50145562990967,Fengyun-1C
FY1C_901,1 31098U 99025BGU 26124.29726657  .00010510  00000+0  24191-2 0  9990,2 31098  98.8746 255.5985 0014931 176.4434 183.6871 14.55501817990280,Fengyun-1C
FY1C_902,1 31099U 99025BGV 26124.18413469  .00000434  00000+0  18929-3 0  9990,2 31099  98.9268  24.9057 0062234 227.4081 288.8945 14.28129207995041,Fengyun-1C
FY1C_903,1 31146U 99025BGY 26124.11618644  .00001126  00000+0  37137-3 0  9999,2 31146  99.0547  65.0721 0212298 115.3371 246.9961 14.28210635987976,Fengyun-1C
FY1C_904,1 31148U 99025BHA 26124.66166863  .00002783  00000+0  73761-3 0  9995,2 31148  98.8544  21.1373 0134356 345.2061  14.5214 14.44365847995935,Fengyun-1C
FY1C_905,1 31150U 99025BHC 26124.48932155  .00000196  00000+0  12792-3 0  9996,2 31150  98.6834 133.8552 0016072 114.6472  39.3469 14.12823467983123,Fengyun-1C
FY1C_906,1 31151U 99025BHD 26122.96842811  .00004652  00000+0  18876-2 0  9996,2 31151  99.1281 139.5090 0053447 340.7171  19.1985 14.27388540979882,Fengyun-1C
FY1C_907,1 31152U 99025BHE 26124.72857455  .00000247  00000+0  92297-4 0  9990,2 31152  98.4288 113.0804 0128590 326.9718 213.4826 14.35957801  1012,Fengyun-1C
FY1C_908,1 31155U 99025BHH 26124.13165022  .00001629  00000+0  93354-3 0  9999,2 31155  99.0276 198.3459 0087022 324.5958  34.9453 14.09002251975928,Fengyun-1C
FY1C_909,1 31157U 99025BHK 26122.67630717  .00000412  00000+0  19313-3 0  9998,2 31157  98.4946 106.0432 0098702 275.5668  83.4261 14.22759728989872,Fengyun-1C
FY1C_910,1 31158U 99025BHL 26121.45800739  .00004305  00000+0  15186-2 0  9995,2 31158  98.7693 207.1361 0044953 344.0983  15.8787 14.34706800664823,Fengyun-1C
FY1C_911,1 31159U 99025BHM 26124.18564121  .00139502  00000+0  11466-2 0  9996,2 31159  97.8085 100.7930 0058724 210.2462 149.5404 15.67685633 17411,Fengyun-1C
FY1C_912,1 31160U 99025BHN 26124.44034696  .00000318  00000+0  24454-3 0  9990,2 31160  99.0569 184.4160 0056092 219.8267 139.8774 13.99631533715951,Fengyun-1C
FY1C_913,1 31161U 99025BHP 26124.29963854  .00000356  00000+0  22431-3 0  9996,2 31161  98.7352 146.7339 0067202 306.7918  52.7097 14.09423618981109,Fengyun-1C
FY1C_914,1 31163U 99025BHR 26096.90443898  .00001404  00000+0  52799-3 0  9990,2 31163  98.9718 333.5102 0054023 279.0003  80.5068 14.32402305663905,Fengyun-1C
FY1C_915,1 31165U 99025BHT 26124.70145292  .00007679  00000+0  11493-2 0  9994,2 31165  98.8649 202.5124 0068407 148.8184   2.4547 14.73410898  8484,Fengyun-1C
FY1C_916,1 31168U 99025BHW 26124.14272872  .00002415  00000+0  38997-3 0  9992,2 31168  98.9100 272.7725 0105149 342.9068  16.8603 14.68884987 11876,Fengyun-1C
FY1C_917,1 31169U 99025BHX 26124.04257273  .00003821  00000+0  15378-2 0  9999,2 31169  99.1376 162.0081 0054667 329.0632  30.7330 14.27883469591348,Fengyun-1C
FY1C_918,1 31171U 99025BHZ 26124.45373030  .00005729  00000+0  16806-2 0  9993,2 31171  98.0290 109.4623 0144557 245.1780 268.2853 14.38269566978795,Fengyun-1C
FY1C_919,1 31172U 99025BJA 26124.45162413  .00000186  00000+0  77007-4 0  9999,2 31172  98.4260 129.7981 0148403 205.4357 153.9471 14.31647740996683,Fengyun-1C
FY1C_920,1 31175U 99025BJD 26123.27991359  .00030402  00000+0  51229-2 0  9990,2 31175  98.3960 131.2258 0068660  85.2876 275.6165 14.67867207677109,Fengyun-1C
FY1C_921,1 31177U 99025BJF 26124.69429549  .00002356  00000+0  22279-2 0  9996,2 31177  98.7586  28.9944 0303692 300.1344  84.7421 13.63380275681591,Fengyun-1C
FY1C_922,1 31178U 99025BJG 26124.27657724  .00002669  00000+0  11106-2 0  9993,2 31178  99.5090 142.8688 0121383 272.5021  86.2264 14.23409241978426,Fengyun-1C
FY1C_923,1 31179U 99025BJH 26124.28616711  .00001172  00000+0  78496-3 0  9990,2 31179  99.0079 145.4241 0213630 332.0668  26.9155 13.92369428639240,Fengyun-1C
FY1C_924,1 31180U 99025BJJ 26124.62592105  .00000297  00000+0  15971-3 0  9996,2 31180  99.2369 256.0310 0497247  45.2623 334.6360 13.70578306660248,Fengyun-1C
FY1C_925,1 31181U 99025BJK 26122.87191211  .00001232  00000+0  68462-3 0  9998,2 31181  98.7580 157.3357 0047246  35.0334 143.4191 14.12383842977591,Fengyun-1C
FY1C_926,1 31182U 99025BJL 26121.45524943  .00000603  00000+0  33422-3 0  9993,2 31182  98.6946 111.5947 0024240  98.6998  53.0856 14.14764363980562,Fengyun-1C
FY1C_927,1 31183U 99025BJM 26124.49793104  .00004602  00000+0  11354-2 0  9990,2 31183  99.0458 123.9205 0046865  41.6027 109.8421 14.51998971995534,Fengyun-1C
FY1C_928,1 31185U 99025BJP 26124.24664298 -.00000037  00000+0  31962-5 0  9995,2 31185  98.8416 121.5892 0043629  70.7490 289.8389 14.03110024643359,Fengyun-1C
FY1C_929,1 31186U 99025BJQ 26124.05717984  .00000719  00000+0  40826-3 0  9999,2 31186  99.1820  47.9930 0026391  25.3964 350.7937 14.13166038981153,Fengyun-1C
FY1C_930,1 31187U 99025BJR 26123.47860707  .00013747  00000+0  19037-2 0  9991,2 31187  99.2305   8.6525 0206435 152.5266 208.7030 14.64480622711717,Fengyun-1C
FY1C_931,1 31188U 99025BJS 26124.41900880  .00002742  00000+0  11729-2 0  9997,2 31188  98.7336 196.4880 0059849 195.0927 300.2528 14.24791692983671,Fengyun-1C
FY1C_932,1 31190U 99025BJU 26122.31604286  .00001204  00000+0  77419-3 0  9999,2 31190  98.8133 135.8333 0066950 225.4361 134.1329 14.03938145975195,Fengyun-1C
FY1C_933,1 31191U 99025BJV 26124.47663879  .00000887  00000+0  27562-3 0  9992,2 31191  98.7757  34.1858 0093089 129.7009 231.2433 14.41163317   487,Fengyun-1C
FY1C_934,1 31192U 99025BJW 26123.66604528  .00001490  00000+0  50117-3 0  9992,2 31192  98.5697 108.2085 0258440  51.9547 310.4651 14.21380355987590,Fengyun-1C
FY1C_935,1 31194U 99025BJY 26124.68827625  .00001943  00000+0  65360-3 0  9991,2 31194  98.9535  24.6112 0055718 217.3575 142.3731 14.37458836991808,Fengyun-1C
FY1C_936,1 31195U 99025BJZ 26124.55266514  .00000001  00000+0  21671-4 0  9994,2 31195  98.7583 158.8998 0172570 138.3332 223.1133 14.08057893981080,Fengyun-1C
FY1C_937,1 31196U 99025BKA 26124.27200404  .00000861  00000+0  37304-3 0  9993,2 31196  98.5219 138.5770 0058781 154.8591 205.5471 14.25827815655260,Fengyun-1C
FY1C_938,1 31198U 99025BKC 26124.00121155  .00000057  00000+0  86265-4 0  9999,2 31198  98.6096 219.2611 0203340 329.6557  29.2949 13.75560237647093,Fengyun-1C
FY1C_939,1 31199U 99025BKD 26123.72261237  .00000203  00000+0  13662-3 0  9997,2 31199  98.7307 107.2112 0063345 216.5019 323.2316 14.10094083981602,Fengyun-1C
FY1C_940,1 31201U 99025BKF 26124.60876567  .00001594  00000+0  50782-3 0  9995,2 31201  98.9890 356.6618 0139711 292.6498  87.5477 14.35929837993010,Fengyun-1C
FY1C_941,1 31202U 99025BKG 26124.04888480  .00012256  00000+0  13223-2 0  9996,2 31202  96.5526 149.4115 0066729  59.4128 330.4104 14.86837996 11892,Fengyun-1C
FY1C_942,1 31205U 99025BKK 26124.76569867  .00000321  00000+0  14064-3 0  9998,2 31205  99.2264 230.0059 0162499 149.0079 212.0810 14.24061070992464,Fengyun-1C
FY1C_943,1 31206U 99025BKL 26124.20239676  .00001550  00000+0  47955-3 0  9990,2 31206  98.8421  41.9475 0075474 299.0836  60.2809 14.41151030998977,Fengyun-1C
FY1C_944,1 31208U 99025BKN 26123.40171134  .00013679  00000+0  24954-2 0  9995,2 31208  99.2490 289.2982 0014340 191.5900 199.0308 14.66063428725527,Fengyun-1C
FY1C_945,1 31209U 99025BKP 26124.54236724  .00007317  00000+0  20494-2 0  9996,2 31209  98.8825 231.0734 0020098 272.5609  87.3281 14.46259101668706,Fengyun-1C
FY1C_946,1 31210U 99025BKQ 26121.94621869  .00000529  00000+0  31099-3 0  9999,2 31210  98.7226 124.1642 0018048 117.3269 272.8590 14.12190536979463,Fengyun-1C
FY1C_947,1 31211U 99025BKR 26121.37604752  .00001997  00000+0  93451-3 0  9999,2 31211  98.6553 159.4898 0050866  47.6968 312.8503 14.20671937652752,Fengyun-1C
FY1C_948,1 31212U 99025BKS 26124.32222459  .00002247  00000+0  11771-2 0  9991,2 31212  99.2006 164.9968 0075954 131.4079 229.3654 14.13863605976735,Fengyun-1C
FY1C_949,1 31215U 99025BKV 26118.84886155  .00002054  00000+0  72544-3 0  9995,2 31215  99.0638 334.6070 0067605 284.9744  74.3963 14.34584682984912,Fengyun-1C
FY1C_950,1 31217U 99025BKX 26124.29359165  .00001015  00000+0  49167-3 0  9990,2 31217  98.6386 133.3438 0100254 110.2814 250.9171 14.17952593983685,Fengyun-1C
FY1C_951,1 31218U 99025BKY 26124.59931319  .00034515  00000+0  41906-2 0  9994,2 31218  98.8410 253.5449 0009559 296.0628  63.9598 14.83400240991937,Fengyun-1C
FY1C_952,1 31219U 99025BKZ 26124.48278813  .00002218  00000+0  11427-2 0  9996,2 31219  99.2757 144.8348 0079879 136.5400 224.2105 14.14616225975872,Fengyun-1C
FY1C_953,1 31222U 99025BLC 26124.67960448  .00005400  00000+0  33270-3 0  9990,2 31222  98.5820 214.5567 0154731 320.3851  38.6145 15.01002424 21253,Fengyun-1C
FY1C_954,1 31223U 99025BLD 26124.11127961  .00004174  00000+0  33660-2 0  9994,2 31223  99.0247   8.4055 0236540  22.2349 338.8860 13.78718519946890,Fengyun-1C
FY1C_955,1 31224U 99025BLE 26121.74736347  .00000950  00000+0  34093-3 0  9995,2 31224  98.3812 113.2397 0158376 109.5251  68.3065 14.29258828712506,Fengyun-1C
FY1C_956,1 31225U 99025BLF 26124.69346774  .00002213  00000+0  10485-2 0  9996,2 31225  98.9770 204.6841 0085538 304.0182 209.4024 14.18764796978487,Fengyun-1C
FY1C_957,1 31226U 99025BLG 26122.73194135  .00000431  00000+0  17803-3 0  9994,2 31226  98.3558 121.2348 0127744 140.8764 220.1740 14.26928136640648,Fengyun-1C
FY1C_958,1 31228U 99025BLJ 26124.53573720  .00001514  00000+0  50396-3 0  9994,2 31228  98.8699  45.7479 0078679  25.8789 158.2617 14.37432106996206,Fengyun-1C
FY1C_959,1 31229U 99025BLK 26124.69155353  .00002288  00000+0  10255-2 0  9998,2 31229  98.8544 205.7516 0052356 245.4135 114.1582 14.22788670981160,Fengyun-1C
FY1C_960,1 31231U 99025BLM 26121.76274740  .00021534  00000+0  22795-2 0  9995,2 31231  98.8686 300.2247 0127900  25.0105 335.7229 14.83283495650916,Fengyun-1C
FY1C_961,1 31234U 99025BLQ 26121.24350572  .00000247  00000+0  16588-3 0  9991,2 31234  98.7936 116.6238 0073384 193.1620 166.7637 14.08163136746838,Fengyun-1C
FY1C_962,1 31235U 99025BLR 26123.67749181  .00002439  00000+0  98407-3 0  9994,2 31235  98.4595 271.0657 0160642 329.2712  29.9134 14.22049440651829,Fengyun-1C
FY1C_963,1 31236U 99025BLS 26124.10825329  .00008238  00000+0  47440-2 0  9996,2 31236  98.5468  72.3797 0309812  16.5565 344.5443 13.87957681629989,Fengyun-1C
FY1C_964,1 31237U 99025BLT 26123.95616876  .00001007  00000+0  37683-3 0  9990,2 31237  98.4588 124.1745 0086981 287.9028  71.2686 14.31837000993011,Fengyun-1C
FY1C_965,1 31239U 99025BLV 26124.49862191  .00000481  00000+0  29313-3 0  9991,2 31239  98.7668 120.7367 0050198 153.6641 358.7923 14.10065458980232,Fengyun-1C
FY1C_966,1 31240U 99025BLW 26121.26883269  .00000874  00000+0  51758-3 0  9998,2 31240  98.7525 126.8620 0044891 344.0266  30.9362 14.09741751240631,Fengyun-1C
FY1C_967,1 31241U 99025BLX 26123.88534628  .00001482  00000+0  48160-3 0  9990,2 31241  99.2544 286.6508 0066994 125.8802 234.8628 14.39212668997359,Fengyun-1C
FY1C_968,1 31243U 99025BLZ 26124.38963614  .00001031  00000+0  62317-3 0  9999,2 31243  98.7319 165.0310 0067056 126.1350 234.6051 14.07539894713147,Fengyun-1C
FY1C_969,1 31244U 99025BMA 26122.92100580  .00000478  00000+0  30115-3 0  9998,2 31244  99.0108 191.0965 0103189 141.0281 219.8382 14.06453788596248,Fengyun-1C
FY1C_970,1 31246U 99025BMC 26110.36007757  .00002301  00000+0  12459-2 0  9994,2 31246  98.8103 319.3424 0145428 342.4319  17.1850 14.08234336635621,Fengyun-1C
FY1C_971,1 31247U 99025BMD 26124.68179168  .00000508  00000+0  33641-3 0  9995,2 31247  99.3551  22.4407 0060647  31.2003 356.3754 14.05434576975296,Fengyun-1C
FY1C_972,1 31248U 99025BME 26123.11116703  .00000689  00000+0  53894-3 0  9991,2 31248  99.2431 185.5176 0108783 288.2183 103.1670 13.93008805967928,Fengyun-1C
FY1C_973,1 31250U 99025BMG 26124.79732834  .00001248  00000+0  76084-3 0  9996,2 31250  98.3804 328.7734 0131294 252.7572 105.9192 14.03570506975244,Fengyun-1C
FY1C_974,1 31252U 99025BMJ 26122.77395221  .00001715  00000+0  42137-3 0  9990,2 31252  98.3062 142.7240 0213558 107.1596 255.3096 14.40677521992373,Fengyun-1C
FY1C_975,1 31253U 99025BMK 26122.44784255  .00000246  00000+0  12739-3 0  9997,2 31253  99.0552 192.2686 0289846  59.8936 303.0627 14.03792198709727,Fengyun-1C
FY1C_976,1 31254U 99025BML 26124.67492772  .00001436  00000+0  43989-3 0  9998,2 31254  98.4379 176.7763 0151670 135.7866 352.1142 14.36800505995687,Fengyun-1C
FY1C_977,1 31255U 99025BMM 26123.46419179  .00000439  00000+0  19935-3 0  9991,2 31255  99.3157 310.6737 0269105 308.7173  49.0211 14.10031321987985,Fengyun-1C
FY1C_978,1 31256U 99025BMN 26122.27449782  .00006421  00000+0  26236-2 0  9991,2 31256  98.6770 328.9654 0304855  78.5855 284.9387 14.05345208669549,Fengyun-1C
FY1C_979,1 31259U 99025BMR 26124.72230000  .00002851  00000+0  14385-2 0  9992,2 31259  98.9995 210.3303 0066062 150.6031   1.0380 14.15948457975921,Fengyun-1C
FY1C_980,1 31260U 99025BMS 26124.71734513  .00001857  00000+0  63170-3 0  9993,2 31260  98.9504  32.3657 0045251 230.6253 156.6544 14.37248430992471,Fengyun-1C
FY1C_981,1 31261U 99025BMT 26124.13114952  .00002185  00000+0  68393-3 0  9996,2 31261  99.0314  90.2620 0050157 170.8480 189.3633 14.41044612994008,Fengyun-1C
FY1C_982,1 31262U 99025BMU 26124.21675627  .00002425  00000+0  11621-2 0  9995,2 31262  98.9939 214.7329 0054589  53.2980   2.0717 14.19190641977296,Fengyun-1C
FY1C_983,1 31264U 99025BMW 26124.70446801  .00000917  00000+0  46237-3 0  9997,2 31264  99.1070  30.5761 0001076  51.5361 336.9649 14.18936353984566,Fengyun-1C
FY1C_984,1 31266U 99025BMY 26124.78062277  .00000390  00000+0  18086-3 0  9994,2 31266  99.2700 120.1136 0129070 236.8494 300.2949 14.22545737992395,Fengyun-1C
FY1C_985,1 31268U 99025BNA 26121.35028167  .00000987  00000+0  61218-3 0  9993,2 31268  98.7368 163.9424 0050323 150.0149 210.3919 14.06741642639957,Fengyun-1C
FY1C_986,1 31269U 99025BNB 26124.16947826  .00003650  00000+0  74423-3 0  9990,2 31269  98.1664   2.0445 0233685 200.6852 293.1667 14.45760716985436,Fengyun-1C
FY1C_987,1 31272U 99025BNE 26124.10665136  .00001000  00000+0  43545-3 0  9997,2 31272  99.0766   5.4535 0107146  65.5876 295.6437 14.23283068990148,Fengyun-1C
FY1C_988,1 31274U 99025BNG 26124.43355414  .00000665  00000+0  48782-3 0  9994,2 31274  99.0140 303.4835 0241697  84.9287 277.9407 13.85971764961839,Fengyun-1C
FY1C_989,1 31275U 99025BNH 26122.40622451  .00001498  00000+0  95290-3 0  9999,2 31275  98.9264 168.1112 0102195 321.8213  37.5745 14.02769088974585,Fengyun-1C
FY1C_990,1 31279U 99025BNM 26124.29502623  .00000946  00000+0  39663-3 0  9999,2 31279  98.5141 133.7371 0074626 120.4164 240.4419 14.26693020992614,Fengyun-1C
FY1C_991,1 31281U 99025BNP 26123.92395089  .00029083  00000+0  89975-3 0  9991,2 31281  98.4002 280.7341 0087690 324.4322  35.1089 15.29686304 18644,Fengyun-1C
FY1C_992,1 31282U 99025BNQ 26124.07166414  .00000392  00000+0  12024-3 0  9990,2 31282  99.2240  58.0936 0126627 226.3633 132.6999 14.43712150991741,Fengyun-1C
FY1C_993,1 31284U 99025BNS 26122.56349293  .00000651  00000+0  45017-3 0  9998,2 31284  99.7198 230.2209 0142390  40.0456 321.1100 13.98223042971301,Fengyun-1C
FY1C_994,1 31285U 99025BNT 26123.23704431  .00000463  00000+0  17150-3 0  9991,2 31285  98.5369 105.0300 0200227 132.6252 240.3883 14.26262968993166,Fengyun-1C
FY1C_995,1 31286U 99025BNU 26122.74259220  .00005087  00000+0  21487-2 0  9992,2 31286 100.8598  51.1202 0075610 260.0001  99.2631 14.24646033660265,Fengyun-1C
FY1C_996,1 31287U 99025BNV 26124.14605058  .00002993  00000+0  11951-2 0  9991,2 31287  99.3904 196.0272 0026537  17.9624 342.2487 14.29122476987198,Fengyun-1C
FY1C_997,1 31288U 99025BNW 26124.46490406  .00182118  00000+0  63163-2 0  9996,2 31288  98.7395 307.5716 0013013 200.7383 189.4255 15.28946718997117,Fengyun-1C
FY1C_998,1 31293U 99025BPB 26122.30608246  .00000102  00000+0  51081-4 0  9996,2 31293  98.4214 130.7663 0126202 188.7982 171.0990 14.30878751672545,Fengyun-1C
FY1C_999,1 31294U 99025BPC 26120.42745197  .00000719  00000+0  37136-3 0  9993,2 31294  98.5522 115.3641 0098372 302.5378  56.6322 14.15581729988158,Fengyun-1C
FY1C_1000,1 31295U 99025BPD 26124.43244323  .00000108  00000+0  10241-3 0  9994,2 31295  98.3269 300.8905 0077105 210.5923 149.0734 13.96886918974957,Fengyun-1C
FY1C_1001,1 31296U 99025BPE 26124.50942076  .00033890  00000+0  41588-2 0  9994,2 31296  99.0643  61.9230 0019726 120.4161 239.9002 14.82858732994572,Fengyun-1C
FY1C_1002,1 31297U 99025BPF 26124.36830262  .00001038  00000+0  21115-3 0  9996,2 31297  98.9555 276.8100 0138431  49.6234 341.4906 14.57669494 13788,Fengyun-1C
FY1C_1003,1 31300U 99025BPJ 26124.79237910  .00002109  00000+0  10782-2 0  9996,2 31300  99.5339 219.0327 0059311  22.2933 101.2846 14.15881794981986,Fengyun-1C
FY1C_1004,1 31302U 99025BPL 26124.11210779  .00002926  00000+0  11826-2 0  9995,2 31302  99.3999 182.0659 0026369  12.1126  17.8137 14.28533252983900,Fengyun-1C
FY1C_1005,1 31303U 99025BPM 26124.31469250  .00000138  00000+0  10034-3 0  9992,2 31303  98.6958 141.0887 0012309 110.1236 250.1262 14.11089595983297,Fengyun-1C
FY1C_1006,1 31311U 99025BPP 26124.71002880  .00003449  00000+0  13244-2 0  9990,2 31311  98.8426 213.4745 0017446  31.3492 122.5447 14.31050038982658,Fengyun-1C
FY1C_1007,1 31312U 99025BPQ 26123.94413368  .00000182  00000+0  14764-3 0  9992,2 31312  98.8772 110.5503 0057688 199.8770 218.3452 14.01111363971376,Fengyun-1C
FY1C_1008,1 31313U 99025BPR 26124.18248843  .00000482  00000+0  23451-3 0  9990,2 31313  99.0101  36.2371 0045522 132.7691 227.7330 14.22477883990875,Fengyun-1C
FY1C_1009,1 31314U 99025BPS 26121.23402282  .00000252  00000+0  17835-3 0  9997,2 31314  98.8324 116.4993 0077718 326.9539  32.6786 14.05067094627731,Fengyun-1C
FY1C_1010,1 31319U 99025BPX 26124.52928420  .00000140  00000+0  16541-3 0  9993,2 31319  98.8179  17.9231 0170797  66.0690  53.5205 13.75880744956515,Fengyun-1C
FY1C_1011,1 31321U 99025BPZ 26123.93867981  .00000206  00000+0  13044-3 0  9992,2 31321  98.7162 204.3978 0030796 132.8702 227.5065 14.13908170593936,Fengyun-1C
FY1C_1012,1 31322U 99025BQA 26122.94619509  .00000132  00000+0  15012-3 0  9999,2 31322  98.5477 176.9883 0237973 352.1656 183.0989 13.73068473642130,Fengyun-1C
FY1C_1013,1 31323U 99025BQB 26123.36604627  .00003140  00000+0  12634-2 0  9990,2 31323  99.4052 177.8225 0030706  37.3803 322.9505 14.28630642660021,Fengyun-1C
FY1C_1014,1 31324U 99025BQC 26124.54449035  .00000214  00000+0  13402-3 0  9996,2 31324  99.1307  54.1834 0048775 260.7756  98.7898 14.14790446985059,Fengyun-1C
FY1C_1015,1 31325U 99025BQD 26115.53494979  .00003203  00000+0  15479-2 0  9999,2 31325  98.9863 216.2200 0071298 198.8091 161.0447 14.17951101616731,Fengyun-1C
FY1C_1016,1 31327U 99025BQF 26124.53891410  .00019959  00000+0  89695-3 0  9999,2 31327  98.9707 156.6381 0072267 253.4422 105.8861 15.18836944 22613,Fengyun-1C
FY1C_1017,1 31328U 99025BQG 26123.64652882  .00000121  00000+0  60930-4 0  9992,2 31328  98.5038  98.7774 0104624 158.7510 201.8066 14.29019131994891,Fengyun-1C
FY1C_1018,1 31329U 99025BQH 26124.23968065  .00007597  00000+0  12481-2 0  9992,2 31329  98.9049 127.9344 0052248   7.1442 353.0494 14.70046337 47079,Fengyun-1C
FY1C_1019,1 31331U 99025BQK 26121.79916980  .00000246  00000+0  19131-3 0  9996,2 31331  98.8695 148.5956 0054337 153.0551 207.3454 14.00744765658178,Fengyun-1C
FY1C_1020,1 31332U 99025BQL 26124.49016111  .00001220  00000+0  67848-3 0  9995,2 31332  98.7026 135.7012 0048526 340.3486 174.2133 14.12322935979860,Fengyun-1C
FY1C_1021,1 31333U 99025BQM 26124.77013611  .00001378  00000+0  55492-3 0  9995,2 31333  98.4198 139.0895 0096607 326.5376  32.9725 14.27068728986319,Fengyun-1C
FY1C_1022,1 31336U 99025BQQ 26124.62674116  .00000826  00000+0  26826-3 0  9991,2 31336  98.4404 182.7784 0093422  51.7549 101.0428 14.39006212998454,Fengyun-1C
FY1C_1023,1 31338U 99025BQS 26121.83992460  .00004943  00000+0  21796-2 0  9992,2 31338  98.7128 325.1416 0073542  65.5035 295.3789 14.22349899656485,Fengyun-1C
FY1C_1024,1 31339U 99025BQT 26124.51273735  .00001267  00000+0  68975-3 0  9995,2 31339  98.7041 142.2127 0072483 278.5482  80.7482 14.12669257976935,Fengyun-1C
FY1C_1025,1 31341U 99025BQV 26124.13419678  .00004099  00000+0  95040-3 0  9993,2 31341  99.5379 190.2757 0050766 283.0301 106.5341 14.54933338996881,Fengyun-1C
FY1C_1026,1 31342U 99025BQW 26121.64601354  .00000262  00000+0  98111-4 0  9992,2 31342  98.9572  88.3790 0112067 167.6743 192.7224 14.36913922999005,Fengyun-1C
FY1C_1027,1 31345U 99025BQZ 26123.25692082  .00002845  00000+0  15120-2 0  9998,2 31345  98.0856 128.4882 0069600  33.4566 327.0977 14.12945758975007,Fengyun-1C
FY1C_1028,1 31346U 99025BRA 26124.26146201  .00013583  00000+0  61359-3 0  9995,2 31346  98.8771 119.6632 0096192 259.5403  99.4975 15.16998147 16429,Fengyun-1C
FY1C_1029,1 31348U 99025BRC 26123.38582738  .00003723  00000+0  13114-2 0  9998,2 31348  99.1380  87.3040 0034544  16.7999 133.7204 14.35130031982802,Fengyun-1C
FY1C_1030,1 31350U 99025BRE 26118.24229759  .00001247  00000+0  44032-3 0  9994,2 31350  98.9720 300.5052 0067186  85.8332 275.0527 14.35289692722111,Fengyun-1C
FY1C_1031,1 31351U 99025BRF 26118.92455711  .00000388  00000+0  24732-3 0  9999,2 31351  98.8096 107.1023 0093340  25.8929 334.6868 14.07120352633042,Fengyun-1C
FY1C_1032,1 31357U 99025BRM 26124.59035095  .00000017  00000+0  28658-4 0  9995,2 31357  98.5914 156.2969 0048882 239.5699 273.8626 14.18545068987299,Fengyun-1C
FY1C_1033,1 31361U 99025BRR 26124.39552131  .00000194  00000+0  11437-3 0  9995,2 31361  98.5709  99.5759 0045528  20.4699 339.8288 14.17831932985857,Fengyun-1C
FY1C_1034,1 31362U 99025BRS 26123.94142822  .00000246  00000+0  14244-3 0  9995,2 31362  98.6617 119.6369 0019161  50.2186 310.0673 14.17484246985901,Fengyun-1C
FY1C_1035,1 31364U 99025BRU 26124.62712596  .00005186  00000+0  25277-2 0  9999,2 31364  99.2667 254.8108 0093340 107.1927 253.9489 14.16284543968980,Fengyun-1C
FY1C_1036,1 31365U 99025BRV 26124.21760993  .00005226  00000+0  15336-2 0  9999,2 31365  98.6663 216.6830 0042613 153.9183 206.4166 14.43714431986831,Fengyun-1C
FY1C_1037,1 31367U 99025BRX 26124.19080012  .00001474  00000+0  38633-3 0  9992,2 31367  98.7365  28.2665 0097017 307.4394 208.6240 14.48130601  5075,Fengyun-1C
FY1C_1038,1 31369U 99025BRZ 26124.70087624  .00000373  00000+0  19433-3 0  9991,2 31369  98.6359 107.2971 0053969 245.7603 288.6740 14.19585813663555,Fengyun-1C
FY1C_1039,1 31370U 99025BSA 26122.92513782  .00000539  00000+0  32888-3 0  9997,2 31370  98.7584 124.1325 0032692 256.9348 102.8173 14.09896351982832,Fengyun-1C
FY1C_1040,1 31371U 99025BSB 26123.31483163  .00001114  00000+0  70123-3 0  9995,2 31371  98.7468 156.3627 0077663 208.6380 151.0512 14.04867032977345,Fengyun-1C
FY1C_1041,1 31372U 99025BSC 26122.95703090  .00003196  00000+0  13070-2 0  9998,2 31372  99.3780 129.1267 0033673  35.3687 324.9716 14.27725062978659,Fengyun-1C
FY1C_1042,1 31374U 99025BSE 26119.19589272  .00005170  00000+0  16116-2 0  9994,2 31374  99.6268 271.5079 0138033 310.2582  48.6595 14.36046081980243,Fengyun-1C
FY1C_1043,1 31376U 99025BSG 26124.75048000  .00007389  00000+0  13704-2 0  9997,2 31376  98.8371  56.0999 0046535 184.7224 175.3544 14.64872507  2316,Fengyun-1C
FY1C_1044,1 31378U 99025BSJ 26124.00950896  .00000693  00000+0  64437-3 0  9993,2 31378 100.7496  37.2487 0167819 199.4888 159.9792 13.80355598961860,Fengyun-1C
FY1C_1045,1 31381U 99025BSM 26119.50065377  .00000950  00000+0  26748-3 0  9996,2 31381  98.4788 206.1576 0195767 340.8359  18.5534 14.37650673993791,Fengyun-1C
FY1C_1046,1 31383U 99025BSP 26124.14637228  .00000740  00000+0  45531-3 0  9992,2 31383  99.0489 191.0899 0106775 280.9756 105.8510 14.06034598973705,Fengyun-1C
FY1C_1047,1 31384U 99025BSQ 26124.84472078  .00006732  00000+0  26752-2 0  9990,2 31384  98.4714  82.8994 0435337   7.4933  20.1357 13.87779811950087,Fengyun-1C
FY1C_1048,1 31385U 99025BSR 26123.75842562  .00000356  00000+0  10762-3 0  9990,2 31385  98.9494 226.2964 0133138 353.1852 160.0463 14.44211807  6651,Fengyun-1C
FY1C_1049,1 31386U 99025BSS 26124.49614042  .00001956  00000+0  14735-2 0  9993,2 31386  98.4358 130.5129 0194241 252.0102 105.9803 13.86838489958404,Fengyun-1C
FY1C_1050,1 31387U 99025BST 26124.65084060  .00000415  00000+0  18482-3 0  9996,2 31387  99.1512  11.7317 0241933 128.9340 233.3670 14.13746166983160,Fengyun-1C
FY1C_1051,1 31388U 99025BSU 26124.24394853  .00000225  00000+0  15754-3 0  9994,2 31388  98.8187 113.7032 0047309 159.7356 215.7145 14.07507571984465,Fengyun-1C
FY1C_1052,1 31389U 99025BSV 26124.48853152  .00018097  00000+0  31203-2 0  9995,2 31389  99.0442 308.9375 0027611 109.0623 278.6158 14.68306667985878,Fengyun-1C
FY1C_1053,1 31410U 99025BSW 26123.42502667  .00002613  00000+0  70045-3 0  9990,2 31410  98.8518 295.8706 0108939 222.2658 169.9824 14.45647272997987,Fengyun-1C
FY1C_1054,1 31411U 99025BSX 26123.41565378  .00000997  00000+0  39515-3 0  9998,2 31411  98.6461 188.5319 0101253 199.8337 175.8568 14.28292122965028,Fengyun-1C
FY1C_1055,1 31412U 99025BSY 26114.78254342  .00001557  00000+0  86849-3 0  9990,2 31412  98.5581  57.2225 0081820 316.7970  42.6802 14.10639935628676,Fengyun-1C
FY1C_1056,1 31415U 99025BTB 26115.17446675  .00003041  00000+0  11359-2 0  9992,2 31415  99.6580  86.8308 0063548  55.6409 305.0760 14.31612621647398,Fengyun-1C
FY1C_1057,1 31416U 99025BTC 26124.62100687  .00000870  00000+0  25892-3 0  9998,2 31416  99.0271 187.9732 0133218 188.8400 171.0440 14.40962419675778,Fengyun-1C
FY1C_1058,1 31420U 99025BTG 26124.45446152  .00000931  00000+0  27026-3 0  9993,2 31420  97.5452  10.9292 0133473 248.2970 293.5937 14.41334551670495,Fengyun-1C
FY1C_1059,1 31422U 99025BTJ 26123.21966758  .00000552  00000+0  33695-3 0  9995,2 31422  98.7661 121.4596 0033112 259.5275 161.0069 14.09810576976550,Fengyun-1C
FY1C_1060,1 31423U 99025BTK 26124.67630395  .00000228  00000+0  11902-3 0  9999,2 31423  98.6011 107.0549 0037148 138.7845 221.6149 14.23077960990018,Fengyun-1C
FY1C_1061,1 31424U 99025BTL 26124.07447014  .00000161  00000+0  11252-3 0  9992,2 31424  98.4581 164.4573 0094439  60.8196 300.2383 14.08477913651746,Fengyun-1C
FY1C_1062,1 31426U 99025BTN 26123.88053958  .00005026  00000+0  26341-2 0  9991,2 31426  98.5938 275.9900 0323653 153.7531   4.0253 13.91029755955486,Fengyun-1C
FY1C_1063,1 31427U 99025BTP 26124.58021117  .00010402  00000+0  20488-2 0  9992,2 31427  98.6752 245.2877 0027864 297.0145  62.8211 14.62492102989665,Fengyun-1C
FY1C_1064,1 31428U 99025BTQ 26124.72841934  .00002391  00000+0  71245-3 0  9992,2 31428  99.0530 109.7863 0064356  91.3727  87.2816 14.42897138995713,Fengyun-1C
FY1C_1065,1 31429U 99025BTR 26123.42061076  .00001753  00000+0  79401-3 0  9993,2 31429  98.6688 175.3258 0013775  17.0095 358.4826 14.23189442979685,Fengyun-1C
FY1C_1066,1 31430U 99025BTS 26124.46865910  .00001687  00000+0  71916-3 0  9998,2 31430  98.7263 192.0406 0025499 348.2650  27.2072 14.26281194981520,Fengyun-1C
FY1C_1067,1 31431U 99025BTT 26116.65305422  .00001629  00000+0  97789-3 0  9990,2 31431  98.5337   1.6476 0134979  75.7605 285.8512 14.03728497964247,Fengyun-1C
FY1C_1068,1 31433U 99025BTV 26124.67926186  .00005170  00000+0  20318-2 0  9997,2 31433  98.4059  27.5180 0096913 331.5484  57.6348 14.27137835975904,Fengyun-1C
FY1C_1069,1 31435U 99025BTX 26123.97787322  .00000837  00000+0  18456-3 0  9994,2 31435  99.0454 312.0841 0149421 111.5419 250.1776 14.53729644  3793,Fengyun-1C
FY1C_1070,1 31436U 99025BTY 26123.63096294  .00092607  00000+0  50380-2 0  9996,2 31436  98.8759   2.2965 0031418 131.9716 283.0814 15.13622205990083,Fengyun-1C
FY1C_1071,1 31437U 99025BTZ 26122.69325291  .00006754  00000+0  19539-2 0  9993,2 31437  98.8560 214.4670 0015869 186.2797 173.8196 14.44769422985447,Fengyun-1C
FY1C_1072,1 31439U 99025BUB 26117.79253084  .00000653  00000+0  46894-3 0  9997,2 31439  98.9167 124.4978 0138161 147.1811  30.7439 13.95900633651300,Fengyun-1C
FY1C_1073,1 31440U 99025BUC 26123.70159868  .00004833  00000+0  15922-2 0  9993,2 31440  98.7395 219.0460 0035807 277.9076  81.8047 14.38245502983651,Fengyun-1C
FY1C_1074,1 31441U 99025BUD 26122.47010054  .00040180  00000+0  40193-2 0  9993,2 31441  99.2997  13.0677 0076089 254.2653 105.0157 14.89132609661758,Fengyun-1C
FY1C_1075,1 31442U 99025BUE 26123.48405081  .00000794  00000+0  28858-3 0  9996,2 31442  98.5192 212.4838 0077542 312.3230  47.1402 14.34280190993929,Fengyun-1C
FY1C_1076,1 31443U 99025BUF 26123.61008561  .00004382  00000+0  90370-3 0  9999,2 31443  99.2145 241.2005 0186341  35.7254 325.6241 14.50663578689977,Fengyun-1C
FY1C_1077,1 31444U 99025BUG 26124.10498512  .00020847  00000+0  29832-2 0  9992,2 31444  98.9357  85.2121 0054560 352.4890   7.5493 14.75608113995848,Fengyun-1C
FY1C_1078,1 31447U 99025BUK 26124.39090201  .00000268  00000+0  10671-3 0  9996,2 31447  98.9697 173.8895 0228880 304.2561  53.7127 14.24207852668829,Fengyun-1C
FY1C_1079,1 31448U 99025BUL 26123.29412003  .00001418  00000+0  57364-3 0  9991,2 31448  98.4947 135.8211 0059852 147.8988 212.5861 14.28325993663240,Fengyun-1C
FY1C_1080,1 31449U 99025BUM 26124.40631231  .00000440  00000+0  15564-3 0  9992,2 31449  98.5310 186.2023 0144371 205.7092 153.6868 14.33903728996816,Fengyun-1C
FY1C_1081,1 31451U 99025BUP 26124.36617194  .00000480  00000+0  27514-3 0  9994,2 31451  98.7416 168.4506 0032022 164.8023 259.8967 14.13822163980255,Fengyun-1C
FY1C_1082,1 31452U 99025BUQ 26124.42883314  .00000547  00000+0  29972-3 0  9995,2 31452  98.6720 112.3480 0041488  80.6663 279.9199 14.15394616982243,Fengyun-1C
FY1C_1083,1 31455U 99025BUT 26124.17453215  .00000605  00000+0  28552-3 0  9991,2 31455  98.5889 111.3321 0217524   4.8979 355.4252 14.11621206981139,Fengyun-1C
FY1C_1084,1 31456U 99025BUU 26124.55105065  .00002256  00000+0  66564-3 0  9990,2 31456  98.5790 232.7908 0066636 244.4470 114.9821 14.43293476995262,Fengyun-1C
FY1C_1085,1 31459U 99025BUX 26118.47473194  .00005395  00000+0  14549-2 0  9990,2 31459  98.1705  26.5849 0094113  75.7883 285.3741 14.45665341665325,Fengyun-1C
FY1C_1086,1 31462U 99025BVA 26124.80828917  .00000469  00000+0  27180-3 0  9998,2 31462  98.6791 143.9901 0032986 155.9868  19.0714 14.13196247978762,Fengyun-1C
FY1C_1087,1 31463U 99025BVB 26122.24063366  .00001820  00000+0  48509-3 0  9994,2 31463  99.0934 116.9157 0211297 347.9988  11.6206 14.37469666667381,Fengyun-1C
FY1C_1088,1 31464U 99025BVC 26124.41824365  .00000416  00000+0  24588-3 0  9991,2 31464  98.7704 173.4200 0043803 196.1162 180.3025 14.12638193966947,Fengyun-1C
FY1C_1089,1 31466U 99025BVE 26122.55776500  .00000269  00000+0  10169-3 0  9999,2 31466  99.0997  61.2690 0298164 267.9336  88.7674 14.18692485983250,Fengyun-1C
FY1C_1090,1 31467U 99025BVF 26115.40921285  .00002603  00000+0  16056-2 0  9992,2 31467  98.5724 340.6639 0152771 348.1126  11.6450 14.00626498 16180,Fengyun-1C
FY1C_1091,1 31468U 99025BVG 26123.24918812  .00002019  00000+0  47572-3 0  9995,2 31468  98.1769 119.5116 0166391  94.4402 267.5820 14.47200075694185,Fengyun-1C
FY1C_1092,1 31473U 99025BVM 26119.05751925  .00002759  00000+0  10461-2 0  9992,2 31473  98.5279 154.5821 0062688 331.3022  57.7486 14.30814669714843,Fengyun-1C
FY1C_1093,1 31474U 99025BVN 26123.85913661  .00002507  00000+0  13791-2 0  9993,2 31474  99.1330 177.1793 0072361 167.1272 193.1767 14.11267735969742,Fengyun-1C
FY1C_1094,1 31475U 99025BVP 26123.97954047  .00003272  00000+0  83032-3 0  9996,2 31475  98.9277  23.5931 0209893  47.4703 314.3997 14.39125528981243,Fengyun-1C
FY1C_1095,1 31476U 99025BVQ 26124.15241802  .00002329  00000+0  10391-2 0  9995,2 31476  98.8845 203.9261 0052885 122.7289 237.9002 14.22992962977245,Fengyun-1C
FY1C_1096,1 31477U 99025BVR 26124.69405735  .00000484  00000+0  32227-3 0  9995,2 31477  98.8981 116.1345 0109384 350.7367   9.1780 14.03035059974087,Fengyun-1C
FY1C_1097,1 31480U 99025BVU 26124.50981847  .00004372  00000+0  21789-2 0  9992,2 31480  98.3348 326.4207 0339608 183.7319 176.1301 13.91440687953805,Fengyun-1C
FY1C_1098,1 31482U 99025BVW 26121.95895690  .00001344  00000+0  45479-3 0  9999,2 31482  98.3839 127.0113 0087865 222.7131 166.9104 14.36260454991424,Fengyun-1C
FY1C_1099,1 31483U 99025BVX 26124.80661184  .00002487  00000+0  11750-2 0  9999,2 31483 102.5072 137.4811 0118284 223.6374 316.8049 14.17679832967320,Fengyun-1C
FY1C_1100,1 31484U 99025BVY 26123.94390808  .00015073  00000+0  31624-2 0  9993,2 31484 101.8118 123.3128 0072074 125.2571 235.5386 14.58186611663058,Fengyun-1C
FY1C_1101,1 31485U 99025BVZ 26123.86872222  .00002564  00000+0  26365-2 0  9997,2 31485 102.7167 352.5724 0448149  11.4494 349.6428 13.40856029923499,Fengyun-1C
FY1C_1102,1 31487U 99025BWB 26124.58338874  .00001220  00000+0  85115-3 0  9996,2 31487 102.4101 347.8184 0120023 323.1186  63.8328 13.98346751964085,Fengyun-1C
FY1C_1103,1 31491U 99025BWE 26123.05875608  .00002909  00000+0  14213-2 0  9998,2 31491  99.3035  43.3043 0047893 228.5570 131.1485 14.18236718657301,Fengyun-1C
FY1C_1104,1 31492U 99025BWF 26124.46846293  .00016561  00000+0  22405-2 0  9994,2 31492  98.8601 308.8476 0053475 281.1591  78.3608 14.78087965986101,Fengyun-1C
FY1C_1105,1 31493U 99025BWG 26121.63186053  .00000958  00000+0  73006-3 0  9999,2 31493 100.1468  85.8326 0117130 166.9612 193.4618 13.93342817618141,Fengyun-1C
FY1C_1106,1 31495U 99025BWJ 26122.92384847  .00002582  00000+0  10127-2 0  9994,2 31495  99.1099   7.6481 0026658 126.8820 233.4809 14.30129423654082,Fengyun-1C
FY1C_1107,1 31497U 99025BWL 26123.72393117  .00000437  00000+0  13327-3 0  9998,2 31497  98.3867 109.1583 0166122 276.3784 266.5355 14.39462235995979,Fengyun-1C
FY1C_1108,1 31498U 99025BWM 26124.34736535  .00001846  00000+0  15759-2 0  9998,2 31498  98.4955  85.6909 0219408 119.2213 243.1078 13.77705370946977,Fengyun-1C
FY1C_1109,1 31503U 99025BWS 26123.94784269  .00001590  00000+0  71860-3 0  9999,2 31503 100.0902  15.6805 0049067 151.0621 209.3289 14.23201714662690,Fengyun-1C
FY1C_1110,1 31507U 99025BWW 26124.58583005  .00001660  00000+0  38119-3 0  9997,2 31507  98.1740 158.3688 0115357 358.3508 152.6492 14.52802838   910,Fengyun-1C
FY1C_1111,1 31508U 99025BWX 26124.28136793  .00012892  00000+0  22764-2 0  9990,2 31508  98.6339 244.8242 0030495 240.8820 118.9329 14.67278476990113,Fengyun-1C
FY1C_1112,1 31509U 99025BWY 26124.79108748  .00003714  00000+0  23406-2 0  9993,2 31509  99.0284 246.0927 0196937 186.1650 173.7085 13.95754670959577,Fengyun-1C
FY1C_1113,1 31510U 99025BWZ 26121.78053182  .00000953  00000+0  42345-3 0  9998,2 31510  98.5584 122.4269 0035845 282.2948 255.7705 14.24913475984818,Fengyun-1C
FY1C_1114,1 31511U 99025BXA 26123.33729383  .00001682  00000+0  64417-3 0  9999,2 31511  99.0769 302.5886 0108327 176.1027 184.1022 14.28805758978224,Fengyun-1C
FY1C_1115,1 31512U 99025BXB 26124.49757519  .00001870  00000+0  49097-3 0  9996,2 31512  98.7946  29.8240 0144002  80.5640  98.4241 14.44438168675623,Fengyun-1C
FY1C_1116,1 31513U 99025BXC 26120.74266160  .00004290  00000+0  15392-2 0  9997,2 31513  98.8589 225.7004 0028570  82.2740 278.1687 14.34200249748600,Fengyun-1C
FY1C_1117,1 31514U 99025BXD 26124.73505845  .00002765  00000+0  12527-2 0  9999,2 31514  99.2447  37.2092 0055456  69.2605 291.4502 14.22006816713562,Fengyun-1C
FY1C_1118,1 31516U 99025BXF 26124.15051017  .00001052  00000+0  41216-3 0  9990,2 31516  98.8442 246.2042 0148627 185.7195 299.7265 14.25726096985214,Fengyun-1C
FY1C_1119,1 31519U 99025BXJ 26124.23540620  .00000652  00000+0  29991-3 0  9996,2 31519  98.5795 122.2453 0052623 186.3376 173.7144 14.23712709667928,Fengyun-1C
FY1C_1120,1 31522U 99025BXM 26124.76529520  .00000977  00000+0  63602-3 0  9991,2 31522  98.6976 141.9955 0044052 158.2417 202.0635 14.04256611970034,Fengyun-1C
FY1C_1121,1 31523U 99025BXN 26123.62943294  .00000000  00000+0  22389-4 0  9999,2 31523  98.7306 173.0953 0039377  67.0182  84.2444 14.13874624980126,Fengyun-1C
FY1C_1122,1 31524U 99025BXP 26116.47386635  .00000392  00000+0  18343-3 0  9993,2 31524  99.2659   5.8046 0277968 108.6144  66.0942 14.07467716650464,Fengyun-1C
FY1C_1123,1 31527U 99025BXS 26122.37908608  .00000356  00000+0  54520-3 0  9999,2 31527  98.9120 272.8454 0447891 317.2646  39.4443 13.23536067920502,Fengyun-1C
FY1C_1124,1 31531U 99025BXW 26122.86596081  .00002183  00000+0  54384-3 0  9994,2 31531  98.3608 168.8162 0241777 206.3300 152.5433 14.36560880659603,Fengyun-1C
FY1C_1125,1 31533U 99025BXY 26121.97945612  .00000659  00000+0  27902-3 0  9997,2 31533  98.9493  22.6187 0064358 303.3430  56.1599 14.27901795681248,Fengyun-1C
FY1C_1126,1 31536U 99025BYB 26124.46593382  .00010676  00000+0  13495-2 0  9991,2 31536  98.2315  35.1534 0285905  62.6240 300.3742 14.57209389983342,Fengyun-1C
FY1C_1127,1 31537U 99025BYC 26123.71936483  .00006214  00000+0  15220-2 0  9993,2 31537  99.3052 290.0021 0334845 279.8666  76.4868 14.24054810953009,Fengyun-1C
FY1C_1128,1 31538U 99025BYD 26116.40741733  .00408266  00000+0  89576-2 0  9992,2 31538  98.2354   2.1417 0011672 162.1162 198.0496 15.42413277690462,Fengyun-1C
FY1C_1129,1 31540U 99025BYF 26117.22581650  .00005548  00000+0  79983-3 0  9994,2 31540  99.0705 295.8108 0171806 244.1982 114.1408 14.67164329  2724,Fengyun-1C
FY1C_1130,1 31541U 99025BYG 26123.71733124  .00007326  00000+0  11514-2 0  9992,2 31541  98.9961 285.4423 0076564 159.7982 200.6280 14.70938421  5018,Fengyun-1C
FY1C_1131,1 31542U 99025BYH 26124.61220044  .00002301  00000+0  10170-2 0  9990,2 31542  98.7142 182.3466 0048200 153.1456 207.2233 14.23585307979728,Fengyun-1C
FY1C_1132,1 31544U 99025BYK 26122.42853677  .00001155  00000+0  61975-3 0  9999,2 31544  98.8092 176.9676 0031630 226.7568 133.0965 14.14719702977462,Fengyun-1C
FY1C_1133,1 31546U 99025BYM 26124.61236347  .00003219  00000+0  15474-2 0  9998,2 31546  98.2284 187.9516 0144738  84.5842 277.1824 14.14089195968072,Fengyun-1C
FY1C_1134,1 31547U 99025BYN 26124.07718926  .00002814  00000+0  12275-2 0  9993,2 31547  99.0724 177.4067 0052981 203.3332 156.5440 14.24016977660420,Fengyun-1C
FY1C_1135,1 31550U 99025BYR 26124.24140339  .00001017  00000+0  26909-3 0  9997,2 31550  98.3163 124.8074 0188869 202.6321 156.6460 14.40924024675060,Fengyun-1C
FY1C_1136,1 31552U 99025BYT 26124.30096481  .00007576  00000+0  19084-2 0  9995,2 31552  98.6234 253.9351 0080325 310.1855  49.2325 14.49497716979393,Fengyun-1C
FY1C_1137,1 31553U 99025BYU 26124.11877219  .00003242  00000+0  12336-2 0  9990,2 31553  98.9891 188.8223 0028755  49.0371 341.2443 14.31433493979467,Fengyun-1C
FY1C_1138,1 31554U 99025BYV 26124.37288251  .00009160  00000+0  20910-2 0  9993,2 31554  98.9135 272.4191 0033215 307.4983  52.3194 14.55663256669298,Fengyun-1C
FY1C_1139,1 31555U 99025BYW 26122.17870349  .00005355  00000+0  13078-2 0  9994,2 31555  99.1164  91.5667 0151274 139.3034 221.9576 14.46331570985927,Fengyun-1C
FY1C_1140,1 31558U 99025BYZ 26124.70939110  .00000473  00000+0  13240-3 0  9998,2 31558  98.7804  28.6342 0210575 197.8284 182.0510 14.38988025994911,Fengyun-1C
FY1C_1141,1 31559U 99025BZA 26124.86561310  .00005880  00000+0  10599-2 0  9999,2 31559  98.8785  95.1335 0054980 111.6978 279.5521 14.65960819996526,Fengyun-1C
FY1C_1142,1 31560U 99025BZB 26123.83677915  .00000058  00000+0  43344-4 0  9994,2 31560  98.5666 160.9505 0119607 256.0952 102.6898 14.21264686986373,Fengyun-1C
FY1C_1143,1 31561U 99025BZC 26123.91777244  .00000867  00000+0  57698-3 0  9994,2 31561  98.7254 119.0043 0056995 144.6249 246.0784 14.02968660971724,Fengyun-1C
FY1C_1144,1 31562U 99025BZD 26122.24932922  .00002763  00000+0  82525-3 0  9990,2 31562  99.2733 290.8629 0055987 229.2905 130.3412 14.42981003990162,Fengyun-1C
FY1C_1145,1 31563U 99025BZE 26123.21773992  .00002282  00000+0  38627-3 0  9999,2 31563  98.9683 294.5194 0110996   3.5240 356.6718 14.66507697  6011,Fengyun-1C
FY1C_1146,1 31565U 99025BZG 26123.48555380  .00009954  00000+0  29931-2 0  9999,2 31565 100.7181  36.0844 0054338 351.5593   8.4670 14.42039906663940,Fengyun-1C
FY1C_1147,1 31566U 99025BZH 26124.42160039  .00004296  00000+0  13987-2 0  9996,2 31566  98.9365 194.2197 0021882 290.8689 202.7122 14.39149772984429,Fengyun-1C
FY1C_1148,1 31567U 99025BZJ 26123.03128037  .00005925  00000+0  39178-2 0  9995,2 31567 102.3172  41.0767 0185066 329.4539  29.5934 13.94172516693779,Fengyun-1C
FY1C_1149,1 31568U 99025BZK 26124.56703359  .00003688  00000+0  21874-2 0  9999,2 31568 102.0508  57.7432 0123951 124.5944 236.6977 14.04740419965845,Fengyun-1C
FY1C_1150,1 31569U 99025BZL 26124.55399874  .00002735  00000+0  17753-2 0  9995,2 31569 102.6153 339.0843 0175036  26.6724   2.6198 13.96781725956727,Fengyun-1C
FY1C_1151,1 31570U 99025BZM 26121.54284560  .00009739  00000+0  35666-2 0  9992,2 31570 102.5679 225.6581 0144716 232.6817 126.1087 14.27534349653606,Fengyun-1C
FY1C_1152,1 31608U 99025BZN 26124.16951128  .00004818  00000+0  44101-3 0  9994,2 31608  98.3933 255.3003 0137883 295.8966  62.8090 14.88498322  7313,Fengyun-1C
FY1C_1153,1 31609U 99025BZP 26123.58158285  .00003696  00000+0  17928-2 0  9992,2 31609  99.1977 161.9419 0089452 278.9238 234.5547 14.16935012680928,Fengyun-1C
FY1C_1154,1 31613U 99025BZT 26122.94342242  .00001640  00000+0  14067-2 0  9992,2 31613  98.4370 296.5076 0344565  92.1507 271.9129 13.63938892936868,Fengyun-1C
FY1C_1155,1 31615U 99025BZV 26123.90168463  .00009250  00000+0  26318-2 0  9999,2 31615  99.1392 189.1822 0155849 260.0033  98.3534 14.38661113673202,Fengyun-1C
FY1C_1156,1 31618U 99025BZY 26123.71874501  .00000562  00000+0  24931-3 0  9995,2 31618  99.4633 281.6116 0155944 285.1945  73.2031 14.21316095722810,Fengyun-1C
FY1C_1157,1 31619U 99025BZZ 26124.56736206  .00069330  00000+0  48252-2 0  9998,2 31619  99.0593 344.2840 0065266 192.1822 167.7824 15.03431054656224,Fengyun-1C
FY1C_1158,1 31620U 99025CAA 26123.99283281  .00005227  00000+0  16950-2 0  9991,2 31620  98.8784 217.9238 0018072 342.6194  17.4372 14.39280328678899,Fengyun-1C
FY1C_1159,1 31622U 99025CAC 26124.74420166  .00005115  00000+0  16722-2 0  9995,2 31622  98.8139 228.2063 0013902 273.8167 241.7381 14.38924990978274,Fengyun-1C
FY1C_1160,1 31623U 99025CAD 26117.79421971  .00000338  00000+0  29486-3 0  9992,2 31623  97.6264 308.7344 0193654 346.7685  12.8435 13.82731896598000,Fengyun-1C
FY1C_1161,1 31625U 99025CAF 26124.51821147  .00000493  00000+0  10959-3 0  9998,2 31625  98.7981 223.2366 0147302 300.8000  69.8441 14.55710387  4426,Fengyun-1C
FY1C_1162,1 31627U 99025CAH 26110.87448759  .00002147  00000+0  73538-3 0  9998,2 31627  98.5118 162.3141 0052573 130.0665 230.5149 14.36439082666208,Fengyun-1C
FY1C_1163,1 31628U 99025CAJ 26123.49103508  .00001939  00000+0  15245-2 0  9999,2 31628 102.2688  27.1645 0165567 241.4782 116.9607 13.87561581952654,Fengyun-1C
FY1C_1164,1 31629U 99025CAK 26124.71717832  .00003908  00000+0  19104-2 0  9993,2 31629 102.1277 226.5833 0101826  28.9511 331.7247 14.16192017964699,Fengyun-1C
FY1C_1165,1 31630U 99025CAL 26122.75529388  .00019154  00000+0  83668-3 0  9991,2 31630  98.0991 303.2626 0146612 238.5791 120.1033 15.12901344  7049,Fengyun-1C
FY1C_1166,1 31631U 99025CAM 26124.56858275  .00085049  00000+0  80441-2 0  9994,2 31631  99.3361  63.9341 0028654 234.7094 125.1439 14.92931182660879,Fengyun-1C
FY1C_1167,1 31634U 99025CAQ 26124.60555994  .00000144  00000+0  13642-3 0  9997,2 31634  99.3432 178.0356 0092467 130.8585 230.0636 13.94801755585154,Fengyun-1C
FY1C_1168,1 31639U 99025CAV 26124.10260220  .00000140  00000+0  14194-3 0  9991,2 31639  98.7616  65.6251 0161998 118.5535 261.0523 13.85228181956590,Fengyun-1C
FY1C_1169,1 31642U 99025CAY 26123.52119885  .00000939  00000+0  32748-3 0  9991,2 31642  98.4897 208.1840 0119459 195.7375 164.0084 14.33703693990507,Fengyun-1C
FY1C_1170,1 31644U 99025CBA 26121.96754134  .00005920  00000+0  83996-3 0  9997,2 31644  98.6610  25.2580 0151329 105.3730 271.1378 14.69774418731036,Fengyun-1C
FY1C_1171,1 31646U 99025CBC 26123.30857056  .00000716  00000+0  39420-3 0  9997,2 31646  98.6763 147.3861 0033899 169.0803 191.1114 14.14405830651921,Fengyun-1C
FY1C_1172,1 31648U 99025CBE 26113.51016627  .00002646  00000+0  13400-2 0  9995,2 31648 102.7891 358.4646 0042832 195.4073 164.5784 14.17128339737636,Fengyun-1C
FY1C_1173,1 31655U 99025CBM 26123.32365720  .00003301  00000+0  30999-2 0  9995,2 31655  99.2833  68.1614 0289020 131.5101  19.9183 13.65091906616504,Fengyun-1C
FY1C_1174,1 31656U 99025CBN 26124.00824693  .00006721  00000+0  17649-2 0  9997,2 31656  99.1970 130.2835 0020327 356.0822  27.9200 14.49404372985156,Fengyun-1C
FY1C_1175,1 31657U 99025CBP 26124.14194695  .00004169  00000+0  26931-2 0  9993,2 31657 102.2147  80.0909 0148032  68.2330 293.4501 13.98492803648545,Fengyun-1C
FY1C_1176,1 31658U 99025CBQ 26124.49652464  .00003524  00000+0  19971-2 0  9995,2 31658  98.1486 323.1910 0209807 278.6372  79.1078 14.00128401718134,Fengyun-1C
FY1C_1177,1 31660U 99025CBS 26123.20905824  .00001186  00000+0  47157-3 0  9997,2 31660  98.5093 125.8169 0102499 125.7454 235.3313 14.27619631 99342,Fengyun-1C
FY1C_1178,1 31661U 99025CBT 26124.18231591  .00003330  00000+0  13748-2 0  9990,2 31661  98.8494 209.7471 0060047 171.3889 219.0468 14.26473137977433,Fengyun-1C
FY1C_1179,1 31663U 99025CBV 26124.52574529  .00001617  00000+0  17773-3 0  9990,2 31663  98.8397  50.9724 0188937 147.8789 213.4098 14.77211814 13818,Fengyun-1C
FY1C_1180,1 31664U 99025CBW 26122.26911156  .00000621  00000+0  34604-3 0  9997,2 31664  98.7644 115.1953 0125505 120.0530 241.3158 14.10521110979829,Fengyun-1C
FY1C_1181,1 31665U 99025CBX 26124.54870163  .00001448  00000+0  11375-2 0  9990,2 31665  98.4340 158.4029 0189019 155.0192 206.0261 13.85258885951680,Fengyun-1C
FY1C_1182,1 31666U 99025CBY 26124.40647553  .00033444  00000+0  30405-2 0  9997,2 31666  98.6601 291.4440 0019491  50.5294 309.7644 14.94998223993956,Fengyun-1C
FY1C_1183,1 31667U 99025CBZ 26124.37251521  .00000388  00000+0  18789-3 0  9993,2 31667  99.0716 345.9290 0051605  39.5862 320.9066 14.23681228580229,Fengyun-1C
FY1C_1184,1 31672U 99025CCE 26124.30496980  .00004409  00000+0  10067-2 0  9990,2 31672  98.9540 326.4170 0102044 272.1786  86.7726 14.53162569669406,Fengyun-1C
FY1C_1185,1 31673U 99025CCF 26123.02726181  .00000455  00000+0  17309-3 0  9992,2 31673  99.3669 333.8101 0124851   2.3343 357.8395 14.32166667669136,Fengyun-1C
FY1C_1186,1 31674U 99025CCG 26123.87071485  .00009876  00000+0  22883-2 0  9994,2 31674  98.9165 174.3805 0024130 210.4344 149.5452 14.55106089666790,Fengyun-1C
FY1C_1187,1 31678U 99025CCL 26124.13512293  .00002997  00000+0  45975-3 0  9990,2 31678  98.8078 245.8862 0249736 314.6030  43.5027 14.55678105989098,Fengyun-1C
FY1C_1188,1 31680U 99025CCN 26119.89805388  .00045153  00000+0  11877-2 0  9994,2 31680  99.8461 277.0179 0059755 193.2828 166.6838 15.36598995 22859,Fengyun-1C
FY1C_1189,1 31685U 99025CCT 26124.52075742  .00000045  00000+0  49543-4 0  9992,2 31685  98.7159 149.3600 0016650 180.0040 180.1134 14.09710851971010,Fengyun-1C
FY1C_1190,1 31686U 99025CCU 26120.16243448  .00006274  00000+0  51469-3 0  9998,2 31686  98.1311 197.4030 0272791   7.3781  22.3214 14.74849521998574,Fengyun-1C
FY1C_1191,1 31688U 99025CCW 26124.59964436  .00000198  00000+0  15288-3 0  9996,2 31688  98.9373 181.1754 0075659 105.0688 255.8865 14.02374103972804,Fengyun-1C
FY1C_1192,1 31691U 99025CCZ 26123.99413685  .00004625  00000+0  18581-2 0  9995,2 31691  98.8761 217.5026 0060929 186.1765 173.8671 14.27639407661407,Fengyun-1C
FY1C_1193,1 31692U 99025CDA 26121.95542088  .00006104  00000+0  27741-2 0  9992,2 31692  99.1783 128.4631 0088060  46.3358 314.5073 14.20100793601980,Fengyun-1C
FY1C_1194,1 31695U 99025CDD 26123.98592767  .00013505  00000+0  15194-2 0  9991,2 31695  98.2532 216.3492 0167539 134.4643 227.0410 14.77089307680699,Fengyun-1C
FY1C_1195,1 31714U 99025CDM 26120.05387299  .00193574  00000+0  87360-2 0  9999,2 31714  99.0296  47.6112 0012482 157.1992 218.1589 15.20040074981257,Fengyun-1C
FY1C_1196,1 31715U 99025CDN 26124.03998790  .00003547  00000+0  69078-3 0  9993,2 31715  99.2875 333.2135 0184307  54.6980 307.1295 14.53517362637835,Fengyun-1C
FY1C_1197,1 31716U 99025CDP 26124.18384314  .00001925  00000+0  11439-2 0  9996,2 31716  98.5472  19.8533 0131981  50.8166 100.6100 14.04289478961183,Fengyun-1C
FY1C_1198,1 31720U 99025CDT 26124.26098869  .00006203  00000+0  88785-3 0  9990,2 31720  99.0523  57.3467 0097142  42.0416 318.8191 14.73807383  3182,Fengyun-1C
FY1C_1199,1 31721U 99025CDU 26123.46619825  .00000442  00000+0  36178-3 0  9991,2 31721  99.7969 111.6944 0317071 177.3397 336.1967 13.73998256693328,Fengyun-1C
FY1C_1200,1 31724U 99025CDX 26124.26234622  .00006172  00000+0  13044-2 0  9993,2 31724  97.8539 125.9639 0144160 158.7867 201.9391 14.53291461665595,Fengyun-1C
FY1C_1201,1 31725U 99025CDY 26124.35333846  .00000886  00000+0  14832-2 0  9994,2 31725  99.1765 320.7848 0688972  14.5120 347.4715 12.79590584883057,Fengyun-1C
FY1C_1202,1 31727U 99025CEA 26122.58456082  .00005409  00000+0  17546-2 0  9998,2 31727  98.8692 244.1308 0029096 282.5439 141.9881 14.39097944736935,Fengyun-1C
FY1C_1203,1 31731U 99025CEE 26123.63476282  .00004737  00000+0  14612-2 0  9998,2 31731  99.2942 189.2583 0011333  50.8099 309.4092 14.41879871978742,Fengyun-1C
FY1C_1204,1 31732U 99025CEF 26123.35157361  .00000472  00000+0  27607-3 0  9993,2 31732  98.5530 156.8483 0040046 199.5299 160.4342 14.12437530663297,Fengyun-1C
FY1C_1205,1 31734U 99025CEH 26119.25184852  .00000991  00000+0  38411-3 0  9995,2 31734  98.5063 113.0403 0102133 322.9235  36.4920 14.29354853984154,Fengyun-1C
FY1C_1206,1 31735U 99025CEJ 26124.54710031  .00003403  00000+0  99967-3 0  9992,2 31735  98.5818 233.8244 0058900 212.8380 146.9144 14.43428138987249,Fengyun-1C
FY1C_1207,1 31736U 99025CEK 26124.75365412  .00000199  00000+0  12637-3 0  9993,2 31736  98.6812 127.6211 0011743 188.6891 171.4081 14.14276372660868,Fengyun-1C
FY1C_1208,1 31737U 99025CEL 26124.04175343  .00002259  00000+0  32973-3 0  9992,2 31737  97.8969 158.1266 0143988 281.0942 108.8988 14.69947577  2901,Fengyun-1C
FY1C_1209,1 31738U 99025CEM 26123.90973346  .00002074  00000+0  12786-2 0  9990,2 31738  99.3450 196.0458 0306680  80.6149 282.9537 13.85735605642267,Fengyun-1C
FY1C_1210,1 31739U 99025CEN 26124.41431052  .00000137  00000+0  79365-4 0  9997,2 31739  98.7215 182.7772 0127768  28.2638 332.5394 14.19289558975104,Fengyun-1C
FY1C_1211,1 31740U 99025CEP 26109.29940650  .00002600  00000+0  78458-3 0  9995,2 31740  99.8265 304.9388 0024899  62.1312 117.2451 14.43345818669146,Fengyun-1C
FY1C_1212,1 31742U 99025CER 26124.35166376  .00001255  00000+0  39795-3 0  9992,2 31742  98.9050 355.0039 0074396 267.0234  92.2437 14.40380699987025,Fengyun-1C
FY1C_1213,1 31743U 99025CES 26124.33557532  .00003297  00000+0  12208-2 0  9996,2 31743  99.1525  64.9020 0038627 161.4502 351.0556 14.32627235976818,Fengyun-1C
FY1C_1214,1 31744U 99025CET 26124.04134576  .00003672  00000+0  11125-2 0  9998,2 31744  99.3113 247.0506 0306808   2.6478 357.6235 14.19148525966319,Fengyun-1C
FY1C_1215,1 31746U 99025CEV 26123.81850023  .00030266  00000+0  34624-2 0  9994,2 31746  98.5960 261.5354 0020033 114.9338 245.3960 14.85781284991313,Fengyun-1C
FY1C_1216,1 31752U 99025CFB 26119.48521956  .00001707  00000+0  79335-3 0  9996,2 31752  98.9620 193.4936 0351799 315.9477  41.4139 13.94032407955092,Fengyun-1C
FY1C_1217,1 31753U 99025CFC 26124.05392241  .00000503  00000+0  23071-3 0  9998,2 31753  98.6116 158.3279 0159933 123.6274 267.7748 14.18819886980374,Fengyun-1C
FY1C_1218,1 31754U 99025CFD 26124.15147949  .00002432  00000+0  72530-3 0  9990,2 31754  99.0540 103.1073 0049747 154.8982 205.4641 14.43320591990431,Fengyun-1C
FY1C_1219,1 31755U 99025CFE 26115.24161596  .00000612  00000+0  32403-3 0  9998,2 31755  98.7946 108.8605 0188803   5.7144  11.9490 14.08506208655513,Fengyun-1C
FY1C_1220,1 31757U 99025CFG 26122.76774596  .00000542  00000+0  27631-3 0  9994,2 31757  98.7532 145.8388 0217655  46.2120 315.6828 14.08068331658665,Fengyun-1C
FY1C_1221,1 31758U 99025CFH 26122.28786336  .00022024  00000+0  34482-2 0  9997,2 31758  98.0582 129.3298 0302369  20.7325 340.5832 14.46468141962296,Fengyun-1C
FY1C_1222,1 31760U 99025CFK 26124.77366929  .00001579  00000+0  61270-3 0  9996,2 31760  99.2555 236.4876 0053252 145.0419 215.4277 14.30707526981776,Fengyun-1C
FY1C_1223,1 31761U 99025CFL 26122.89296529  .00005027  00000+0  11731-2 0  9994,2 31761  98.6195 345.3883 0464944 224.2727 132.0364 14.05212411600926,Fengyun-1C
FY1C_1224,1 31763U 99025CFN 26124.52159792  .00000755  00000+0  47942-3 0  9995,2 31763  98.5186 218.1869 0545603  59.5827 321.5009 13.50760338929335,Fengyun-1C
FY1C_1225,1 31766U 99025CFR 26124.22516766  .00000155  00000+0  11964-3 0  9992,2 31766  98.8220 123.1875 0073230 251.1308 108.1909 14.05358879660871,Fengyun-1C
FY1C_1226,1 31767U 99025CFS 26124.57886043 -.00000009  00000+0  20488-4 0  9990,2 31767  98.8029 155.2113 0041498  30.8631 124.1931 14.05039558968315,Fengyun-1C
FY1C_1227,1 31768U 99025CFT 26124.75903125  .00018399  00000+0  23004-2 0  9997,2 31768  99.0313 220.2206 0023851 247.8082 263.7745 14.82178882989870,Fengyun-1C
FY1C_1228,1 31772U 99025CFX 26124.71290082  .00002298  00000+0  11588-2 0  9994,2 31772  98.4738  39.4054 0137676  64.3601 297.1721 14.12395210729012,Fengyun-1C
FY1C_1229,1 31773U 99025CFY 26121.77317141  .00016322  00000+0  22788-2 0  9991,2 31773  98.9494 132.4588 0038744 102.9525 257.6013 14.77230919672391,Fengyun-1C
FY1C_1230,1 31776U 99025CGB 26123.66134801  .00002513  00000+0  12009-2 0  9996,2 31776  99.0600 191.6396 0051940 290.6696 222.9036 14.19396952968930,Fengyun-1C
FY1C_1231,1 31779U 99025CGE 26124.58721397  .00000975  00000+0  24010-3 0  9999,2 31779  99.3075  62.3658 0212925 123.8077 238.3584 14.42073755990684,Fengyun-1C
FY1C_1232,1 31780U 99025CGF 26124.45100525  .00001113  00000+0  16618-3 0  9991,2 31780  99.3017 301.8453 0147627 335.3458  24.0736 14.70358128  5828,Fengyun-1C
FY1C_1233,1 31781U 99025CGG 26124.23501920  .00005500  00000+0  23804-2 0  9990,2 31781  99.5038 309.2416 0194026 236.1845 122.0722 14.15193819703628,Fengyun-1C
FY1C_1234,1 31782U 99025CGH 26124.74148763  .00000803  00000+0  27953-3 0  9990,2 31782  98.9203 295.8732 0077950 295.9726  78.6433 14.36640014987440,Fengyun-1C
FY1C_1235,1 31783U 99025CGJ 26124.81041476  .00000844  00000+0  48606-3 0  9995,2 31783  98.6035 132.0627 0103176   4.2572 171.8221 14.09126576912357,Fengyun-1C
FY1C_1236,1 31788U 99025CGP 26123.28701051  .00003419  00000+0  30059-2 0  9995,2 31788 102.5643 306.9551 0466273 134.8306  39.2714 13.45993691925082,Fengyun-1C
FY1C_1237,1 31804U 99025CGS 26111.24082418  .00003348  00000+0  16508-2 0  9990,2 31804  98.2889 275.2835 0139978 131.6041 229.7227 14.13092908654909,Fengyun-1C
FY1C_1238,1 31805U 99025CGT 26118.66555705  .00005976  00000+0  15521-2 0  9991,2 31805  98.3796  97.6325 0438736 129.5169 234.5653 14.05208578642850,Fengyun-1C
FY1C_1239,1 31807U 99025CGV 26122.17155147  .00003549  00000+0  81165-3 0  9992,2 31807  99.0943 269.6695 0104645 101.1172 260.1809 14.53066084673448,Fengyun-1C
FY1C_1240,1 31808U 99025CGW 26124.37018068  .00017397  00000+0  32680-2 0  9990,2 31808  99.1995 332.1685 0037381  66.0676 294.4432 14.64292920596855,Fengyun-1C
FY1C_1241,1 31810U 99025CGY 26120.31171208  .00003567  00000+0  75395-3 0  9994,2 31810  98.2602 137.3908 0212653  78.3539 284.1435 14.46705301664179,Fengyun-1C
FY1C_1242,1 31813U 99025CHB 26124.50869039  .00001527  00000+0  36245-3 0  9993,2 31813  99.4179 225.8432 0134048 270.5679  88.0154 14.50457766993258,Fengyun-1C
FY1C_1243,1 31814U 99025CHC 26123.39043828  .00000586  00000+0  63298-3 0  9992,2 31814  99.5492 176.6335 0229317 211.5867 147.1341 13.66639132637346,Fengyun-1C
FY1C_1244,1 31815U 99025CHD 26124.21329522 -.00000026  00000+0  95086-5 0  9995,2 31815  98.7832 112.1230 0058428 339.1195  20.7591 14.10312929975473,Fengyun-1C
FY1C_1245,1 31816U 99025CHE 26124.79228675  .00001572  00000+0  11340-2 0  9990,2 31816  98.9905 240.2673 0122600 123.1740  28.9227 13.94611746956871,Fengyun-1C
FY1C_1246,1 31817U 99025CHF 26122.77081364  .00006593  00000+0  11326-2 0  9991,2 31817  98.9186 136.4399 0058855   1.8142 358.3263 14.67903366734734,Fengyun-1C
FY1C_1247,1 31819U 99025CHH 26124.70916532  .00000642  00000+0  25306-3 0  9995,2 31819  98.4853 117.4400 0085702 257.9924 101.1643 14.30474384987376,Fengyun-1C
FY1C_1248,1 31820U 99025CHJ 26115.29119583  .00010966  00000+0  79572-3 0  9996,2 31820  98.9653 310.1663 0136886 301.3898  57.3989 14.96837481  2116,Fengyun-1C
FY1C_1249,1 31821U 99025CHK 26124.40584211  .00018799  00000+0  39199-2 0  9996,2 31821  98.1554   8.7838 0203778 300.1760  57.9385 14.47725488957218,Fengyun-1C
FY1C_1250,1 31823U 99025CHM 26124.05626475  .00004317  00000+0  73714-3 0  9991,2 31823  99.5094 237.9829 0036584 143.1493 217.2233 14.69153446988059,Fengyun-1C
FY1C_1251,1 31825U 99025CHP 26124.26210390  .00000919  00000+0  38028-3 0  9994,2 31825  98.5953 125.2628 0163691 284.6367  73.6713 14.22067224976478,Fengyun-1C
FY1C_1252,1 31826U 99025CHQ 26123.72225102  .00000622  00000+0  29124-3 0  9990,2 31826  98.6377 116.2873 0124663 139.5493  37.1347 14.19555834978280,Fengyun-1C
FY1C_1253,1 31829U 99025CHT 26124.22384024  .00000480  00000+0  38397-3 0  9992,2 31829  98.8523 291.8397 0169792 136.0415  43.4754 13.88835841961252,Fengyun-1C
FY1C_1254,1 31830U 99025CHU 26124.79915475  .00001903  00000+0  15415-2 0  9992,2 31830  99.1637 231.9410 0181067 291.3968 221.2321 13.84084984947184,Fengyun-1C
FY1C_1255,1 31834U 99025CHY 26121.83271228  .00000332  00000+0  21066-3 0  9994,2 31834  98.3544 335.8410 0162499  41.2811 320.0511 14.03335766656755,Fengyun-1C
FY1C_1256,1 31836U 99025CJA 26124.85831731  .00003077  00000+0  16285-2 0  9997,2 31836  98.6221  89.1644 0114031  69.9011 291.4389 14.11117003634210,Fengyun-1C
FY1C_1257,1 31837U 99025CJB 26124.69145578  .00007295  00000+0  79842-3 0  9992,2 31837  98.0828 207.2167 0087113 272.2076  86.9166 14.85351222  4722,Fengyun-1C
FY1C_1258,1 31841U 99025CJF 26123.24453961  .00002955  00000+0  12354-2 0  9997,2 31841  98.4326 287.0595 0303195 263.9546 278.1462 14.04930396613259,Fengyun-1C
FY1C_1259,1 31843U 99025CJH 26119.07585805  .00009564  00000+0  59032-2 0  9995,2 31843  99.2926  53.1537 0634339  14.9595 346.9376 13.35425405665280,Fengyun-1C
FY1C_1260,1 31844U 99025CJJ 26124.76053696  .00001374  00000+0  63549-3 0  9996,2 31844 100.3042 141.7756 0101326 319.9472  39.4258 14.20311444973623,Fengyun-1C
FY1C_1261,1 31854U 99025CJU 26124.28292686  .00000552  00000+0  37197-3 0  9995,2 31854  98.8508 128.5908 0073494 103.4329 257.5042 14.03272781712711,Fengyun-1C
FY1C_1262,1 31857U 99025CJX 26123.18398855  .00001433  00000+0  13704-2 0  9997,2 31857  96.1896 106.4092 0305429 248.2616 108.5770 13.62497496635552,Fengyun-1C
FY1C_1263,1 31861U 99025CKB 26117.35950978  .00001663  00000+0  18655-2 0  9999,2 31861 102.3369 342.1447 0490635 270.9014  83.5939 13.30899598685719,Fengyun-1C
FY1C_1264,1 31877U 99025CKC 26124.22594521  .00017474  00000+0  10905-2 0  9995,2 31877  98.9906 222.5132 0096947 173.2435 187.0121 15.05696844 11826,Fengyun-1C
FY1C_1265,1 31878U 99025CKD 26123.61606187  .00008126  00000+0  80882-3 0  9996,2 31878  99.4526  79.0491 0079540 151.7722 208.7836 14.89618008  1723,Fengyun-1C
FY1C_1266,1 31879U 99025CKE 26123.67834623  .00001524  00000+0  36314-3 0  9997,2 31879  99.6944  26.8031 0207903 344.9652  14.5414 14.43376211652571,Fengyun-1C
FY1C_1267,1 31880U 99025CKF 26110.73703476  .00000580  00000+0  48168-3 0  9994,2 31880 100.0403 288.5095 0127726 172.8494 187.4521 13.89646773647714,Fengyun-1C
FY1C_1268,1 31882U 99025CKH 26124.52583093  .00000907  00000+0  50434-3 0  9991,2 31882  98.9223  51.5549 0035583 178.6546 181.4728 14.13336569606539,Fengyun-1C
FY1C_1269,1 31883U 99025CKJ 26124.78537712  .00004787  00000+0  73593-3 0  9998,2 31883  99.0348  61.2476 0120519 348.2786  11.5616 14.69279763   633,Fengyun-1C
FY1C_1270,1 31887U 99025CKN 26124.68882940  .00005447  00000+0  11453-2 0  9997,2 31887  99.5222 202.1267 0020917 298.8817  61.0280 14.59924494986922,Fengyun-1C
FY1C_1271,1 31888U 99025CKP 26124.55667985  .00004492  00000+0  15710-2 0  9993,2 31888  99.1606  64.4769 0018277 154.4797 205.7293 14.35616602976856,Fengyun-1C
FY1C_1272,1 31890U 99025CKR 26118.74433202  .00000224  00000+0  14738-3 0  9992,2 31890  98.7143 131.0705 0071820 213.4337 146.2289 14.10197975660832,Fengyun-1C
FY1C_1273,1 31891U 99025CKS 26122.49980044  .00000463  00000+0  51359-3 0  9996,2 31891  99.3943 138.5424 0224749 179.8031 180.3240 13.66356749943324,Fengyun-1C
FY1C_1274,1 31892U 99025CKT 26124.24682045  .00001588  00000+0  39970-3 0  9996,2 31892  99.2980 311.6274 0196335 228.3379 130.0856 14.41960217669590,Fengyun-1C
FY1C_1275,1 31893U 99025CKU 26124.69653073  .00000988  00000+0  16147-3 0  9999,2 31893  99.0906 102.5935 0172671 248.5920 292.3447 14.64389733  4843,Fengyun-1C
FY1C_1276,1 31895U 99025CKW 26119.80816552  .00002408  00000+0  20928-2 0  9991,2 31895  99.0779 147.4728 0223851 223.2068 135.1332 13.76213424637957,Fengyun-1C
FY1C_1277,1 31898U 99025CKZ 26124.40115108  .00004494  00000+0  64661-3 0  9995,2 31898  98.6907   3.4914 0141060 133.8211 227.4759 14.70308833678073,Fengyun-1C
FY1C_1278,1 31899U 99025CLA 26124.53403869  .00001745  00000+0  14346-2 0  9994,2 31899 102.0768 232.6463 0181982 174.5501 185.7679 13.83956617695398,Fengyun-1C
FY1C_1279,1 31901U 99025CLC 26124.09891876  .00000369  00000+0  28635-3 0  9996,2 31901  98.6234  80.6921 0131874 155.3056 205.4497 13.94227771653911,Fengyun-1C
FY1C_1280,1 31902U 99025CLD 26124.43508686  .00000630  00000+0  24983-3 0  9992,2 31902  98.5244 104.8196 0181058  93.4252  59.9555 14.23532520668214,Fengyun-1C
FY1C_1281,1 31903U 99025CLE 26123.97288308  .00002727  00000+0  50185-3 0  9999,2 31903  99.2774 134.5300 0126139 325.4256  33.8785 14.61605420994725,Fengyun-1C
FY1C_1282,1 31905U 99025CLG 26124.17984269  .00002371  00000+0  70484-3 0  9992,2 31905  99.1658 113.7522 0195131  40.1866 321.3560 14.33794259986655,Fengyun-1C
FY1C_1283,1 31906U 99025CLH 26124.63757247  .00003871  00000+0  16111-2 0  9990,2 31906  98.6983 261.5235 0051987  64.1454 309.5874 14.26184374971656,Fengyun-1C
FY1C_1284,1 31910U 99025CLM 26121.78353425  .00005768  00000+0  11096-2 0  9992,2 31910  97.6564 135.1597 0225046  80.8336 281.8243 14.48967846663966,Fengyun-1C
FY1C_1285,1 31913U 99025CLQ 26124.73969132  .00003511  00000+0  23834-2 0  9998,2 31913  99.2924  51.1578 0185605 286.5207  71.5635 13.92819676578768,Fengyun-1C
FY1C_1286,1 31914U 99025CLR 26123.61443811  .00000714  00000+0  14200-3 0  9996,2 31914  99.0085   3.0964 0181602 359.9741   0.1415 14.55974461705378,Fengyun-1C
FY1C_1287,1 31915U 99025CLS 26124.33704821  .00001055  00000+0  52334-3 0  9997,2 31915  98.6214 142.8264 0100167 219.6462 139.7360 14.16697971661264,Fengyun-1C
FY1C_1288,1 31916U 99025CLT 26124.03376180  .00003298  00000+0  10729-2 0  9990,2 31916  99.3244 225.1274 0143786  45.8000 315.4890 14.33810555665655,Fengyun-1C
FY1C_1289,1 31917U 99025CLU 26118.22391172  .00001012  00000+0  28572-3 0  9991,2 31917  98.3714 112.5031 0187346 243.7988 130.4796 14.38170319983836,Fengyun-1C
FY1C_1290,1 31919U 99025CLW 26124.68769740  .00001492  00000+0  40486-3 0  9990,2 31919  99.1226 282.6813 0102454 142.0893 237.7005 14.46225453991477,Fengyun-1C
FY1C_1291,1 31921U 99025CLY 26124.65492594  .00000845  00000+0  79627-3 0  9990,2 31921  99.3312  19.1233 0200901 249.0806 108.8737 13.75649613942717,Fengyun-1C
FY1C_1292,1 31922U 99025CLZ 26124.53598243  .00002061  00000+0  16152-2 0  9991,2 31922  98.8178 112.8156 0161195 359.3095 128.2307 13.87204546949961,Fengyun-1C
FY1C_1293,1 31923U 99025CMA 26118.15042777  .00000867  00000+0  98489-3 0  9995,2 31923  98.4262 197.2836 0297504 308.4144  49.0625 13.55263667654823,Fengyun-1C
FY1C_1294,1 31924U 99025CMB 26123.35238289  .00001536  00000+0  15183-2 0  9992,2 31924  98.4124 266.8147 0273251  82.1432 281.0637 13.64467548933980,Fengyun-1C
FY1C_1295,1 31926U 99025CMD 26124.70110447  .00005428  00000+0  20016-2 0  9994,2 31926  98.9536 229.4054 0040259 195.8652 164.1273 14.32484064972733,Fengyun-1C
FY1C_1296,1 31929U 99025CME 26124.61316914  .00000943  00000+0  33439-3 0  9995,2 31929  98.8093 261.7229 0072681 354.8599   5.1831 14.35398823726952,Fengyun-1C
FY1C_1297,1 31931U 99025CMG 26124.51322015  .00000433  00000+0  48332-3 0  9998,2 31931  97.8243  48.4051 0421281 258.4007  96.9566 13.42847840671385,Fengyun-1C
FY1C_1298,1 31934U 99025CMK 26106.93557295  .00060832  00000+0  22398-2 0  9999,2 31934  98.8561 182.2716 0026533 178.2406 181.8927 15.27287356627404,Fengyun-1C
FY1C_1299,1 31937U 99025CMN 26119.57357848  .00007820  00000+0  83358-3 0  9990,2 31937  99.2551 234.9417 0156472 226.9365 131.8656 14.80604532681079,Fengyun-1C
FY1C_1300,1 31938U 99025CMP 26124.09952623  .00004548  00000+0  31997-3 0  9992,2 31938  98.9064 180.3882 0145827 325.4438  33.7366 14.97478533 12583,Fengyun-1C
FY1C_1301,1 31944U 99025CMV 26124.71013443  .00000758  00000+0  39426-3 0  9990,2 31944  99.2213 281.1440 0149941 323.8340  50.4397 14.12227934649282,Fengyun-1C
FY1C_1302,1 31945U 99025CMW 26124.68774929  .00002759  00000+0  12509-2 0  9995,2 31945  98.9517 208.0694 0059470 236.9002 122.6457 14.21830828972269,Fengyun-1C
FY1C_1303,1 31946U 99025CMX 26123.89701794  .00002250  00000+0  11019-2 0  9999,2 31946  98.8862 189.0830 0080563   5.3455 354.8561 14.17210070660219,Fengyun-1C
FY1C_1304,1 31948U 99025CMZ 26122.14594344  .00003269  00000+0  13001-2 0  9993,2 31948  99.3800 198.1833 0021526 343.2239  47.4526 14.29327205970336,Fengyun-1C
FY1C_1305,1 31949U 99025CNA 26124.19181840  .00000455  00000+0  22773-3 0  9995,2 31949  98.5602 109.3153 0126378 161.7471 198.8302 14.17144404975220,Fengyun-1C
FY1C_1306,1 31952U 99025CND 26124.81642556  .00002068  00000+0  46127-3 0  9995,2 31952  98.9698 256.9134 0112974 219.4957 139.7964 14.54223555992883,Fengyun-1C
FY1C_1307,1 31955U 99025CNG 26124.47937521  .00006920  00000+0  12386-2 0  9999,2 31955  99.2719  24.4954 0044194 105.2198  73.1462 14.66574981986476,Fengyun-1C
FY1C_1308,1 31959U 99025CNL 26123.91420735  .00007525  00000+0  19661-2 0  9990,2 31959  98.5052   0.9017 0029743  83.7384 276.7196 14.49418442664110,Fengyun-1C
FY1C_1309,1 31964U 99025CNR 26123.10324405  .00010610  00000+0  21023-2 0  9998,2 31964  98.7074 258.8100 0026500 315.0550  44.8504 14.62240634695733,Fengyun-1C
FY1C_1310,1 31966U 99025CNT 26124.21686358  .00006331  00000+0  10173-2 0  9990,2 31966  99.0323 296.5247 0083388 193.9079 165.9827 14.69693985678342,Fengyun-1C
FY1C_1311,1 31972U 99025CNZ 26124.07888608  .00000235  00000+0  16266-3 0  9990,2 31972  99.1881 173.3328 0076388 356.2902  34.2180 14.07595829969637,Fengyun-1C
FY1C_1312,1 31974U 99025CPB 26124.44024992  .00003601  00000+0  13464-2 0  9997,2 31974  98.3735 135.3383 0068290 238.4481 121.0022 14.31108082714628,Fengyun-1C
FY1C_1313,1 31978U 99025CPF 26119.33834427  .00000792  00000+0  82751-3 0  9999,2 31978  98.3901 260.5451 0263537  46.0871 316.1705 13.63544550934651,Fengyun-1C
FY1C_1314,1 31979U 99025CPG 26120.01581084  .00002987  00000+0  27082-2 0  9998,2 31979  99.3717 214.1533 0260405 281.6170  75.5858 13.70210158598051,Fengyun-1C
FY1C_1315,1 31980U 99025CPH 26121.43384846  .00000414  00000+0  54045-3 0  9997,2 31980  97.5914 175.9324 0429272 114.4026 250.2523 13.32302926915301,Fengyun-1C
FY1C_1316,1 31984U 99025CPM 26120.25299177  .00000616  00000+0  28518-3 0  9992,2 31984  98.5612 125.7691 0063146 183.5481 176.5258 14.23208543963430,Fengyun-1C
FY1C_1317,1 31985U 99025CPN 26121.98506241  .00000473  00000+0  20226-3 0  9996,2 31985  98.2086  18.9367 0150619 194.3279 165.3607 14.23198593976052,Fengyun-1C
FY1C_1318,1 31987U 99025CPQ 26124.44619030  .00002901  00000+0  81338-3 0  9992,2 31987  99.0509 112.3716 0052367  94.0316  57.4445 14.46064384984313,Fengyun-1C
FY1C_1319,1 31988U 99025CPR 26123.38873021  .00003177  00000+0  14411-2 0  9990,2 31988  98.1198 186.4358 0060366 228.9787 130.6165 14.21551797661643,Fengyun-1C
FY1C_1320,1 31989U 99025CPS 26124.66428631  .00000497  00000+0  38983-3 0  9999,2 31989  99.1890 190.1536 0114952 270.5081 242.9460 13.93820142957087,Fengyun-1C
FY1C_1321,1 31990U 99025CPT 26123.54353623  .00000174  00000+0  24067-3 0  9995,2 31990  99.1487 141.3996 0260091 181.2514 332.1864 13.57278792646953,Fengyun-1C
FY1C_1322,1 31991U 99025CPU 26096.84499673  .00000102  00000+0  16290-3 0  9994,2 31991 100.4862 299.3194 0244699 129.6086 232.6934 13.61318074636535,Fengyun-1C
FY1C_1323,1 31992U 99025CPV 26122.12047876  .00000863  00000+0  97002-3 0  9994,2 31992  99.1837  70.7230 0542281  49.5199 315.1903 13.23221325557318,Fengyun-1C
FY1C_1324,1 31993U 99025CPW 26124.18381395  .00001858  00000+0  25658-2 0  9992,2 31993  99.2343  86.5659 0422728 148.3667 214.3623 13.27975742908337,Fengyun-1C
FY1C_1325,1 31994U 99025CPX 26122.22561996 -.00000108  00000+0 -45967-4 0  9999,2 31994  98.5505 111.3297 0162698 115.3235 246.4880 13.95825870587567,Fengyun-1C
FY1C_1326,1 31997U 99025CQA 26120.51893798  .00001519  00000+0  15962-2 0  9995,2 31997 102.5017 207.4946 0283330 320.3018  37.7676 13.61213286635716,Fengyun-1C
FY1C_1327,1 32086U 99025CQC 26124.39092285  .00002015  00000+0  17130-2 0  9998,2 32086  99.2607 179.0633 0301209 123.5939 239.4347 13.69584729637338,Fengyun-1C
FY1C_1328,1 32088U 99025CQE 26121.52702108  .00003192  00000+0  41585-2 0  9992,2 32088 102.4080  19.6443 0463719  56.7096 307.7551 13.25632160616963,Fengyun-1C
FY1C_1329,1 32089U 99025CQF 26121.29635764  .00001251  00000+0  63448-3 0  9997,2 32089  98.6544 127.5765 0113031  85.3580 276.0493 14.14439178651882,Fengyun-1C
FY1C_1330,1 32093U 99025CQK 26123.55378218  .00000904  00000+0  30446-3 0  9997,2 32093  98.9063 346.6587 0077799 295.3499  63.9644 14.37993979985558,Fengyun-1C
FY1C_1331,1 32094U 99025CQL 26120.42089647  .00000520  00000+0  31237-3 0  9999,2 32094  98.7559 112.2319 0033755 234.0796 125.7242 14.10930034963204,Fengyun-1C
FY1C_1332,1 32095U 99025CQM 26119.30378694  .00000532  00000+0  28129-3 0  9997,2 32095  98.6336 135.8129 0079023  58.0990 302.7841 14.16213682967648,Fengyun-1C
FY1C_1333,1 32096U 99025CQN 26124.55051650  .00001413  00000+0  10810-2 0  9997,2 32096  99.0552 155.0523 0137951 112.9403 248.6381 13.90602854948460,Fengyun-1C
FY1C_1334,1 32098U 99025CQQ 26122.72609203  .00000947  00000+0  38000-3 0  9992,2 32098  98.6226 116.6938 0195736  72.2737 289.9698 14.20547932662293,Fengyun-1C
FY1C_1335,1 32101U 99025CQT 26123.52618696  .00002329  00000+0  14515-2 0  9992,2 32101  99.0289  26.3078 0117623 204.6331 154.9189 14.02480534951699,Fengyun-1C
FY1C_1336,1 32105U 99025CQX 26119.27594301  .00002026  00000+0  23564-2 0  9997,2 32105 103.4572 160.8756 0402260 149.3637 213.1643 13.40902426615547,Fengyun-1C
FY1C_1337,1 32106U 99025CQY 26123.30092204  .00008700  00000+0  32191-2 0  9993,2 32106 101.4620 143.6849 0103849  29.5398 331.1587 14.29711869714136,Fengyun-1C
FY1C_1338,1 32109U 99025CRB 26124.39669052  .00000740  00000+0  22243-3 0  9991,2 32109  98.3430   4.2839 0203685 246.7069 111.2563 14.34388743669339,Fengyun-1C
FY1C_1339,1 32110U 99025CRC 26122.99421537  .00003163  00000+0  12369-2 0  9990,2 32110  99.5511 310.6505 0032145 326.0197 187.2390 14.30074378664061,Fengyun-1C
FY1C_1340,1 32111U 99025CRD 26124.23907819  .00000388  00000+0  14920-3 0  9994,2 32111  98.4494 125.1731 0120740 143.0807 284.3681 14.31745753980701,Fengyun-1C
FY1C_1341,1 32113U 99025CRF 26121.34326951  .00000931  00000+0  57346-3 0  9990,2 32113  99.0066 158.0743 0237070 203.8526 155.1506 13.94923234648321,Fengyun-1C
FY1C_1342,1 32114U 99025CRG 26124.68874326  .00012736  00000+0  15969-2 0  9995,2 32114  99.9386 280.1172 0041712 268.1053  91.5376 14.81774388678438,Fengyun-1C
FY1C_1343,1 32117U 99025CRK 26124.57300728  .00001992  00000+0  87225-3 0  9993,2 32117  98.5938 171.9610 0027522  38.5950 321.7190 14.24632473968306,Fengyun-1C
FY1C_1344,1 32119U 99025CRM 26124.37748150  .00001281  00000+0  82721-3 0  9995,2 32119  99.8758   4.0047 0086762  28.2198 332.3627 14.03182836957281,Fengyun-1C
FY1C_1345,1 32123U 99025CRR 26123.28887285  .00001392  00000+0  24328-3 0  9994,2 32123  98.9520 307.7336 0158696 219.2364 318.0125 14.61948229734423,Fengyun-1C
FY1C_1346,1 32125U 99025CRT 26109.73255163  .00009925  00000+0  12245-2 0  9998,2 32125  99.0625 109.7396 0160988 285.7932  72.5573 14.74300276724061,Fengyun-1C
FY1C_1347,1 32126U 99025CRU 26106.39807650  .00000491  00000+0  58060-3 0  9997,2 32126  99.1007 338.3531 0280260 295.9080  61.3419 13.57049194634054,Fengyun-1C
FY1C_1348,1 32128U 99025CRW 26124.58526267  .00000958  00000+0  39069-3 0  9998,2 32128  99.0083 172.9368 0396344 190.7604 168.4890 13.94604575649761,Fengyun-1C
FY1C_1349,1 32129U 99025CRX 26123.62191682  .00005252  00000+0  19854-2 0  9993,2 32129  99.0665 252.6867 0064716 343.7176  32.6391 14.30543667962544,Fengyun-1C
FY1C_1350,1 32130U 99025CRY 26124.29334062  .00000889  00000+0  29886-3 0  9998,2 32130  98.9170 301.0277 0081129 269.2623  89.9266 14.37987802982835,Fengyun-1C
FY1C_1351,1 32132U 99025CSA 26122.37565845  .00006776  00000+0  15977-2 0  9998,2 32132  98.3630 181.6028 0078816 192.2536 167.6745 14.52675827728398,Fengyun-1C
FY1C_1352,1 32133U 99025CSB 26124.43216803  .00000269  00000+0  14960-3 0  9998,2 32133  98.4373 123.5758 0036342  49.6547 310.7794 14.18196262969973,Fengyun-1C
FY1C_1353,1 32134U 99025CSC 26124.47062485  .00000842  00000+0  28699-3 0  9999,2 32134  98.5971 129.2110 0257619 209.0083 307.8205 14.22144750971756,Fengyun-1C
FY1C_1354,1 32137U 99025CSF 26116.11004128  .00005437  00000+0  49384-3 0  9993,2 32137  98.4570 256.0424 0176585 322.2722  36.6214 14.84563931687227,Fengyun-1C
FY1C_1355,1 32141U 99025CSK 26112.71856253  .00000845  00000+0  55014-3 0  9999,2 32141  98.7481 115.1629 0073580 200.1938 159.6316 14.03797480967816,Fengyun-1C
FY1C_1356,1 32143U 99025CSM 26123.67816466  .00000373  00000+0  19138-3 0  9993,2 32143  98.6158 101.3185 0104477  60.3506 300.8025 14.18103531979453,Fengyun-1C
FY1C_1357,1 32150U 99025CSU 26123.38632500  .00001000  00000+0  17763-3 0  9994,2 32150  99.1722 166.6668 0169948 357.8312   2.2129 14.61045565997747,Fengyun-1C
FY1C_1358,1 32152U 99025CSW 26124.73701757  .00006047  00000+0  12742-2 0  9994,2 32152  98.7737 298.5346 0054524 123.7469 236.8940 14.58923111646963,Fengyun-1C
FY1C_1359,1 32153U 99025CSX 26124.31852030  .00000810  00000+0  17396-3 0  9993,2 32153  98.7591 337.8339 0207587 150.8704 210.4259 14.49054961992887,Fengyun-1C
FY1C_1360,1 32155U 99025CSZ 26123.09271472  .00000925  00000+0  34331-3 0  9999,2 32155  98.9649  62.5455 0069224 185.9820 174.0544 14.33370376722470,Fengyun-1C
FY1C_1361,1 32156U 99025CTA 26121.30939438  .00000680  00000+0  26121-3 0  9991,2 32156  99.3641 306.8392 0081533  15.8842 344.4868 14.32241469668182,Fengyun-1C
FY1C_1362,1 32160U 99025CTE 26124.40899434  .00000950  00000+0  31790-3 0  9999,2 32160  98.8992 291.4677 0080296 297.6572  61.6481 14.38075775979376,Fengyun-1C
FY1C_1363,1 32161U 99025CTF 26122.03335716  .00000118  00000+0  98194-4 0  9993,2 32161  98.8311 227.2880 0133881 249.3214 109.3556 14.02008093653957,Fengyun-1C
FY1C_1364,1 32162U 99025CTG 26122.46407740  .00007251  00000+0  13720-2 0  9993,2 32162  99.4418 192.9501 0046911 106.5168 254.1192 14.64006510969764,Fengyun-1C
FY1C_1365,1 32163U 99025CTH 26119.33043065  .00002259  00000+0  66707-3 0  9999,2 32163  99.5364 146.6695 0049838 353.9385   6.1193 14.43983707629618,Fengyun-1C
FY1C_1366,1 32167U 99025CTM 26124.22724795  .00001176  00000+0  39935-3 0  9993,2 32167  98.4842 120.4336 0162669 356.5278   3.4764 14.31346279647136,Fengyun-1C
FY1C_1367,1 32168U 99025CTN 26124.56213097  .00004783  00000+0  32773-2 0  9998,2 32168 101.6495 233.4037 0242554 244.9760 112.6026 13.87062815654592,Fengyun-1C
FY1C_1368,1 32169U 99025CTP 26124.53083280  .00022218  00000+0  32051-2 0  9997,2 32169  98.5527 325.5837 0031610  35.9835 324.3492 14.75927080987190,Fengyun-1C
FY1C_1369,1 32171U 99025CTR 26124.09749399  .00004487  00000+0  39013-2 0  9994,2 32171 102.8062  64.7732 0484232  57.4140 323.3079 13.43698841625274,Fengyun-1C
FY1C_1370,1 32174U 99025CTU 26123.39764164  .00000540  00000+0  25382-3 0  9997,2 32174  98.5779 186.0203 0150688 197.2616 162.3404 14.18100626661130,Fengyun-1C
FY1C_1371,1 32175U 99025CTV 26123.21014847  .00003029  00000+0  20528-2 0  9996,2 32175  98.8360 110.8649 0147378 293.6678  64.9077 13.95837094618135,Fengyun-1C
FY1C_1372,1 32177U 99025CTX 26124.32477826  .00004610  00000+0  99897-3 0  9994,2 32177  99.0365 150.7323 0048068 334.1768  25.7029 14.58012677731156,Fengyun-1C
FY1C_1373,1 32178U 99025CTY 26122.32149920  .00001740  00000+0  75384-3 0  9990,2 32178 100.2957 152.5418 0092148 296.5126  62.6620 14.23711387660032,Fengyun-1C
FY1C_1374,1 32179U 99025CTZ 26124.37231892  .00000620  00000+0  38245-3 0  9999,2 32179  98.8839 175.2260 0145941 152.0170 271.2800 14.03778539677290,Fengyun-1C
FY1C_1375,1 32180U 99025CUA 26124.41104355  .00000044  00000+0  77486-4 0  9990,2 32180  99.5610 171.8027 0136481 194.4542 182.8934 13.82363553962397,Fengyun-1C
FY1C_1376,1 32181U 99025CUB 26124.62595051  .00002977  00000+0  64589-3 0  9997,2 32181  99.4819 252.8177 0071067  19.8024 353.9727 14.57490333988015,Fengyun-1C
FY1C_1377,1 32183U 99025CUD 26121.42489324  .00001143  00000+0  66114-3 0  9999,2 32183  98.6918 173.1487 0042286  26.0388 334.2898 14.10436651747332,Fengyun-1C
FY1C_1378,1 32185U 99025CUF 26124.08540884  .00075106  00000+0  24598-2 0  9994,2 32185  98.8857 359.3748 0104154 259.7958  99.1516 15.26218489971706,Fengyun-1C
FY1C_1379,1 32186U 99025CUG 26123.92259862  .00001204  00000+0  96251-3 0  9994,2 32186  99.5910 180.8421 0273962 189.2154 351.2454 13.76850241645666,Fengyun-1C
FY1C_1380,1 32187U 99025CUH 26121.97158367  .00000341  00000+0  45405-3 0  9992,2 32187  99.4871 199.7370 0293996 154.5085  25.2753 13.50592357681518,Fengyun-1C
FY1C_1381,1 32191U 99025CUM 26124.42734886  .00002662  00000+0  10799-2 0  9991,2 32191  98.6882 184.4456 0093834 131.6395 229.2869 14.26098510665344,Fengyun-1C
FY1C_1382,1 32192U 99025CUN 26124.35834884  .00000278  00000+0  25627-3 0  9991,2 32192  98.6368 348.6575 0182303 135.3759 226.2237 13.82626516946831,Fengyun-1C
FY1C_1383,1 32195U 99025CUR 26118.26275523  .00000615  00000+0  37417-3 0  9991,2 32195  98.7764 122.0277 0067534 274.6498  84.6961 14.08725605659045,Fengyun-1C
FY1C_1384,1 32197U 99025CUT 26124.55354225  .00000729  00000+0  24644-3 0  9993,2 32197  98.9003  42.5727 0161304 171.6180   5.1195 14.33024461964681,Fengyun-1C
FY1C_1385,1 32198U 99025CUU 26123.12934507  .00002969  00000+0  16426-2 0  9999,2 32198  98.3506 264.7571 0092452 246.1123 113.0341 14.09882639589374,Fengyun-1C
FY1C_1386,1 32200U 99025CUW 26124.11375206  .00001650  00000+0  84822-3 0  9990,2 32200  98.7724 176.0898 0038943 241.6896 118.0347 14.16266956963781,Fengyun-1C
FY1C_1387,1 32203U 99025CUZ 26124.13441105  .00029817  00000+0  36349-3 0  9993,2 32203  96.9931  16.2526 0108603 288.0527  70.8919 15.53483596773001,Fengyun-1C
FY1C_1388,1 32205U 99025CVB 26124.78330683  .00000217  00000+0  13657-3 0  9994,2 32205  98.6796 129.5636 0009921 238.0688 295.3896 14.14011017965199,Fengyun-1C
FY1C_1389,1 32207U 99025CVD 26100.72831579  .00000782  00000+0  25625-3 0  9999,2 32207  99.8721  82.5058 0084814 156.2707  19.6508 14.39925302660192,Fengyun-1C
FY1C_1390,1 32209U 99025CVF 26122.30868767  .00001713  00000+0  20384-2 0  9999,2 32209  99.4301  66.8456 0332803  34.3264 327.8896 13.47622107918699,Fengyun-1C
FY1C_1391,1 32212U 99025CVJ 26122.28837951  .00001203  00000+0  35251-3 0  9995,2 32212  99.5768 240.5993 0136373  31.0149 354.2430 14.40878006980858,Fengyun-1C
FY1C_1392,1 32214U 99025CVL 26124.81374671  .00005352  00000+0  36953-2 0  9991,2 32214  99.0269 151.7424 0181236  12.9774 163.1333 13.91962869644114,Fengyun-1C
FY1C_1393,1 32218U 99025CVQ 26123.34266622  .00003750  00000+0  82665-3 0  9990,2 32218  98.8056 330.1348 0060859 357.3070 182.4533 14.56899454982931,Fengyun-1C
FY1C_1394,1 32221U 99025CVT 26123.88922072  .00001182  00000+0  22647-3 0  9992,2 32221  98.5863 283.4655 0146090  68.1750 293.4916 14.59215174992701,Fengyun-1C
FY1C_1395,1 32223U 99025CVV 26122.46495666  .00002846  00000+0  12982-2 0  9999,2 32223  98.8278 206.5886 0045058 272.0878 149.3712 14.21857546662236,Fengyun-1C
FY1C_1396,1 32224U 99025CVW 26123.62013495  .00000883  00000+0  32086-3 0  9992,2 32224  99.0045  85.3043 0076226  12.4957 347.8094 14.34316327977570,Fengyun-1C
FY1C_1397,1 32225U 99025CVX 26122.91105889  .00000322  00000+0  19159-3 0  9997,2 32225  99.0676 178.6072 0072304 168.6534 191.6288 14.13165445701101,Fengyun-1C
FY1C_1398,1 32230U 99025CWC 26120.94114536  .00012044  00000+0  24648-2 0  9995,2 32230  98.8781 284.8247 0047046  25.3359 127.5293 14.60255350626987,Fengyun-1C
FY1C_1399,1 32234U 99025CWG 26123.51821691  .00001306  00000+0  93294-3 0  9995,2 32234  98.5223 327.6310 0134867 302.8523  55.9716 13.94664066951855,Fengyun-1C
FY1C_1400,1 32241U 99025CWP 26124.39086411  .00003185  00000+0  11215-2 0  9992,2 32241  99.0594 164.6535 0145327 170.0295 190.3824 14.29833568958611,Fengyun-1C
FY1C_1401,1 32243U 99025CWR 26124.49707872  .00004991  00000+0  22236-2 0  9997,2 32243  98.2542 141.6961 0268246  76.7775 286.3169 14.05809264955936,Fengyun-1C
FY1C_1402,1 32245U 99025CWT 26121.83907819  .00006875  00000+0  85952-3 0  9995,2 32245  98.6466 333.3598 0090976 256.8777 102.2268 14.79766671681767,Fengyun-1C
FY1C_1403,1 32304U 99025CWV 26124.17750171  .00003416  00000+0  84266-3 0  9993,2 32304  99.4125 100.5267 0049941 161.9560 198.3419 14.52168187583396,Fengyun-1C
FY1C_1404,1 32308U 99025CWZ 26124.54064064  .00001882  00000+0  11070-2 0  9994,2 32308  97.7617 162.2495 0106049   8.6471 351.6496 14.06209742674185,Fengyun-1C
FY1C_1405,1 32311U 99025CXC 26122.53880259  .00001747  00000+0  22619-2 0  9998,2 32311 101.7290  31.4151 0409136 139.2359 224.0143 13.33977168 92142,Fengyun-1C
FY1C_1406,1 32314U 99025CXF 26123.05507989  .00008960  00000+0  93476-3 0  9999,2 32314  98.8705 248.0135 0141125  70.8361 290.8064 14.82876621995225,Fengyun-1C
FY1C_1407,1 32315U 99025CXG 26116.16870808  .00000130  00000+0  18529-3 0  9994,2 32315 100.8264 279.9193 0229130 144.6280 217.0304 13.66216772629240,Fengyun-1C
FY1C_1408,1 32316U 99025CXH 26124.60364310  .00004904  00000+0  11873-2 0  9996,2 32316  99.5130 175.2003 0024559 257.3203 256.9840 14.53375732978513,Fengyun-1C
FY1C_1409,1 32320U 99025CXM 26122.15679357  .00002625  00000+0  89056-3 0  9996,2 32320 100.3629  12.6509 0056071  15.5012 344.7869 14.36932273641898,Fengyun-1C
FY1C_1410,1 32322U 99025CXP 26122.32749443  .00000696  00000+0  88146-3 0  9996,2 32322  98.3586 344.2442 0419759 102.7337 262.1041 13.34394382622549,Fengyun-1C
FY1C_1411,1 32323U 99025CXQ 26122.11610055  .00004951  00000+0  31854-2 0  9991,2 32323  98.5768 260.9669 0154403 178.1974 181.9779 13.97821756622304,Fengyun-1C
FY1C_1412,1 32324U 99025CXR 26124.56881566  .00000594  00000+0  36475-3 0  9994,2 32324  99.5378 239.5751 0049255 350.4507   9.5720 14.09428621660101,Fengyun-1C
FY1C_1413,1 32326U 99025CXT 26124.51136481  .00000607  00000+0  43420-3 0  9993,2 32326  98.4954  42.4396 0386408 117.9486 246.1338 13.69552717651364,Fengyun-1C
FY1C_1414,1 32331U 99025CXY 26122.92885912  .00044347  00000+0  52765-2 0  9992,2 32331  99.1752 115.0772 0016487  60.4882 299.7970 14.84099397627040,Fengyun-1C
FY1C_1415,1 32332U 99025CXZ 26123.91140125  .00001689  00000+0  87420-3 0  9992,2 32332  99.1161 182.2337 0281892 282.3494  74.6250 13.97859501950220,Fengyun-1C
FY1C_1416,1 32334U 99025CYB 26123.44784880  .00000853  00000+0  57986-3 0  9990,2 32334  99.2310 184.7043 0067286 249.8836 109.5080 14.01842537959255,Fengyun-1C
FY1C_1417,1 32340U 99025CYH 26124.30456825  .00011742  00000+0  15728-2 0  9994,2 32340  98.9708 151.0656 0032008 202.1452 157.8375 14.79250997993019,Fengyun-1C
FY1C_1418,1 32342U 99025CYK 26124.50403245  .00000113  00000+0  82844-4 0  9991,2 32342  98.6677 133.7232 0006633 300.5590 212.2529 14.13460182957341,Fengyun-1C
FY1C_1419,1 32343U 99025CYL 26123.92150795  .00000762  00000+0  33582-3 0  9990,2 32343  98.6234 112.0296 0152362  77.0977 284.7169 14.20114774667317,Fengyun-1C
FY1C_1420,1 32350U 99025CYT 26122.87780840  .00003493  00000+0  53164-3 0  9993,2 32350  98.2042 170.1008 0262416 222.4311 135.6333 14.54017172995776,Fengyun-1C
FY1C_1421,1 32352U 99025CYV 26123.52446871  .00000914  00000+0  26989-3 0  9991,2 32352  98.7843  52.5008 0122574 108.9983 252.4532 14.41746185673128,Fengyun-1C
FY1C_1422,1 32353U 99025CYW 26115.77305914  .00003810  00000+0  22370-2 0  9999,2 32353  98.9305 294.9884 0124596 183.6198 176.4080 14.04879634650754,Fengyun-1C
FY1C_1423,1 32356U 99025CYZ 26123.74760529  .00003816  00000+0  22719-2 0  9998,2 32356 102.4959  43.5875 0125697  31.5246 329.3362 14.04461940703803,Fengyun-1C
FY1C_1424,1 32357U 99025CZA 26124.32215457  .00004739  00000+0  23399-2 0  9999,2 32357  98.8345 157.6731 0487293 169.7404 256.5775 13.69980153687398,Fengyun-1C
FY1C_1425,1 32360U 99025CZD 26116.42981903  .00003878  00000+0  21382-2 0  9994,2 32360  98.1154 283.4246 0227008 285.8601  71.7651 13.99807470667006,Fengyun-1C
FY1C_1426,1 32361U 99025CZE 26121.63447690  .00006689  00000+0  16026-2 0  9996,2 32361  98.8470 193.1546 0042475 341.6845  18.2817 14.53307659983757,Fengyun-1C
FY1C_1427,1 32362U 99025CZF 26124.20188838  .00001788  00000+0  17432-2 0  9996,2 32362  99.8477 102.6951 0268742 283.5638  73.5703 13.65997384930743,Fengyun-1C
FY1C_1428,1 32364U 99025CZH 26124.32890885  .00003583  00000+0  17047-2 0  9990,2 32364  98.3118 318.6424 0130171 131.0650 230.1858 14.15575462657259,Fengyun-1C
FY1C_1429,1 32366U 99025CZK 26104.01640729  .00001154  00000+0  56574-3 0  9997,2 32366  96.7738 202.0266 0130908 260.3380  98.2990 14.14701464949329,Fengyun-1C
FY1C_1430,1 32372U 99025CZR 26116.36267211  .00001082  00000+0  11914-2 0  9994,2 32372  97.3087 324.8144 0457061  50.1372 313.9044 13.35824055619376,Fengyun-1C
FY1C_1431,1 32409U 99025CZV 26124.31817498  .00013524  00000+0  17114-2 0  9999,2 32409  99.5721 320.0369 0038799  75.4712 100.9563 14.81440674609466,Fengyun-1C
FY1C_1432,1 32411U 99025CZX 26124.02959275  .00000584  00000+0  33009-3 0  9994,2 32411  98.4297  38.0920 0122844 330.0133  29.4041 14.10062372678195,Fengyun-1C
FY1C_1433,1 32414U 99025DAA 26123.46966982  .00002166  00000+0  10447-2 0  9995,2 32414  98.8440 198.8791 0043446 312.1179  47.6307 14.19235940957429,Fengyun-1C
FY1C_1434,1 32419U 99025DAF 26123.03636368  .00001325  00000+0  53143-3 0  9992,2 32419  97.9543  47.1934 0281640 339.4741  19.5294 14.10352580655621,Fengyun-1C
FY1C_1435,1 32422U 99025DAJ 26124.07357978  .00000438  00000+0  22864-3 0  9998,2 32422  97.8539 240.2728 0297987 246.7533 110.2005 13.98254866651220,Fengyun-1C
FY1C_1436,1 32425U 99025DAM 26124.52729100  .00001162  00000+0  45536-3 0  9997,2 32425  96.7195 243.0912 0231059 227.9229 130.2096 14.17166020715573,Fengyun-1C
FY1C_1437,1 32430U 99025DAS 26119.32231828  .00001659  00000+0  11846-2 0  9997,2 32430  98.6843 136.2376 0364949 264.0288  91.9166 13.71075658930888,Fengyun-1C
FY1C_1438,1 32432U 99025DAU 26124.36435357  .00002624  00000+0  51743-3 0  9996,2 32432  98.1537 162.0485 0167812 224.5598 134.2006 14.54761234727677,Fengyun-1C
FY1C_1439,1 32440U 99025DBC 26123.34551734  .00002644  00000+0  24404-2 0  9995,2 32440  99.1472 335.0789 0323722  85.2758 278.5271 13.62220776622138,Fengyun-1C
FY1C_1440,1 32441U 99025DBD 26124.44704649  .00001984  00000+0  86137-3 0  9991,2 32441  97.7742 195.2103 0247203 252.8148 104.5829 14.10087856965886,Fengyun-1C
FY1C_1441,1 32447U 99025DBK 26121.75783227  .00000406  00000+0  31821-3 0  9995,2 32447  98.9223 138.6322 0079514  16.4883 343.8839 13.96094490698327,Fengyun-1C
FY1C_1442,1 32451U 99025DBP 26124.16950324  .00002175  00000+0  16442-2 0  9998,2 32451  99.9838 118.5182 0184507 180.3875 179.7164 13.87573669637394,Fengyun-1C
FY1C_1443,1 32453U 99025DBR 26124.48338329  .00001314  00000+0  84633-3 0  9992,2 32453  99.3718  43.2353 0096981 174.1342 186.0983 14.02630902954292,Fengyun-1C
FY1C_1444,1 32455U 99025DBT 26123.92367330  .00002836  00000+0  17633-2 0  9991,2 32455 101.7316 358.8164 0234434 153.0771 208.2771 13.93477375663954,Fengyun-1C
FY1C_1445,1 32456U 99025DBU 26124.78379580  .00000963  00000+0  13586-2 0  9999,2 32456 103.6730 318.2818 0374181 293.4949  62.7260 13.35953636625265,Fengyun-1C
FY1C_1446,1 32458U 99025DBW 26124.34899109  .00005186  00000+0  97803-3 0  9994,2 32458  99.0288 162.8711 0036571 296.1415  63.6025 14.64578399698759,Fengyun-1C
FY1C_1447,1 32459U 99025DBX 26124.26518705  .00001888  00000+0  43463-3 0  9994,2 32459  98.2944 139.9587 0212870 114.6936 247.6580 14.43526768966068,Fengyun-1C
FY1C_1448,1 32460U 99025DBY 26123.82259560  .00001127  00000+0  81611-3 0  9991,2 32460  98.0330 254.6343 0187182  87.5926 274.6652 13.90083965672271,Fengyun-1C
FY1C_1449,1 32461U 99025DBZ 26121.04942133  .00001173  00000+0  10695-2 0  9993,2 32461  98.3264 323.3705 0233815 101.5985  49.6746 13.73233901692065,Fengyun-1C
FY1C_1450,1 32464U 99025DCC 26124.33652856  .00015315  00000+0  11664-2 0  9991,2 32464  97.3434 144.8366 0106763 115.6744 245.5552 14.97655011629233,Fengyun-1C
FY1C_1451,1 33502U 99025DCF 26124.80475742  .00005207  00000+0  22222-2 0  9995,2 33502  99.0325  76.1387 0080393 102.3954 290.0926 14.23752128889909,Fengyun-1C
FY1C_1452,1 33599U 99025DCG 26118.89554341  .00041388  00000+0  13322-2 0  9997,2 33599  96.5870 174.8874 0101012 168.9414 191.4081 15.27191181680883,Fengyun-1C
FY1C_1453,1 33601U 99025DCJ 26124.36370595  .00002162  00000+0  11409-2 0  9998,2 33601  98.3303 274.5901 0157952  95.3618 266.5596 14.08593919926870,Fengyun-1C
FY1C_1454,1 33603U 99025DCL 26122.61466745  .00003468  00000+0  30741-3 0  9990,2 33603  98.8227  77.1490 0216584 346.4883  13.0583 14.80770668  9414,Fengyun-1C
FY1C_1455,1 33605U 99025DCN 26121.28307537  .00001051  00000+0  63250-3 0  9994,2 33605  98.7035 120.2892 0057162  41.8951 335.0895 14.08054346617826,Fengyun-1C
FY1C_1456,1 33612U 99025DCV 26123.33558770  .00002940  00000+0  17548-2 0  9993,2 33612  98.6113  90.2084 0111890  70.5450 290.7768 14.04842150586613,Fengyun-1C
FY1C_1457,1 33613U 99025DCW 26123.94869572  .00004456  00000+0  15770-2 0  9995,2 33613  98.6821 201.3358 0028563  31.4669 328.8217 14.34851208665483,Fengyun-1C
FY1C_1458,1 33618U 99025DDB 26125.20785087  .00005031  00000+0  80954-3 0  9996,2 33618  98.5225 222.3133 0161114  55.3720 306.2554 14.63673523988815,Fengyun-1C
FY1C_1459,1 33619U 99025DDC 26123.63700875  .00002179  00000+0  10665-2 0  9995,2 33619  98.8476 197.6347 0049772   1.9126 358.2230 14.18301737656354,Fengyun-1C
FY1C_1460,1 33621U 99025DDE 26122.83593110  .00001287  00000+0  42002-3 0  9991,2 33621  98.1314 327.4819 0282576 240.5206 116.7514 14.19995878662466,Fengyun-1C
FY1C_1461,1 33625U 99025DDJ 26120.28988933  .00006329  00000+0  87559-3 0  9991,2 33625  98.6281 242.0430 0219045  66.7591 295.6509 14.63195381634151,Fengyun-1C
FY1C_1462,1 33630U 99025DDP 26121.53902844  .00000573  00000+0  27487-3 0  9992,2 33630  98.6189 228.6352 0134297  25.9403 334.8425 14.17986875663926,Fengyun-1C
FY1C_1463,1 33633U 99025DDS 26122.75817549  .00004473  00000+0  20260-2 0  9991,2 33633  99.0543 225.2870 0083423 108.8394  43.3643 14.20621277927125,Fengyun-1C
FY1C_1464,1 33637U 99025DDW 26116.39403559  .00003631  00000+0  11730-2 0  9997,2 33637  98.4737 164.5734 0082979 109.9875 251.0272 14.37755607667728,Fengyun-1C
FY1C_1465,1 33638U 99025DDX 26122.36993590  .00001069  00000+0  99551-3 0  9992,2 33638  98.4560   1.2213 0262412 257.6476  99.5188 13.69678472628403,Fengyun-1C
FY1C_1466,1 33640U 99025DDZ 26123.81051266  .00001771  00000+0  48030-3 0  9997,2 33640  98.8588  77.7683 0091008  94.6931 266.4661 14.46553889943967,Fengyun-1C
FY1C_1467,1 33648U 99025DEH 26123.24903914  .00000116  00000+0  84514-4 0  9998,2 33648  98.7250 123.0637 0069633 132.2682 228.4423 14.11849587663738,Fengyun-1C
FY1C_1468,1 33650U 99025DEK 26124.92340470  .00001544  00000+0  11814-2 0  9996,2 33650  99.0020 290.1591 0149492  50.0002 311.4170 13.89708323707973,Fengyun-1C
FY1C_1469,1 33651U 99025DEL 26124.35560034  .00000224  00000+0  11612-3 0  9995,2 33651  98.6319 171.7938 0116730   2.2756 357.8928 14.20468012662961,Fengyun-1C
FY1C_1470,1 33655U 99025DEQ 26124.20424692  .00025217  00000+0  16970-2 0  9992,2 33655  98.7982 213.4755 0038724 251.4756 108.2258 15.06098713986962,Fengyun-1C
FY1C_1471,1 33658U 99025DET 26124.16809487  .00002904  00000+0  28678-2 0  9995,2 33658  99.5719 279.9334 0283134 176.9520 183.3431 13.63102363600798,Fengyun-1C
FY1C_1472,1 33660U 99025DEV 26119.22035063  .00000287  00000+0  24481-3 0  9991,2 33660  98.6521  26.2982 0109277 227.2010 286.3527 13.91924190929765,Fengyun-1C
FY1C_1473,1 33661U 99025DEW 26123.12401508  .00001115  00000+0  10251-2 0  9997,2 33661  98.4020 358.0227 0231286 133.3376  19.0233 13.73136935663979,Fengyun-1C
FY1C_1474,1 33663U 99025DEY 26122.96334389  .00027929  00000+0  43076-2 0  9994,2 33663  98.8870 130.9968 0063840 296.4696  62.9969 14.71950248662738,Fengyun-1C
FY1C_1475,1 33664U 99025DEZ 26119.85229321  .00000379  00000+0  23596-3 0  9994,2 33664  98.7211 267.9837 0163051  12.5364 347.9785 14.04186028926779,Fengyun-1C
FY1C_1476,1 33665U 99025DFA 26118.54769661  .00002844  00000+0  71830-3 0  9999,2 33665  99.0340 240.7015 0451416  70.4782 294.4556 14.04680033945112,Fengyun-1C
FY1C_1477,1 33673U 99025DFJ 26125.12353897  .00000348  00000+0  27535-3 0  9990,2 33673  99.3239 178.7849 0105925 194.0025 193.4962 13.95759852919025,Fengyun-1C
FY1C_1478,1 33674U 99025DFK 26121.54235694  .00001506  00000+0  13197-2 0  9992,2 33674  98.5958 163.3348 0210233 223.4013 135.0422 13.77424837902894,Fengyun-1C
FY1C_1479,1 33676U 99025DFM 26125.05835884  .00000316  00000+0  10211-3 0  9994,2 33676  99.0784 162.3058 0203853  10.6945 349.8477 14.35724122673677,Fengyun-1C
FY1C_1480,1 33678U 99025DFP 26123.94229944  .00002138  00000+0  45521-3 0  9992,2 33678  99.0247 204.1872 0203956 171.7927 188.6686 14.48000872971535,Fengyun-1C
FY1C_1481,1 33679U 99025DFQ 26124.72300388  .00035445  00000+0  17200-2 0  9991,2 33679  99.3342 226.7731 0127713 194.8336 164.9128 15.11416102962777,Fengyun-1C
FY1C_1482,1 33682U 99025DFT 26124.15494604  .00002872  00000+0  11807-2 0  9992,2 33682  99.4064 186.5364 0028140  40.6655 319.6618 14.27653679937294,Fengyun-1C
FY1C_1483,1 33684U 99025DFV 26124.15298741  .00006997  00000+0  54088-3 0  9999,2 33684  99.0421 201.7486 0274713 255.7596 101.2958 14.76608764950887,Fengyun-1C
FY1C_1484,1 33687U 99025DFY 26120.35304318  .00031728  00000+0  10028-2 0  9993,2 33687  98.9797 158.4833 0095712 227.2320 132.0835 15.28318678736199,Fengyun-1C
FY1C_1485,1 33688U 99025DFZ 26124.61187632  .00009665  00000+0  25340-2 0  9993,2 33688  99.3526 245.8396 0051275 200.5376 159.3753 14.48689519935481,Fengyun-1C
FY1C_1486,1 33689U 99025DGA 26111.85277731  .00002247  00000+0  63450-3 0  9990,2 33689  99.5562 140.5744 0048724 131.1619  41.1891 14.46183269714100,Fengyun-1C
FY1C_1487,1 33690U 99025DGB 26125.22497590  .00008360  00000+0  19744-2 0  9993,2 33690  98.6113 232.4042 0028614 331.9492  28.0160 14.54182217953032,Fengyun-1C
FY1C_1488,1 33693U 99025DGE 26122.45217898  .00000866  00000+0  84190-3 0  9990,2 33693  99.2276 299.7927 0223805 351.1481   8.5750 13.71706414901604,Fengyun-1C
FY1C_1489,1 33698U 99025DGK 26122.40438712  .00000911  00000+0  19494-3 0  9996,2 33698  99.6401 109.0420 0137247 160.1815 200.4784 14.56209391976830,Fengyun-1C
FY1C_1490,1 33701U 99025DGN 26124.30533018  .00001958  00000+0  11900-2 0  9992,2 33701  98.6721  76.9001 0132678 147.5909 213.3494 14.03040932925046,Fengyun-1C
FY1C_1491,1 33710U 99025DGX 26124.50165171  .00001653  00000+0  91020-3 0  9999,2 33710  98.9786 228.4861 0056301 105.4628 255.2771 14.12186840696718,Fengyun-1C
FY1C_1492,1 33711U 99025DGY 26121.43795773  .00000944  00000+0  63085-3 0  9998,2 33711  99.1695 180.5462 0097721  23.1698 351.7287 14.01243604938881,Fengyun-1C
FY1C_1493,1 33716U 99025DHD 26120.52642027  .00000330  00000+0  13223-3 0  9993,2 33716  98.8839  54.4963 0092535 311.5701  47.7575 14.32807756671451,Fengyun-1C
FY1C_1494,1 33718U 99025DHF 26124.02869101  .00001765  00000+0  10077-2 0  9994,2 33718  99.6562 225.6081 0096160 289.0836  69.9937 14.08848427711898,Fengyun-1C
FY1C_1495,1 33719U 99025DHG 26125.13580046  .00001919  00000+0  84991-3 0  9994,2 33719  98.7551 189.6193 0029072  27.2948   1.4486 14.24075876940548,Fengyun-1C
FY1C_1496,1 33722U 99025DHK 26124.31719102  .00000878  00000+0  36909-3 0  9993,2 33722  98.5664 139.6455 0157778 197.3871 162.1868 14.21772587941731,Fengyun-1C
FY1C_1497,1 33723U 99025DHL 26124.21957174  .00002617  00000+0  13293-2 0  9999,2 33723  99.1456 213.1497 0096178 288.9796  98.1250 14.14485019656370,Fengyun-1C
FY1C_1498,1 33724U 99025DHM 26124.25751336  .00000707  00000+0  35119-3 0  9996,2 33724  98.6000 135.5660 0028601 130.0001 290.0038 14.19935063959840,Fengyun-1C
FY1C_1499,1 33726U 99025DHP 26124.81474462  .00000472  00000+0  22548-3 0  9993,2 33726  98.6539 249.5654 0191100 341.6637 171.8754 14.14611110939543,Fengyun-1C
FY1C_1500,1 33728U 99025DHR 26124.18959081  .00007496  00000+0  56896-3 0  9996,2 33728  98.9592 205.0640 0144574 116.8090 244.7996 14.94551965  4277,Fengyun-1C
FY1C_1501,1 33730U 99025DHT 26124.46894007  .00005501  00000+0  10032-2 0  9992,2 33730  99.0376 201.3344 0036595 291.8587  67.8724 14.66044820977694,Fengyun-1C
FY1C_1502,1 33731U 99025DHU 26125.03982647  .00000403  00000+0  30698-3 0  9992,2 33731  99.4306 155.7356 0127451  28.0205 332.7741 13.95944653924482,Fengyun-1C
FY1C_1503,1 33733U 99025DHW 26124.75956948  .00007841  00000+0  27488-2 0  9992,2 33733  99.0944 222.0546 0078185 115.6647  35.2393 14.33614923924956,Fengyun-1C
FY1C_1504,1 33737U 99025DJA 26124.04395226  .00001792  00000+0  10887-2 0  9998,2 33737  98.3409 311.2340 0126441 239.2436 249.4533 14.03530902907361,Fengyun-1C
FY1C_1505,1 33738U 99025DJB 26124.47127718  .00000735  00000+0  45762-3 0  9992,2 33738  99.1281 189.3858 0186908 349.2314  21.9552 13.99853286912332,Fengyun-1C
FY1C_1506,1 33740U 99025DJD 26124.31772779  .00000185  00000+0  12325-3 0  9999,2 33740  98.6810 137.8437 0002609 101.7062 258.4403 14.12404092921597,Fengyun-1C
FY1C_1507,1 33741U 99025DJE 26125.20963788  .00004218  00000+0  21912-2 0  9993,2 33741  98.5632  37.0861 0128812  40.7475 320.3246 14.11022007588859,Fengyun-1C
FY1C_1508,1 33745U 99025DJJ 26122.56070459  .00002148  00000+0  95684-3 0  9995,2 33745  99.0981 169.4710 0053397 222.6753 137.0271 14.23186076680049,Fengyun-1C
FY1C_1509,1 33747U 99025DJL 26125.22474530  .00005100  00000+0  23763-2 0  9990,2 33747  99.0915 228.3868 0090923 170.1701 190.1280 14.18751731921669,Fengyun-1C
FY1C_1510,1 33748U 99025DJM 26125.09693887  .00001798  00000+0  66860-3 0  9999,2 33748  98.5680 179.7744 0036824 175.3419 184.8114 14.32947086934462,Fengyun-1C
FY1C_1511,1 35088U 99025DJQ 26113.05361659  .00011919  00000+0  43681-2 0  9991,2 35088  94.6190 230.4732 0261238 153.3478 208.1414 14.15631972606550,Fengyun-1C
FY1C_1512,1 35089U 99025DJR 26123.24156741  .00000813  00000+0  40156-3 0  9994,2 35089  98.5561 133.3757 0028243  17.6935 342.5219 14.19849482628833,Fengyun-1C
FY1C_1513,1 35090U 99025DJS 26125.02997022  .00001964  00000+0  96026-3 0  9994,2 35090  99.1885 147.8022 0053650 331.4834  28.3408 14.18457967682810,Fengyun-1C
FY1C_1514,1 35091U 99025DJT 26125.05752313  .00013928  00000+0  25104-2 0  9991,2 35091  98.5971 240.5051 0045900 206.7376 153.1459 14.65956385920242,Fengyun-1C
FY1C_1515,1 35102U 99025DKE 26115.29149726  .00000998  00000+0  40113-3 0  9998,2 35102  98.4832 126.9353 0060788  59.2817 301.4335 14.29255180668205,Fengyun-1C
FY1C_1516,1 35104U 99025DKG 26123.25516700  .00000719  00000+0  35206-3 0  9993,2 35104  98.5947 131.0365 0032047  92.9707 278.4255 14.20592278917769,Fengyun-1C
FY1C_1517,1 35105U 99025DKH 26124.24627070  .00001092  00000+0  29970-3 0  9993,2 35105  98.9572 118.0822 0110946 349.7848  10.1088 14.45797029965525,Fengyun-1C
FY1C_1518,1 35109U 99025DKM 26124.92921367  .00000556  00000+0  24606-3 0  9993,2 35109  98.6279 115.8376 0151953 340.1082  19.4210 14.21084655661932,Fengyun-1C
FY1C_1519,1 35111U 99025DKP 26119.50769774  .00000661  00000+0  39288-3 0  9995,2 35111  99.4532 210.4084 0021992 197.2317 162.8107 14.11197313660870,Fengyun-1C
FY1C_1520,1 35116U 99025DKU 26124.39241284  .00001584  00000+0  67353-3 0  9993,2 35116  98.6429 173.4743 0057265 354.8043   5.2536 14.25754026619921,Fengyun-1C
FY1C_1521,1 35121U 99025DKZ 26124.38721443  .00000455  00000+0  27445-3 0  9992,2 35121  98.2860 340.5177 0158379  51.3067 310.2147 14.04853192630946,Fengyun-1C
FY1C_1522,1 35122U 99025DLA 26119.27914620  .00000483  00000+0  27424-3 0  9994,2 35122  98.6619 138.6058 0026102 125.4090 234.9527 14.14292645658118,Fengyun-1C
FY1C_1523,1 35123U 99025DLB 26123.25166742  .00000838  00000+0  37685-3 0  9996,2 35123  99.1252 316.3765 0049552  32.4391 327.9816 14.24552136630886,Fengyun-1C
FY1C_1524,1 35125U 99025DLD 26124.27774861  .00002340  00000+0  83832-3 0  9993,2 35125  98.2100 133.1594 0050750 226.4109 133.2859 14.34135334333242,Fengyun-1C
FY1C_1525,1 35135U 99025DLP 26124.30405242  .00000622  00000+0  28671-3 0  9993,2 35135  98.5620 134.1671 0080444 229.1501 130.2686 14.22855712898516,Fengyun-1C
FY1C_1526,1 35139U 99025DLT 26121.26626691  .00000629  00000+0  30134-3 0  9996,2 35139  98.5838 127.6144 0067420 252.5083 106.8718 14.21342973661351,Fengyun-1C
FY1C_1527,1 35140U 99025DLU 26124.88894933  .00000240  00000+0  87573-4 0  9994,2 35140  98.4633 105.4663 0289350 269.3278  87.4742 14.21507961893128,Fengyun-1C
FY1C_1528,1 35142U 99025DLW 26118.46782612  .00000136  00000+0  13727-3 0  9996,2 35142  99.0558 112.0638 0107753 202.5170 312.6180 13.90588296875893,Fengyun-1C
FY1C_1529,1 35144U 99025DLY 26123.60814027  .00011397  00000+0  22052-2 0  9997,2 35144  98.7044 251.2560 0024490 284.6651  75.1835 14.63328685672856,Fengyun-1C
FY1C_1530,1 35147U 99025DMB 26125.04906264  .00018873  00000+0  25413-2 0  9995,2 35147  99.4791 228.0546 0029611 121.9447 238.4645 14.78956877764196,Fengyun-1C
FY1C_1531,1 35152U 99025DMG 26124.80191438  .00000642  00000+0  61183-3 0  9993,2 35152  99.8252 317.1248 0193703   5.5365 354.7864 13.76671418641615,Fengyun-1C
FY1C_1532,1 35153U 99025DMH 26123.02023226  .00004205  00000+0  50891-3 0  9999,2 35153  98.8936  33.6511 0167383   1.6230 358.5484 14.74812140992998,Fengyun-1C
FY1C_1533,1 35154U 99025DMJ 26124.08446273  .00000482  00000+0  21741-3 0  9993,2 35154  99.4382 259.6481 0178051   1.9030 358.2783 14.19215856665965,Fengyun-1C
FY1C_1534,1 35155U 99025DMK 26122.75115773  .00001116  00000+0  54597-3 0  9994,2 35155  98.4958 133.7495 0025663  27.1159 333.1352 14.19671975747146,Fengyun-1C
FY1C_1535,1 35156U 99025DML 26123.39750915  .00000556  00000+0  33223-3 0  9999,2 35156  98.7678 111.2643 0037661 107.6976 252.8312 14.10812433660411,Fengyun-1C
FY1C_1536,1 35159U 99025DMP 26124.19952455  .00005467  00000+0  15018-2 0  9991,2 35159  98.8304 210.3803 0013073 107.4224 282.7040 14.47375056635401,Fengyun-1C
FY1C_1537,1 35160U 99025DMQ 26123.09159408  .00001425  00000+0  42401-3 0  9995,2 35160  99.1682 251.4378 0175773 186.5347 173.3544 14.36364258669602,Fengyun-1C
FY1C_1538,1 35165U 99025DMV 26123.21523769  .00004537  00000+0  15916-2 0  9996,2 35165  98.8749 223.9232 0018324   8.8393 351.3111 14.35440513917494,Fengyun-1C
FY1C_1539,1 35167U 99025DMX 26122.74186970  .00001229  00000+0  35833-3 0  9990,2 35167  98.4585 117.3657 0228862 146.6938 214.8888 14.31738838720372,Fengyun-1C
FY1C_1540,1 35168U 99025DMY 26095.42323022  .00000550  00000+0  27855-3 0  9997,2 35168  98.2661 344.1926 0125018 158.3965 202.2551 14.15674327595321,Fengyun-1C
FY1C_1541,1 35169U 99025DMZ 26121.97462757  .00003367  00000+0  61494-3 0  9993,2 35169  99.1172  24.3771 0150662  42.8247 318.4571 14.59614282678255,Fengyun-1C
FY1C_1542,1 35171U 99025DNB 26121.69966939  .00002072  00000+0  14392-2 0  9992,2 35171  99.0177 274.9814 0134580 295.2902  63.4367 13.95705897905105,Fengyun-1C
FY1C_1543,1 35173U 99025DND 26124.97689652  .00002370  00000+0  22946-2 0  9997,2 35173  99.7737 196.5337 0488046 224.4925 131.6026 13.37952188677449,Fengyun-1C
FY1C_1544,1 35174U 99025DNE 26124.23225134  .00048540  00000+0  24572-2 0  9994,2 35174  98.9615 126.2297 0125216  77.9898 283.5330 15.10173751923081,Fengyun-1C
FY1C_1545,1 35175U 99025DNF 26121.74992011  .00000590  00000+0  28438-3 0  9992,2 35175  98.5722 131.0915 0056765 233.0836 126.5134 14.21539982632243,Fengyun-1C
FY1C_1546,1 35176U 99025DNG 26119.91291659  .00000670  00000+0  34785-3 0  9990,2 35176  98.5706 106.5973 0054096  19.6149 340.7091 14.17213439928855,Fengyun-1C
FY1C_1547,1 35180U 99025DNL 26123.25406697  .00003305  00000+0  14106-2 0  9999,2 35180  99.7400 292.2976 0485905  10.3547 350.7189 13.77017956 19803,Fengyun-1C
FY1C_1548,1 35191U 99025DNX 26122.67193713  .00000237  00000+0  21240-3 0  9997,2 35191  99.0341 105.6686 0102493 184.9907 175.0240 13.91282422898611,Fengyun-1C
FY1C_1549,1 35194U 99025DPA 26119.52342774  .00003203  00000+0  59954-3 0  9992,2 35194  98.9402 218.8715 0110788  14.9873 345.4565 14.61760947674021,Fengyun-1C
FY1C_1550,1 35195U 99025DPB 26118.56230797  .00002873  00000+0  60482-3 0  9997,2 35195  98.9821 228.4250 0100554  13.8525 346.5394 14.57280075929186,Fengyun-1C
FY1C_1551,1 35196U 99025DPC 26124.31434091  .00001168  00000+0  45258-3 0  9991,2 35196  98.5282 139.5692 0211762 284.8655  87.9614 14.20401460911583,Fengyun-1C
FY1C_1552,1 35199U 99025DPF 26112.19539391  .00001837  00000+0  12359-2 0  9994,2 35199  98.4415 255.9075 0116652 203.7143 155.8621 13.98511370940081,Fengyun-1C
FY1C_1553,1 35200U 99025DPG 26125.14146031  .00000311  00000+0  42563-3 0  9998,2 35200  98.8906  90.5907 0353529  59.1454   3.7117 13.42061860678277,Fengyun-1C
FY1C_1554,1 35201U 99025DPH 26124.88826475  .00000112  00000+0  86019-4 0  9990,2 35201  98.7051 134.5815 0006413 196.1711 282.1878 14.11111807890389,Fengyun-1C
FY1C_1555,1 35202U 99025DPJ 26125.09780525  .00000448  00000+0  65169-3 0  9994,2 35202 100.0718 173.4173 0376949  25.9588 335.9922 13.34953544588894,Fengyun-1C
FY1C_1556,1 35203U 99025DPK 26125.19780279  .00001451  00000+0  16468-2 0  9994,2 35203 102.0826 121.1644 0514194 205.7493 151.7180 13.26947621615531,Fengyun-1C
FY1C_1557,1 35204U 99025DPL 26123.06269106  .00006547  00000+0  16472-2 0  9996,2 35204  99.0033 326.3190 0035411 259.7592 256.2644 14.51185052929783,Fengyun-1C
FY1C_1558,1 35207U 99025DPP 26124.24838567  .00008549  00000+0  18278-2 0  9993,2 35207  98.6910 233.6354 0054107 178.3971 181.7410 14.58130168669797,Fengyun-1C
FY1C_1559,1 35208U 99025DPQ 26124.32872478  .00001450  00000+0  96603-3 0  9995,2 35208  98.8863 144.6132 0103787 118.8961 242.2664 14.00116900925580,Fengyun-1C
FY1C_1560,1 35210U 99025DPS 26122.52097146  .00005299  00000+0  18304-2 0  9995,2 35210  99.0948 138.7573 0048777 185.8361 325.8178 14.35566803921413,Fengyun-1C
FY1C_1561,1 35217U 99025DPZ 26123.10317596  .00002131  00000+0  22582-2 0  9996,2 35217 101.8807  72.6072 0299741 328.9122  29.4571 13.58155045631384,Fengyun-1C
FY1C_1562,1 35220U 99025DQC 26124.18496512  .00002789  00000+0  12328-2 0  9991,2 35220  99.0136 202.7111 0042773 257.5688 102.0702 14.23603067652096,Fengyun-1C
FY1C_1563,1 35223U 99025DQF 26122.96501211  .00004942  00000+0  43772-3 0  9992,2 35223  98.9785 129.5534 0122917 233.5511 125.4324 14.91174378959856,Fengyun-1C
FY1C_1564,1 35229U 99025DQM 26125.03265344  .00025903  00000+0  43862-2 0  9992,2 35229  98.4466 212.9211 0041471 128.7791 231.7129 14.68687363666049,Fengyun-1C
FY1C_1565,1 35231U 99025DQP 26123.84328431 -.00000004  00000+0  19827-4 0  9991,2 35231  98.6952 168.5069 0037669  40.6867 319.7110 14.14539873935118,Fengyun-1C
FY1C_1566,1 35233U 99025DQR 26124.80170975  .00005651  00000+0  16511-2 0  9995,2 35233  98.7687 233.0315 0040877 191.5846 320.8656 14.43944458932392,Fengyun-1C
FY1C_1567,1 35234U 99025DQS 26124.53410109  .00004449  00000+0  74781-3 0  9990,2 35234  98.0514 154.9352 0099027 170.4583 189.8533 14.66900200964486,Fengyun-1C
FY1C_1568,1 35239U 99025DQX 26122.40572425  .00000603  00000+0  62037-3 0  9998,2 35239  99.2844 282.9734 0223437   4.3675 355.9354 13.69654583600562,Fengyun-1C
FY1C_1569,1 35240U 99025DQY 26124.36235705  .00003189  00000+0  13787-2 0  9993,2 35240  99.3576 100.8418 0047720 106.5682 254.0744 14.24550170951948,Fengyun-1C
FY1C_1570,1 35241U 99025DQZ 26124.22311514  .00002088  00000+0  12712-2 0  9996,2 35241  98.6371  50.8796 0136109 167.9229 192.5257 14.02668030896039,Fengyun-1C
FY1C_1571,1 35242U 99025DRA 26124.12828973  .00002067  00000+0  23792-2 0  9995,2 35242  99.9622 182.5258 0303463 195.0118 194.7524 13.52706337600522,Fengyun-1C
FY1C_1572,1 35243U 99025DRB 26124.22694791  .00024040  00000+0  21944-2 0  9998,2 35243  98.8702 225.5813 0058585 159.0655 201.2979 14.93747694931233,Fengyun-1C
FY1C_1573,1 35244U 99025DRC 26123.39240414  .00000964  00000+0  58987-3 0  9992,2 35244  98.8203 165.2824 0072510 119.7221 241.1190 14.06909080678136,Fengyun-1C
FY1C_1574,1 35245U 99025DRD 26124.22025652  .00002506  00000+0  13205-2 0  9998,2 35245  99.0767 216.8884 0058342 227.6325 160.9522 14.14032878897901,Fengyun-1C
FY1C_1575,1 36147U 99025DRU 26120.42537789  .00001150  00000+0  10906-2 0  9996,2 36147  98.5100 173.4634 0438115 266.4657  88.6291 13.46952332618649,Fengyun-1C
FY1C_1576,1 36148U 99025DRV 26124.26201259  .00002583  00000+0  16877-2 0  9997,2 36148  98.4177 325.9797 0273878 320.1341  37.9981 13.86342199922186,Fengyun-1C
FY1C_1577,1 36152U 99025DRZ 26123.36006569  .00001812  00000+0  89410-3 0  9997,2 36152  98.7418 166.0183 0056006 165.0229 195.2620 14.17878975661637,Fengyun-1C
FY1C_1578,1 36153U 99025DSA 26124.72259147  .00005535  00000+0  13731-2 0  9999,2 36153  98.5881 222.8879 0028847 335.4684  24.5137 14.52022909670378,Fengyun-1C
FY1C_1579,1 36160U 99025DSH 26098.26965160  .00000500  00000+0  26281-3 0  9997,2 36160  98.1377 294.4698 0134807 174.9695 185.2871 14.13352099616988,Fengyun-1C
FY1C_1580,1 36163U 99025DSL 26123.55597611  .00013977  00000+0  26249-2 0  9998,2 36163  99.0778 346.5028 0036814   5.8212 354.3409 14.64378204912592,Fengyun-1C
FY1C_1581,1 36167U 99025DSQ 26124.02905294  .00002608  00000+0  66078-3 0  9999,2 36167  98.8137  42.6617 0068129 173.8550 186.3494 14.50411421693413,Fengyun-1C
FY1C_1582,1 36173U 99025DSW 26118.11621940  .00000550  00000+0  22332-3 0  9991,2 36173  98.2343  71.7929 0147213 143.1996 217.9400 14.25434184610339,Fengyun-1C
FY1C_1583,1 36180U 99025DTD 26116.42684161  .00000925  00000+0  35750-3 0  9999,2 36180  98.4342 179.2426 0209421 359.2406   0.8425 14.21148651724968,Fengyun-1C
FY1C_1584,1 36182U 99025DTF 26125.05915955  .00003255  00000+0  11335-2 0  9999,2 36182  99.0965  65.2517 0022393  23.7613 336.4600 14.35990000900133,Fengyun-1C
FY1C_1585,1 36188U 99025DTM 26124.75537049  .00011342  00000+0  21081-2 0  9990,2 36188  98.5851 235.8663 0045050 219.7126 140.0774 14.64668741901436,Fengyun-1C
FY1C_1586,1 36198U 99025DTX 26125.01884696  .00002560  00000+0  14453-2 0  9991,2 36198  98.6048 152.9530 0098027  69.9140 291.2548 14.08668312656045,Fengyun-1C
FY1C_1587,1 36199U 99025DTY 26123.31787733  .00000619  00000+0  24521-3 0  9998,2 36199  98.2784 142.6367 0091733   8.5109 351.7604 14.29874827670037,Fengyun-1C
FY1C_1588,1 36200U 99025DTZ 26123.11113092  .00017529  00000+0  32661-2 0  9991,2 36200  99.3810 221.0416 0029757 297.1539  62.6627 14.64828417754263,Fengyun-1C
FY1C_1589,1 36203U 99025DUC 26124.15631001  .00009875  00000+0  11929-2 0  9993,2 36203  99.1126  91.8738 0080258  63.3598 297.5803 14.81694001655359,Fengyun-1C
FY1C_1590,1 36204U 99025DUD 26125.04060383  .00002654  00000+0  93588-3 0  9992,2 36204  99.2916 237.9368 0020373 109.1189 251.2202 14.35594174964832,Fengyun-1C
FY1C_1591,1 36206U 99025DUF 26111.81506054  .00000804  00000+0  38126-3 0  9996,2 36206  98.4666 134.8414 0029831   2.5702 357.5624 14.21963767662699,Fengyun-1C
FY1C_1592,1 36207U 99025DUG 26124.47691897  .00002472  00000+0  14684-2 0  9998,2 36207  98.5963   6.2063 0139716 282.1612  76.3935 14.03629584619670,Fengyun-1C
FY1C_1593,1 36211U 99025DUL 26124.70752171  .00000915  00000+0  27511-3 0  9996,2 36211  98.5144 119.0311 0265961 169.5373 191.1497 14.26546551964072,Fengyun-1C
FY1C_1594,1 36216U 99025DUR 26124.31250196  .00000476  00000+0  24620-3 0  9998,2 36216  98.5954 145.3371 0043509 326.7961  33.0487 14.19065347663942,Fengyun-1C
FY1C_1595,1 36218U 99025DUT 26124.35477148  .00004132  00000+0  62985-3 0  9991,2 36218  99.0670 346.7808 0069678 212.2822 147.4109 14.72921451612410,Fengyun-1C
FY1C_1596,1 36224U 99025DUZ 26124.39181034  .00000121  00000+0  83413-4 0  9992,2 36224  98.7546 173.7906 0113681 306.2943  52.7772 14.12835749664468,Fengyun-1C
FY1C_1597,1 36225U 99025DVA 26123.65705335  .00064051  00000+0  27823-2 0  9990,2 36225  98.8260 272.3202 0032294 180.4369 179.6840 15.21576833689191,Fengyun-1C
FY1C_1598,1 36226U 99025DVB 26108.33705519  .00001632  00000+0  89365-3 0  9999,2 36226  98.5997 150.4932 0094541  21.2736 339.2326 14.10966261655477,Fengyun-1C
FY1C_1599,1 36229U 99025DVE 26122.43742169  .00002607  00000+0  14919-2 0  9996,2 36229 100.9210  16.3840 0103657 113.3915 247.8189 14.08022836652358,Fengyun-1C
FY1C_1600,1 36230U 99025DVF 26122.47411997  .00001856  00000+0  16528-2 0  9997,2 36230  99.5133 202.4639 0216556 134.2102 227.7062 13.75848889638217,Fengyun-1C
FY1C_1601,1 36231U 99025DVG 26124.88490081  .00000130  00000+0  92737-4 0  9998,2 36231  98.7089 100.5598 0059771 285.7972  73.6615 14.12085226875633,Fengyun-1C
FY1C_1602,1 36232U 99025DVH 26124.70923051  .00000460  00000+0  25420-3 0  9998,2 36232  98.7204 109.8885 0117915 341.4861  18.2038 14.12682507637541,Fengyun-1C
FY1C_1603,1 36234U 99025DVK 26118.92503904  .00000172  00000+0  25775-3 0  9991,2 36234  98.9773 179.7340 0317763  41.9810 320.5217 13.45749191897923,Fengyun-1C
FY1C_1604,1 36236U 99025DVM 26118.84562034  .00000233  00000+0  23460-3 0  9990,2 36236  98.8289 155.7602 0149023 348.9081  10.8801 13.82059639616416,Fengyun-1C
FY1C_1605,1 36238U 99025DVP 26124.37028613  .00000061  00000+0  56204-4 0  9999,2 36238  98.6683  97.0217 0020196 232.9309 127.0017 14.12436266890310,Fengyun-1C
FY1C_1606,1 36244U 99025DVV 26124.26597494  .00003407  00000+0  14256-2 0  9998,2 36244  98.9309 242.4432 0049223 231.5668 128.1088 14.26097093940092,Fengyun-1C
FY1C_1607,1 36247U 99025DVY 26124.29357580  .00001177  00000+0  36214-3 0  9995,2 36247  98.2629 136.1631 0184603 328.1421  30.8704 14.34062383723057,Fengyun-1C
FY1C_1608,1 36255U 99025DWG 26124.09823289  .00001866  00000+0  62789-3 0  9997,2 36255  99.4439  63.3977 0064587 111.0451 265.3732 14.37286748660559,Fengyun-1C
FY1C_1609,1 36258U 99025DWK 26124.92095492  .00002580  00000+0  30570-3 0  9996,2 36258  99.0641 176.8126 0171003  39.9151 321.4484 14.75721255929337,Fengyun-1C
FY1C_1610,1 36260U 99025DWM 26124.43969716  .00000208  00000+0  12850-3 0  9990,2 36260  98.6641 127.5885 0015561 197.8345 162.2285 14.15481495898276,Fengyun-1C
FY1C_1611,1 36261U 99025DWN 26123.04045119  .00000376  00000+0  49260-3 0  9990,2 36261 101.3592  38.9587 0355485 107.4953 256.5347 13.45603221863332,Fengyun-1C
FY1C_1612,1 36262U 99025DWP 26124.42361485  .00000407  00000+0  17960-3 0  9998,2 36262  98.9456  13.5016 0059601 221.0100 138.6591 14.28004511915335,Fengyun-1C
FY1C_1613,1 36263U 99025DWQ 26122.96169891  .00005512  00000+0  15020-2 0  9999,2 36263  98.9906  17.6883 0033749 199.8494 160.1386 14.47491666900277,Fengyun-1C
FY1C_1614,1 36267U 99025DWU 26124.80506284  .00001434  00000+0  78085-3 0  9999,2 36267  98.5718  70.2608 0125702 162.5071 228.0001 14.09723115885452,Fengyun-1C
FY1C_1615,1 36269U 99025DWW 26125.07929167  .00000623  00000+0  20710-3 0  9991,2 36269  99.1267  78.2826 0231688 226.1071 132.0771 14.27699948897613,Fengyun-1C
FY1C_1616,1 36272U 99025DWZ 26115.48273036  .00000496  00000+0  23401-3 0  9994,2 36272  99.1232   0.4931 0167036 249.0131 109.3102 14.17520359655119,Fengyun-1C
FY1C_1617,1 36273U 99025DXA 26121.41632846  .00000483  00000+0  25559-3 0  9995,2 36273  99.5884   6.7821 0096085 319.3039  40.0981 14.16742829682110,Fengyun-1C
FY1C_1618,1 36274U 99025DXB 26123.00243291  .00006005  00000+0  25174-2 0  9993,2 36274  99.1309 207.7615 0062020 184.9911 353.6152 14.25310512649969,Fengyun-1C
FY1C_1619,1 36278U 99025DXF 26122.55609176  .00000576  00000+0  30138-3 0  9998,2 36278  99.1290  49.6238 0059909 251.3369 108.1295 14.17637676954711,Fengyun-1C
FY1C_1620,1 36279U 99025DXG 26125.15978060  .00000216  00000+0  13148-3 0  9992,2 36279  98.5808 102.4851 0062017   4.6833 355.4908 14.14812359910673,Fengyun-1C
FY1C_1621,1 36280U 99025DXH 26123.37079197  .00001420  00000+0  81102-3 0  9992,2 36280  98.7491 153.6375 0062745  25.9368 350.9969 14.10203833883506,Fengyun-1C
FY1C_1622,1 36281U 99025DXJ 26124.23144720  .00002351  00000+0  23776-2 0  9990,2 36281  99.2594  43.8424 0289739 104.6573 258.6876 13.61171988864554,Fengyun-1C
FY1C_1623,1 36283U 99025DXL 26123.27299578  .00033807  00000+0  17103-2 0  9994,2 36283  99.4271 126.0129 0052217 309.7692  49.8941 15.15754199688037,Fengyun-1C
FY1C_1624,1 36644U 99025DXN 26120.29334502  .00001708  00000+0  17938-2 0  9992,2 36644  98.4335 244.7563 0286632 175.7910 184.5744 13.59586265634506,Fengyun-1C
FY1C_1625,1 36645U 99025DXP 26122.82439723  .00000865  00000+0  92051-3 0  9998,2 36645  98.5112 255.5820 0294440  33.4966 328.4422 13.59121248594631,Fengyun-1C
FY1C_1626,1 36647U 99025DXR 26123.52369727  .00004248  00000+0  27632-2 0  9995,2 36647  96.1211 220.9357 0235683 245.4344 112.2097 13.90116641323810,Fengyun-1C
FY1C_1627,1 36652U 99025DXW 26124.18584678  .00002647  00000+0  11581-2 0  9995,2 36652  98.9325 213.5668 0048948 303.0877  56.5607 14.24008200663513,Fengyun-1C
FY1C_1628,1 36657U 99025DYB 26118.43567812  .00002585  00000+0  44013-3 0  9990,2 36657  99.4283 294.3931 0103035  12.4068 347.9633 14.66734229682597,Fengyun-1C
FY1C_1629,1 36659U 99025DYD 26121.78185899  .00000729  00000+0  61057-3 0  9990,2 36659  99.8502 137.8810 0136526  66.6008 294.9438 13.87619021623672,Fengyun-1C
FY1C_1630,1 36664U 99025DYJ 26124.29440857  .00000166  00000+0  87820-4 0  9995,2 36664  98.5890 149.4904 0173229  49.1276 312.4764 14.18027780657711,Fengyun-1C
FY1C_1631,1 36668U 99025DYN 26119.30887446  .00000999  00000+0  52351-3 0  9998,2 36668  98.6062 129.9986 0051652 189.7899 170.2274 14.15747052593642,Fengyun-1C
FY1C_1632,1 36678U 99025DYY 26110.66263359  .00000628  00000+0  19494-3 0  9990,2 36678  98.3083  93.7709 0149696 325.9060  33.2580 14.38338486668423,Fengyun-1C
FY1C_1633,1 36679U 99025DYZ 26102.72347650  .00000560  00000+0  36292-3 0  9996,2 36679  98.8431 100.7174 0086419 114.6111 246.4091 14.04878250262475,Fengyun-1C
FY1C_1634,1 36680U 99025DZA 26121.73823131  .00000720  00000+0  30724-3 0  9995,2 36680  98.5593 114.0466 0187945 204.4562 336.6759 14.18987534662826,Fengyun-1C
FY1C_1635,1 36681U 99025DZB 26122.20877173  .00000984  00000+0  57068-3 0  9996,2 36681  98.7032 121.3243 0043180 311.8299  47.9189 14.10602265747384,Fengyun-1C
FY1C_1636,1 36682U 99025DZC 26123.13447785  .00001065  00000+0  10322-2 0  9994,2 36682  98.4775  15.4452 0230575 259.5313  97.9782 13.70520263633292,Fengyun-1C
FY1C_1637,1 36684U 99025DZE 26121.30378934  .00223831  00000+0  91501-2 0  9997,2 36684  99.4408 250.2892 0014029 340.6298  19.4398 15.23263490680057,Fengyun-1C
FY1C_1638,1 36686U 99025DZG 26122.86581369  .00005409  00000+0  67458-3 0  9993,2 36686  98.9939 335.8252 0099763 331.1636  28.4080 14.79439296679371,Fengyun-1C
FY1C_1639,1 36687U 99025DZH 26125.04659926  .00000097  00000+0  84237-4 0  9995,2 36687  98.7025 210.6835 0090518 222.4573 136.9569 14.04636900647342,Fengyun-1C
FY1C_1640,1 36689U 99025DZK 26120.62778864  .00001710  00000+0  12984-2 0  9990,2 36689  98.4731   4.2439 0307068 282.1539  74.5376 13.75095724601217,Fengyun-1C
FY1C_1641,1 36692U 99025DZN 26117.56259635  .00000686  00000+0  53109-3 0  9999,2 36692  99.9945  39.5000 0114862  14.2721 346.1637 13.93660757616975,Fengyun-1C
FY1C_1642,1 36695U 99025DZR 26118.67193007  .00001565  00000+0  31488-3 0  9998,2 36695  98.2384 100.7141 0256524  74.2587 288.6736 14.44177747915445,Fengyun-1C
FY1C_1643,1 36696U 99025DZS 26122.80284988  .00004592  00000+0  14392-2 0  9995,2 36696  98.9835 143.7992 0020582 267.8181  92.0650 14.40998616664263,Fengyun-1C
FY1C_1644,1 36699U 99025DZV 26125.20348991  .00000616  00000+0  27106-3 0  9991,2 36699  98.5683 121.1282 0094979  72.7056 288.4489 14.24497084753692,Fengyun-1C
FY1C_1645,1 36701U 99025DZX 26124.28903247  .00001915  00000+0  17275-2 0  9991,2 36701 102.7528 130.0195 0256140 288.5194  68.8268 13.72116016630935,Fengyun-1C
FY1C_1646,1 36703U 99025DZZ 26101.69892527  .00003349  00000+0  14407-2 0  9998,2 36703  97.8096 260.7601 0096336 311.3156  47.9762 14.22728927599764,Fengyun-1C
FY1C_1647,1 36707U 99025EAD 26124.36449584  .00001252  00000+0  62747-3 0  9994,2 36707  98.7336 173.2199 0050053  74.2004 286.4682 14.17779964661007,Fengyun-1C
FY1C_1648,1 36710U 99025EAG 26122.44089416  .00005331  00000+0  13091-2 0  9998,2 36710  98.3610 183.8137 0067433 112.3318 248.5042 14.51373490669934,Fengyun-1C
FY1C_1649,1 36711U 99025EAH 26122.37483603  .00009102  00000+0  24843-2 0  9994,2 36711 100.7908 184.0692 0097915 175.0632 185.1540 14.44814510663405,Fengyun-1C
FY1C_1650,1 36716U 99025EAN 26124.50206905  .00000217  00000+0  19928-3 0  9991,2 36716  99.2322  47.1024 0148098 204.3804 155.0299 13.88511835649127,Fengyun-1C
FY1C_1651,1 36719U 99025EAR 26120.60264874  .00003081  00000+0  10409-2 0  9996,2 36719  98.5392 266.2834 0082361  58.6606 302.2607 14.35694188663437,Fengyun-1C
FY1C_1652,1 36724U 99025EAW 26124.59800045  .00003893  00000+0  15450-2 0  9992,2 36724  99.4570 172.6737 0104494 151.6037   2.4187 14.26462353595081,Fengyun-1C
FY1C_1653,1 36729U 99025EBB 26124.21591022  .00000315  00000+0  19897-3 0  9994,2 36729  98.7253 106.6881 0045452 210.6970 149.1541 14.10464633892600,Fengyun-1C
FY1C_1654,1 36734U 99025EBG 26124.41263681  .00002779  00000+0  11545-2 0  9996,2 36734  99.0422 181.0552 0037015 168.4237 191.7802 14.26935283847684,Fengyun-1C
FY1C_1655,1 36736U 99025EBJ 26124.99453369  .00003014  00000+0  12427-2 0  9998,2 36736  98.7928 204.0745 0060603  85.6022 275.2079 14.26587513906571,Fengyun-1C
FY1C_1656,1 36743U 99025EBR 26110.36001154  .00001849  00000+0  72584-3 0  9998,2 36743  98.6402 162.7154 0046178 357.1786   2.9129 14.29972327625757,Fengyun-1C
FY1C_1657,1 36986U 99025EBS 26122.91533578  .00003589  00000+0  17885-2 0  9996,2 36986  99.1341 197.3643 0087106 203.1626 156.5610 14.15641559837414,Fengyun-1C
FY1C_1658,1 36987U 99025EBT 26115.98608845  .00000801  00000+0  10423-2 0  9991,2 36987 100.8111  12.3551 0319997  88.5316 275.2439 13.46071412626839,Fengyun-1C
FY1C_1659,1 36990U 99025EBW 26122.97176757  .00000401  00000+0  45352-3 0  9990,2 36990  96.5900  30.1571 0290503 356.8959   3.0377 13.57116376848032,Fengyun-1C
FY1C_1660,1 36994U 99025ECA 26124.83185185  .00000062  00000+0  78422-4 0  9994,2 36994  98.6652  82.3499 0114237 259.3992  99.4284 13.90842904828960,Fengyun-1C
FY1C_1661,1 36995U 99025ECB 26122.92096475  .00000260  00000+0  18529-3 0  9997,2 36995  98.3246 355.2075 0038193 269.0632  90.6161 14.04903978655391,Fengyun-1C
FY1C_1662,1 36996U 99025ECC 26119.17465030  .00001432  00000+0  59347-3 0  9993,2 36996  98.2415 265.3832 0251111 312.4844 229.4786 14.12415155616314,Fengyun-1C
FY1C_1663,1 37003U 99025ECK 26123.85577229  .00000515  00000+0  38684-3 0  9999,2 37003  98.8325 146.9050 0097679 130.0959  47.1772 13.96490922626401,Fengyun-1C
FY1C_1664,1 37006U 99025ECN 26120.55890463  .00001982  00000+0  35190-3 0  9992,2 37006  99.2899  28.3750 0252234 195.3399 164.0046 14.49986252671258,Fengyun-1C
FY1C_1665,1 37008U 99025ECQ 26122.06404528  .00001669  00000+0  98689-3 0  9999,2 37008  99.1464 247.6664 0060272 223.9981 135.6382 14.08282974622899,Fengyun-1C
FY1C_1666,1 37017U 99025ECZ 26122.13568348  .00006097  00000+0  11738-2 0  9997,2 37017  98.8069  76.0764 0274561 306.6711  50.9524 14.42628745631849,Fengyun-1C
FY1C_1667,1 37018U 99025EDA 26124.39563352  .00013558  00000+0  31401-2 0  9997,2 37018  98.4989 343.0428 0191271 209.9905 149.0221 14.44556278655873,Fengyun-1C
FY1C_1668,1 37021U 99025EDD 26120.52145972  .00001231  00000+0  39414-3 0  9994,2 37021  98.3762 137.7402 0174773 199.1114 315.6918 14.32974583720412,Fengyun-1C
FY1C_1669,1 37028U 99025EDL 26118.57688388  .00003745  00000+0  16421-2 0  9990,2 37028  99.2456  38.1647 0034524  69.5146 290.9731 14.23972426624222,Fengyun-1C
FY1C_1670,1 37036U 99025EDU 26123.68449689  .00000751  00000+0  47102-3 0  9991,2 37036  98.7262 115.6572 0123568  17.5872 342.9518 14.03747147657397,Fengyun-1C
FY1C_1671,1 37042U 99025EEA 26123.62876144  .00017044  00000+0  21545-2 0  9997,2 37042  98.5984 257.8828 0047288 300.7988  58.8572 14.81139288748947,Fengyun-1C
FY1C_1672,1 37044U 99025EEC 26123.01827267  .00007450  00000+0  32504-2 0  9991,2 37044  98.9611 225.4590 0504213 146.6322 216.7707 13.72585898857950,Fengyun-1C
FY1C_1673,1 37046U 99025EEE 26120.32229318  .00001394  00000+0  60276-3 0  9996,2 37046  98.5370 135.9120 0048096 261.6365  97.9361 14.25333507661552,Fengyun-1C
FY1C_1674,1 37047U 99025EEF 26123.88058560  .00003505  00000+0  25685-2 0  9990,2 37047  99.1190 177.8484 0234539 192.4839 167.0443 13.84231008640491,Fengyun-1C
FY1C_1675,1 37048U 99025EEG 26124.40243465  .00000287  00000+0  31977-3 0  9996,2 37048  98.8733 338.8488 0254155 135.7591 348.4745 13.65258624641162,Fengyun-1C
FY1C_1676,1 37053U 99025EEM 26123.58325757  .00006746  00000+0  15350-2 0  9997,2 37053  99.1477 247.7824 0041813 106.0959 312.3336 14.55736437671008,Fengyun-1C
FY1C_1677,1 37054U 99025EEN 26123.21568529  .00000636  00000+0  30483-3 0  9991,2 37054  98.5683 105.9780 0101104  56.7102 304.3710 14.19663352664361,Fengyun-1C
FY1C_1678,1 37056U 99025EEQ 26123.86155346  .00002514  00000+0  40823-3 0  9999,2 37056  98.9648 160.7357 0267457  78.3762 284.7318 14.51094142674720,Fengyun-1C
FY1C_1679,1 37057U 99025EER 26121.29043692  .00000306  00000+0  17877-3 0  9995,2 37057  98.9165 136.9890 0285034 114.7622 248.3484 13.96326792655459,Fengyun-1C
FY1C_1680,1 37060U 99025EEU 26121.43725272  .00000451  00000+0  32297-3 0  9990,2 37060  99.0741 183.0272 0079931 323.5826  35.9916 14.00849590646626,Fengyun-1C
FY1C_1681,1 37061U 99025EEV 26122.37025179  .00004754  00000+0  24141-2 0  9992,2 37061  98.0591 159.6943 0796241  16.8947 345.7132 13.15209725100025,Fengyun-1C
FY1C_1682,1 37064U 99025EEY 26117.21936178  .00007100  00000+0  33018-2 0  9993,2 37064  98.9063 274.5667 0103530  77.3879 283.8850 14.18062739834546,Fengyun-1C
FY1C_1683,1 37065U 99025EEZ 26121.34159567  .00001508  00000+0  16076-2 0  9993,2 37065 103.2824 350.3243 0291898 300.6658  56.5995 13.59732838240990,Fengyun-1C
FY1C_1684,1 37067U 99025EFB 26123.11879650  .00004273  00000+0  25497-2 0  9993,2 37067  99.5288  76.0321 0146724  86.3293 275.4637 14.02565223593898,Fengyun-1C
FY1C_1685,1 37069U 99025EFD 26117.05283928  .00001270  00000+0  14509-2 0  9994,2 37069  95.8501  35.4474 0420093 251.9414 103.5541 13.38642425895184,Fengyun-1C
FY1C_1686,1 37077U 99025EFM 26123.70168191  .00000897  00000+0  27687-3 0  9992,2 37077  99.0195 211.7992 0094274 268.5200  90.5187 14.41580607870000,Fengyun-1C
FY1C_1687,1 37079U 99025EFP 26124.66247566  .00015420  00000+0  28437-2 0  9995,2 37079  98.8645 275.0417 0010821  69.0953 291.1405 14.65562144667052,Fengyun-1C
FY1C_1688,1 37081U 99025EFR 26123.68762394  .00009678  00000+0  33693-2 0  9998,2 37081  98.6894 277.9542 0253110 301.8757  55.8013 14.19188381605843,Fengyun-1C
FY1C_1689,1 37400U 99025EFS 26123.23480756  .00000678  00000+0  51951-3 0  9992,2 37400  98.8380 313.1518 0401933 125.8941 238.0218 13.63838399821226,Fengyun-1C
FY1C_1690,1 37404U 99025EFW 26123.49195948  .00001776  00000+0  66714-3 0  9993,2 37404  98.4553 127.7190 0045171 103.3587  48.1087 14.32216924847692,Fengyun-1C
FY1C_1691,1 37406U 99025EFY 26123.89478485  .00001186  00000+0  69393-3 0  9990,2 37406  98.4327 351.1266 0147869 223.6219 149.4544 14.04738076652283,Fengyun-1C
FY1C_1692,1 37415U 99025EGH 26122.51452566  .00000357  00000+0  46491-3 0  9993,2 37415  98.9820 222.2155 0285003 182.8060 177.1491 13.52186674642241,Fengyun-1C
FY1C_1693,1 37417U 99025EGK 26121.71867981  .00000308  00000+0  20280-3 0  9991,2 37417  98.8070 115.9332 0078062 226.1060 133.3646 14.07552374703194,Fengyun-1C
FY1C_1694,1 37418U 99025EGL 26122.83662553  .00000871  00000+0  21526-2 0  9992,2 37418  98.6080 332.9568 1074407  40.8069 326.8611 11.95271434511700,Fengyun-1C
FY1C_1695,1 37420U 99025EGN 26122.22155203  .00000126  00000+0  11298-3 0  9996,2 37420  98.8720 112.8861 0072692 244.1063 115.2596 13.99891422617309,Fengyun-1C
FY1C_1696,1 37421U 99025EGP 26121.78429505  .00000444  00000+0  53121-3 0  9990,2 37421  98.9065  64.9927 0409349  93.6530 271.1498 13.40673474628229,Fengyun-1C
FY1C_1697,1 37423U 99025EGR 26122.84735799  .00001229  00000+0  74021-3 0  9999,2 37423  98.7679 174.1596 0050277 122.4199 238.1848 14.07925976655953,Fengyun-1C
FY1C_1698,1 37424U 99025EGS 26124.01139878  .00002385  00000+0  93165-3 0  9991,2 37424  97.2066 230.9433 0212966 216.4311 142.2218 14.18643527705902,Fengyun-1C
FY1C_1699,1 37427U 99025EGV 26124.70776402  .00009246  00000+0  53166-3 0  9990,2 37427  98.6430 287.1135 0174676 187.8334 172.0153 15.00678596624656,Fengyun-1C
FY1C_1700,1 37428U 99025EGW 26121.84298694  .00005112  00000+0  17287-2 0  9996,2 37428  97.7119 334.8594 0056016  35.9263 324.5671 14.36321752654469,Fengyun-1C
FY1C_1701,1 37430U 99025EGY 26119.95377635  .00003579  00000+0  13962-2 0  9992,2 37430  98.7525 199.8215 0017235  30.8369 329.3822 14.30219194636768,Fengyun-1C
FY1C_1702,1 37432U 99025EHA 26124.77779914  .00002112  00000+0  40898-3 0  9997,2 37432  98.1767 139.9270 0179638 204.9862 154.2561 14.54586350104555,Fengyun-1C
FY1C_1703,1 37435U 99025EHD 26122.38512719  .00001867  00000+0  84139-3 0  9995,2 37435  98.6308 161.0091 0038698 327.2749  32.6032 14.23029267909396,Fengyun-1C
FY1C_1704,1 37436U 99025EHE 26121.42879108  .00000881  00000+0  54848-3 0  9997,2 37436  98.9121 179.0053 0060061 117.7029 243.0251 14.06611324659623,Fengyun-1C
FY1C_1705,1 37437U 99025EHF 26124.23282596  .00000993  00000+0  46458-3 0  9991,2 37437  98.5942 116.7858 0111571 357.8335  21.7642 14.19204246660129,Fengyun-1C
FY1C_1706,1 37438U 99025EHG 26123.85365996  .00000981  00000+0  51804-3 0  9993,2 37438  98.7228 164.9739 0029611 173.4402 186.7165 14.15879914621464,Fengyun-1C
FY1C_1707,1 37441U 99025EHK 26123.23978994  .00000756  00000+0  10998-2 0  9995,2 37441  99.1439 316.3245 0509337  77.4469 288.3109 13.14531953840316,Fengyun-1C
FY1C_1708,1 37444U 99025EHN 26124.52051610  .00002087  00000+0  39057-3 0  9995,2 37444  99.0724 220.8507 0239980 282.0690  75.3705 14.49340145672183,Fengyun-1C
FY1C_1709,1 37448U 99025EHS 26125.00690848  .00001549  00000+0  92960-3 0  9999,2 37448  99.3042 194.3893 0303374  34.4824 327.5611 13.87875735643627,Fengyun-1C
FY1C_1710,1 37453U 99025EHX 26122.48453985  .00002394  00000+0  18220-2 0  9998,2 37453  97.6398  34.9492 0357334 218.9061 138.5876 13.68220044915495,Fengyun-1C
FY1C_1711,1 37460U 99025EJE 26123.28086656  .00008168  00000+0  20728-2 0  9993,2 37460  98.3862 303.2532 0053247 217.1561 142.5943 14.50190751845390,Fengyun-1C
FY1C_1712,1 37461U 99025EJF 26123.89018305  .00001505  00000+0  26780-2 0  9999,2 37461  99.8668   0.2144 0664397  15.3942 346.6338 12.79565063538529,Fengyun-1C
FY1C_1713,1 37464U 99025EJJ 26124.16247351  .00002134  00000+0  19034-2 0  9991,2 37464 102.7105  91.8900 0451045 165.0292 196.4700 13.48078907628407,Fengyun-1C
FY1C_1714,1 37474U 99025EJU 26121.90661115  .00011141  00000+0  13525-2 0  9996,2 37474  99.1557 350.8786 0127099  59.1005 302.2627 14.78100709644449,Fengyun-1C
FY1C_1715,1 37477U 99025EJX 26122.45834615  .00001396  00000+0  66999-3 0  9992,2 37477  98.6053 128.2609 0038166  61.3135 299.1871 14.20112342839111,Fengyun-1C
FY1C_1716,1 37478U 99025EJY 26123.88998468  .00001487  00000+0  23632-2 0  9995,2 37478  99.6635  96.8149 0546498 352.1617   7.1206 13.03507645584138,Fengyun-1C
FY1C_1717,1 37589U 99025EKH 26123.47190224  .00003715  00000+0  20222-2 0  9995,2 37589  99.0728  32.0480 0112912 226.4308 132.7445 14.09648933845805,Fengyun-1C
FY1C_1718,1 37591U 99025EKK 26125.10127705  .00017480  00000+0  36243-2 0  9998,2 37591  98.4099  77.5209 0063017 273.5778 143.3118 14.58996998685516,Fengyun-1C
FY1C_1719,1 37593U 99025EKM 26122.94354225  .00003662  00000+0  10842-2 0  9992,2 37593  99.0141  11.9020 0149494  61.8943 315.7478 14.37743247881495,Fengyun-1C
FY1C_1720,1 37594U 99025EKN 26118.52901414  .00000365  00000+0  21848-3 0  9996,2 37594  98.7165 149.0499 0084735 241.0519 118.2137 14.11258667796917,Fengyun-1C
FY1C_1721,1 37595U 99025EKP 26120.44897169  .00025743  00000+0  33817-2 0  9997,2 37595  99.0460 351.1352 0020213 295.6831 195.1576 14.80076476646510,Fengyun-1C
FY1C_1722,1 37600U 99025EKU 26123.67513532  .00002474  00000+0  13854-2 0  9996,2 37600  98.9351 278.6459 0350616  26.5249 335.3386 13.84694455904501,Fengyun-1C
FY1C_1723,1 37683U 99025EKY 26119.98835711  .00001824  00000+0  14590-2 0  9998,2 37683  97.9981  15.0820 0582198 132.6062 251.2339 13.32598957310811,Fengyun-1C
FY1C_1724,1 37686U 99025ELB 26122.28123471  .00000421  00000+0  57351-3 0  9996,2 37686  99.0155 129.6641 0396649  53.6553 327.1261 13.35489973625034,Fengyun-1C
FY1C_1725,1 37687U 99025ELC 26122.33952850  .00005039  00000+0  28451-2 0  9992,2 37687  98.1892 145.3370 0328078 330.8562  41.9493 13.86800364852024,Fengyun-1C
FY1C_1726,1 37689U 99025ELE 26123.10230472  .00008336  00000+0  21008-2 0  9993,2 37689  98.9097 177.1850 0021642 170.0343 190.1284 14.51244740598615,Fengyun-1C
FY1C_1727,1 37691U 99025ELG 26123.48874354  .00023659  00000+0  27561-2 0  9995,2 37691  98.3654  33.8573 0262924  69.2918 293.6252 14.63453446877036,Fengyun-1C
FY1C_1728,1 37693U 99025ELJ 26124.47689597  .00000698  00000+0  41874-3 0  9992,2 37693  98.6982 124.2298 0072429  32.6839 119.0799 14.08804860641584,Fengyun-1C
FY1C_1729,1 37694U 99025ELK 26117.42915718  .00003848  00000+0  17119-2 0  9991,2 37694  98.1849 179.5179 0146710  58.8668 318.6839 14.17813665536261,Fengyun-1C
FY1C_1730,1 37695U 99025ELL 26121.83859834  .00001405  00000+0  85344-3 0  9991,2 37695  98.1878 149.0868 0460194 245.7194 299.1075 13.65527959911630,Fengyun-1C
FY1C_1731,1 37701U 99025ELS 26120.62055620  .00008694  00000+0  44570-2 0  9998,2 37701  97.6531 254.2396 0251931 166.7353 260.6388 14.00528334780068,Fengyun-1C
FY1C_1732,1 37704U 99025ELV 26124.47158513  .00001407  00000+0  13159-2 0  9997,2 37704  98.3266 303.7102 0241151 155.2251 236.7635 13.70886310643202,Fengyun-1C
FY1C_1733,1 37707U 99025ELY 26124.37906406  .00001985  00000+0  39772-3 0  9992,2 37707 100.2091 165.4212 0140648 330.3014  43.1329 14.57329670876431,Fengyun-1C
FY1C_1734,1 37712U 99025EMD 26124.15506441  .00000941  00000+0  32293-3 0  9991,2 37712  98.8381 271.7435 0077695 292.9526 245.0899 14.36888642660051,Fengyun-1C
FY1C_1735,1 37714U 99025EMF 26121.28899316  .00005598  00000+0  20034-2 0  9992,2 37714  98.8969 241.6972 0046551  36.1159 324.3153 14.33817918595083,Fengyun-1C
FY1C_1736,1 37715U 99025EMG 26121.81425200  .00000443  00000+0  33681-3 0  9996,2 37715  98.9543 130.6540 0115151  87.5870  89.9750 13.95639519597573,Fengyun-1C
FY1C_1737,1 37717U 99025EMJ 26122.19439080  .00049765  00000+0  33892-2 0  9994,2 37717  98.7479  99.9763 0045163  10.5967   4.8181 15.05251939915031,Fengyun-1C
FY1C_1738,1 37719U 99025EML 26115.39044118  .00003596  00000+0  79232-3 0  9995,2 37719  99.4851 164.8766 0044025 218.6545 155.9093 14.57581501 21854,Fengyun-1C
FY1C_1739,1 37900U 99025EMZ 26123.10894399  .00003733  00000+0  19636-2 0  9993,2 37900 102.2988 253.8890 0210175 245.7685 112.1380 14.04337348617983,Fengyun-1C
FY1C_1740,1 37902U 99025ENB 26123.52936957  .00001912  00000+0  21156-2 0  9995,2 37902  98.6773 331.6020 0318309 301.2551  55.7767 13.53216198648946,Fengyun-1C
FY1C_1741,1 37906U 99025ENF 26111.39098178  .00000255  00000+0  25742-3 0  9990,2 37906  99.5795 159.2472 0163052  48.1265 332.1543 13.80978578612459,Fengyun-1C
FY1C_1742,1 37907U 99025ENG 26123.59644814  .00005238  00000+0  22070-2 0  9996,2 37907  99.0845 246.3096 0061540 138.5742 222.0126 14.25126500852926,Fengyun-1C
FY1C_1743,1 37908U 99025ENH 26123.38965777  .00001315  00000+0  44532-3 0  9998,2 37908  99.1320 169.0281 0074882 104.2934 256.6581 14.37037137660957,Fengyun-1C
FY1C_1744,1 37914U 99025ENP 26104.21880683  .00001229  00000+0  62486-3 0  9990,2 37914  99.2199 106.3033 0068214   9.2603 350.9810 14.16660113639229,Fengyun-1C
FY1C_1745,1 37918U 99025ENT 26124.85102861  .00001253  00000+0  44960-3 0  9995,2 37918  99.0463  85.8617 0054276 224.0009 135.6848 14.34973982 55945,Fengyun-1C
FY1C_1746,1 37919U 99025ENU 26122.57738403  .00001004  00000+0  42590-3 0  9991,2 37919  99.0736  70.5739 0048263 331.0017  28.8483 14.27123616669179,Fengyun-1C
FY1C_1747,1 37921U 99025ENW 26123.35622578  .00000112  00000+0  11096-3 0  9992,2 37921  98.9991 166.2172 0084473  71.0259 290.0034 13.95241547651229,Fengyun-1C
FY1C_1748,1 37925U 99025EPA 26121.43708399  .00014067  00000+0  16640-2 0  9992,2 37925  99.0722  14.2838 0050603 262.3545  97.1916 14.83831994677524,Fengyun-1C
FY1C_1749,1 37926U 99025EPB 26125.13695137  .00002760  00000+0  11752-2 0  9995,2 37926  98.7077 192.2688 0054356 164.9859 225.6373 14.25188744763129,Fengyun-1C
FY1C_1750,1 37927U 99025EPC 26124.18760315  .00026065  00000+0  33711-2 0  9994,2 37927  98.8127 285.7054 0007855 181.1790 178.9403 14.80846361672185,Fengyun-1C
FY1C_1751,1 37928U 99025EPD 26121.93672998  .00001560  00000+0  51953-3 0  9996,2 37928  98.9013   6.5541 0071727 340.8043  19.0442 14.37672090832066,Fengyun-1C
FY1C_1752,1 38116U 99025EPM 26121.39548139  .00001028  00000+0  51554-3 0  9991,2 38116  98.6936 162.2236 0072904 106.5785 270.5243 14.17327650664632,Fengyun-1C
FY1C_1753,1 38119U 99025EPQ 26121.44222105  .00018840  00000+0  71254-2 0  9990,2 38119  98.5873 194.9795 0231874 187.4013 172.3719 14.17507118559876,Fengyun-1C
FY1C_1754,1 38121U 99025EPS 26116.70428838  .00002596  00000+0  95589-3 0  9996,2 38121  99.1310 277.8965 0205244 102.1793 260.2455 14.22475002858387,Fengyun-1C
FY1C_1755,1 38122U 99025EPT 26123.28932885  .00002638  00000+0  58261-3 0  9993,2 38122  98.3199 127.5054 0226781  88.5485 274.1670 14.43386303697807,Fengyun-1C
FY1C_1756,1 38130U 99025EQB 26121.58582863  .00001711  00000+0  14904-2 0  9996,2 38130  98.5908 165.1854 0207308 208.1754 150.8057 13.77831744712082,Fengyun-1C
FY1C_1757,1 38135U 99025EQG 26108.88715682  .00000814  00000+0  28046-3 0  9992,2 38135  98.6376 169.0524 0221981  60.9167 301.4045 14.25680639628524,Fengyun-1C
FY1C_1758,1 38137U 99025EQJ 26124.92945677  .00000255  00000+0  17913-3 0  9996,2 38137  98.8422 169.5316 0046021  28.7808 331.5886 14.06300153657212,Fengyun-1C
FY1C_1759,1 38143U 99025EQQ 26121.89035356  .00000848  00000+0  54449-3 0  9993,2 38143  99.0057 181.9631 0056557 190.3767 169.6237 14.05184523622514,Fengyun-1C
FY1C_1760,1 38144U 99025EQR 26123.22706574  .00001466  00000+0  15445-2 0  9999,2 38144  98.9781 300.9821 0289843 185.2905 174.5154 13.59407167629592,Fengyun-1C
FY1C_1761,1 38146U 99025EQT 26124.05978054  .00003874  00000+0  61045-3 0  9990,2 38146  99.4767 229.9197 0196821  35.6912 143.3457 14.61033461339560,Fengyun-1C
FY1C_1762,1 38147U 99025EQU 26120.32550881  .00001019  00000+0  45835-3 0  9999,2 38147  98.5519 135.7929 0048401 255.3590 104.2220 14.23849270623590,Fengyun-1C
FY1C_1763,1 38149U 99025EQW 26124.70029610  .00000456  00000+0  20105-3 0  9995,2 38149  98.3689 115.4743 0078808 101.6640 259.3398 14.26102784725259,Fengyun-1C
FY1C_1764,1 38155U 99025ERC 26124.50003958  .00004819  00000+0  19043-2 0  9992,2 38155  98.4424  28.7242 0097868  69.9256 291.2426 14.26828026658100,Fengyun-1C
FY1C_1765,1 38157U 99025ERE 26124.72968507  .00002834  00000+0  88392-3 0  9997,2 38157  99.6571  50.3986 0272392  72.5665 290.5093 14.22591009782806,Fengyun-1C
FY1C_1766,1 38159U 99025ERG 26118.98629904  .00000567  00000+0  38508-3 0  9990,2 38159  99.3031  18.8846 0055936 324.4038  35.3402 14.03682227850375,Fengyun-1C
FY1C_1767,1 38166U 99025ERP 26124.25052660  .00005388  00000+0  19463-2 0  9998,2 38166  99.0778 238.8943 0049330 350.9580   9.0709 14.33305740658129,Fengyun-1C
FY1C_1768,1 38169U 99025ERS 26124.71123468  .00015689  00000+0  22313-2 0  9990,2 38169  98.9864 119.2945 0026922 347.6915  12.3631 14.76729674633753,Fengyun-1C
FY1C_1769,1 38173U 99025ERW 26116.02037328  .00004305  00000+0  12285-2 0  9999,2 38173  98.9957  27.5616 0161434  77.5386 284.3810 14.38353730625739,Fengyun-1C
FY1C_1770,1 38491U 99025ESA 26121.96447492  .00000767  00000+0  47276-3 0  9995,2 38491  98.9355 129.2495 0225293   0.4161 359.7150 13.96550509684172,Fengyun-1C
FY1C_1771,1 38492U 99025ESB 26107.46812267  .00003859  00000+0  23073-2 0  9994,2 38492  98.6033 175.9047 0231805 161.0075 199.9914 13.95142305577564,Fengyun-1C
FY1C_1772,1 38493U 99025ESC 26123.62627599  .00000227  00000+0  18912-3 0  9996,2 38493  99.1009  78.9105 0425766 236.9753 118.9809 13.62490951584308,Fengyun-1C
FY1C_1773,1 38494U 99025ESD 26124.79254545  .00006522  00000+0  22601-2 0  9996,2 38494  98.4492  69.7012 0376145 325.4162  32.3049 14.02908922 91581,Fengyun-1C
FY1C_1774,1 38496U 99025ESF 26108.26679467  .00000929  00000+0  53206-3 0  9997,2 38496  98.7607 119.7782 0077536   9.7894 350.4766 14.10406785828048,Fengyun-1C
FY1C_1775,1 38498U 99025ESH 26124.30507208  .00000658  00000+0  11690-2 0  9994,2 38498  99.6952 134.0994 0558900 107.9239 258.3597 12.96877380555917,Fengyun-1C
FY1C_1776,1 38510U 99025ESV 26119.30434141  .00001023  00000+0  53758-3 0  9997,2 38510  98.5995 128.1515 0099112 116.4338 244.7047 14.13681002906138,Fengyun-1C
FY1C_1777,1 38512U 99025ESX 26124.10337987  .00001280  00000+0  11533-2 0  9992,2 38512  98.3709 353.5825 0227783  81.5536 281.1363 13.74381482615259,Fengyun-1C
FY1C_1778,1 38513U 99025ESY 26123.45176667  .00009190  00000+0  74519-3 0  9998,2 38513  97.6208  22.5597 0235691 142.7473 219.0355 14.80595327657500,Fengyun-1C
FY1C_1779,1 38514U 99025ESZ 26124.76725654  .00006315  00000+0  22072-2 0  9992,2 38514  98.0416 146.2635 0249855 315.1826  42.9409 14.19500652900232,Fengyun-1C
FY1C_1780,1 38516U 99025ETB 26118.21808888  .00000375  00000+0  13937-3 0  9999,2 38516  98.4575 104.0776 0111665  80.2606 281.1170 14.34174644868291,Fengyun-1C
FY1C_1781,1 38717U 99025ETJ 26123.01520563  .00002955  00000+0  13683-2 0  9990,2 38717  99.1471 148.1757 0053484 312.9464  77.0110 14.20873239604325,Fengyun-1C
FY1C_1782,1 38722U 99025ETP 26124.58444640  .00009772  00000+0  16681-2 0  9995,2 38722  99.3551 246.2883 0134858  24.1294 336.6144 14.63329302725497,Fengyun-1C
FY1C_1783,1 38724U 99025ETR 26122.47617878  .00007557  00000+0  35031-2 0  9997,2 38724  98.7310 133.7325 0122674  30.0129 330.8004 14.17101722586165,Fengyun-1C
FY1C_1784,1 38725U 99025ETS 26124.16979967  .00006917  00000+0  19681-2 0  9998,2 38725  98.8809 260.5287 0033811 190.6041 169.4440 14.45306366754086,Fengyun-1C
FY1C_1785,1 38727U 99025ETU 26124.95040742  .00001385  00000+0  84554-3 0  9993,2 38727  98.6097 119.9689 0103631 176.3072 212.6204 14.04924563738431,Fengyun-1C
FY1C_1786,1 38728U 99025ETV 26123.28671505  .00006976  00000+0  10531-2 0  9990,2 38728  99.2609 135.1243 0069696 339.5505  76.8404 14.73052483676937,Fengyun-1C
FY1C_1787,1 38789U 99025EUD 26119.51893610  .00003071  00000+0  66659-3 0  9997,2 38789  98.8446  16.7728 0203862 332.4956 154.0419 14.46804225638377,Fengyun-1C
FY1C_1788,1 38795U 99025EUK 26117.72428894  .00001670  00000+0  18215-2 0  9990,2 38795  98.6964 125.0332 0498447 277.5234  76.9556 13.30482561803202,Fengyun-1C
FY1C_1789,1 38797U 99025EUM 26122.47801161  .00000423  00000+0  49877-3 0  9996,2 38797  99.4728  16.3980 0244376 221.7806 136.4450 13.61790662611983,Fengyun-1C
FY1C_1790,1 38799U 99025EUP 26119.96281334  .00003085  00000+0  68648-3 0  9996,2 38799  98.3906 199.9182 0159335 288.2701  70.1212 14.50145316660416,Fengyun-1C
FY1C_1791,1 38801U 99025EUR 26123.38899712  .00001272  00000+0  30175-3 0  9996,2 38801  98.3495 172.7406 0343300 295.1796  79.2702 14.25588780663784,Fengyun-1C
FY1C_1792,1 38803U 99025EUT 26124.47371643  .00003948  00000+0  16714-2 0  9991,2 38803  99.1331 138.9858 0061237 349.5536  10.4366 14.25069843622446,Fengyun-1C
FY1C_1793,1 38809U 99025EUZ 26123.25904617  .00000860  00000+0  34493-3 0  9990,2 38809  98.5857 134.0424 0220298 279.3624  78.2707 14.18565478712129,Fengyun-1C
FY1C_1794,1 38813U 99025EVD 26124.30913743  .00000788  00000+0  38980-3 0  9996,2 38813  99.3472 134.5134 0007248  79.3308 280.8682 14.20496235502749,Fengyun-1C
FY1C_1795,1 38818U 99025EVJ 26114.42411162  .00000818  00000+0  26197-3 0  9992,2 38818  98.2760 171.4336 0088169  60.5773 315.3225 14.39876498691575,Fengyun-1C
FY1C_1796,1 38819U 99025EVK 26117.23012446  .00000716  00000+0  34765-3 0  9994,2 38819  98.6286 111.5095 0080090 163.0717 208.6804 14.19658155654002,Fengyun-1C
FY1C_1797,1 38824U 99025EVQ 26124.85616977  .00004836  00000+0  23684-2 0  9999,2 38824  99.2984 269.4017 0097851 160.3571 200.1412 14.15863514711614,Fengyun-1C
FY1C_1798,1 38827U 99025EVT 26115.31069439  .00001574  00000+0  45416-3 0  9992,2 38827  98.3734 139.1073 0213410 275.2958  82.3912 14.33683110629739,Fengyun-1C
FY1C_1799,1 38829U 99025EVV 26123.47929547  .00000914  00000+0  54314-3 0  9999,2 38829  98.7410 140.3649 0040182 350.9025   9.1414 14.09524459661293,Fengyun-1C
FY1C_1800,1 38832U 99025EVY 26123.85426806  .00001429  00000+0  88657-3 0  9994,2 38832  99.2508 176.0925 0084611  10.4317 349.8580 14.05045004657531,Fengyun-1C
FY1C_1801,1 39537U 99025EWE 26123.86390750  .00001849  00000+0  14940-2 0  9995,2 39537  99.1630 271.1962 0172123 320.5459  38.3265 13.84920852612232,Fengyun-1C
FY1C_1802,1 39540U 99025EWH 26125.06077955  .00002084  00000+0  26068-2 0  9998,2 39540 106.1871  81.6045 0401310  54.1367   5.9613 13.37477271710145,Fengyun-1C
FY1C_1803,1 39543U 99025EWL 26124.33628171  .00000994  00000+0  77532-3 0  9993,2 39543  99.0237 150.8510 0339329 126.8175 236.4614 13.70523722511381,Fengyun-1C
FY1C_1804,1 39544U 99025EWM 26124.45134994  .00000713  00000+0  45676-3 0  9995,2 39544  98.7247   3.4587 0053818 329.0489  30.7511 14.05747409588606,Fengyun-1C
FY1C_1805,1 40688U 99025EWU 26125.18123421  .00000306  00000+0  29015-3 0  9997,2 40688  98.9881 273.3760 0141530   5.6658 354.6060 13.83983812319017,Fengyun-1C
FY1C_1806,1 40689U 99025EWV 26123.04367886  .00001610  00000+0  14585-2 0  9990,2 40689  99.1262  37.8180 0310975  94.0601 269.6147 13.65225640568110,Fengyun-1C
FY1C_1807,1 40691U 99025EWX 26111.34156429  .00000079  00000+0  93360-4 0  9990,2 40691  99.0373 145.0932 0127788 319.3529  39.8145 13.90016193572368,Fengyun-1C
FY1C_1808,1 40695U 99025EXB 26117.64418952  .00000875  00000+0  14404-3 0  9990,2 40695  99.4419 257.5026 0278338 289.4239  67.7069 14.51574309338375,Fengyun-1C
FY1C_1809,1 41003U 99025EXH 26123.08894611  .00022352  00000+0  27522-2 0  9997,2 41003  98.9694  62.8824 0058601 204.8687 154.9696 14.81738782545070,Fengyun-1C
FY1C_1810,1 41005U 99025EXK 26109.83694845  .00001480  00000+0  82708-3 0  9990,2 41005  98.9426 141.0983 0572585 125.6897 239.8933 13.51213326541101,Fengyun-1C
FY1C_1811,1 41006U 99025EXL 26123.03543060  .00003983  00000+0  30565-2 0  9994,2 41006 102.3672  43.5634 0185746  34.1433 327.1497 13.86317846594466,Fengyun-1C
FY1C_1812,1 41007U 99025EXM 26124.93262837  .00001236  00000+0  99084-3 0  9996,2 41007  99.9589 165.8246 0170961  29.4807 331.5858 13.86310611593829,Fengyun-1C
FY1C_1813,1 41011U 99025EXR 26124.41130488  .00001471  00000+0  25539-3 0  9995,2 41011  99.1442 185.3794 0305358 295.9291  61.0722 14.43981339592151,Fengyun-1C
FY1C_1814,1 41822U 99025EXZ 26124.12110157  .00003040  00000+0  12757-2 0  9995,2 41822  98.7166 194.5763 0055940 166.6583 193.6092 14.25807600494010,Fengyun-1C
FY1C_1815,1 41823U 99025EYA 26125.08308715  .00003297  00000+0  14194-2 0  9992,2 41823  98.7036 192.1423 0055368 171.9769 188.2308 14.24444820493988,Fengyun-1C
FY1C_1816,1 41824U 99025EYB 26124.61945426  .00003034  00000+0  12881-2 0  9997,2 41824  98.7152 192.7204 0057798 172.2721 187.9362 14.25150832493942,Fengyun-1C
FY1C_1817,1 41825U 99025EYC 26123.14716560  .00003310  00000+0  13790-2 0  9997,2 41825  98.7274 196.6696 0056137 169.3085 190.9302 14.26121643493635,Fengyun-1C
FY1C_1818,1 41826U 99025EYD 26124.13548629  .00002763  00000+0  11871-2 0  9996,2 41826  98.7169 193.9397 0056274 170.1732 190.0562 14.24657941493876,Fengyun-1C
FY1C_1819,1 41827U 99025EYE 26124.62677896  .00003358  00000+0  13901-2 0  9997,2 41827  98.7289 198.3737 0058945 159.2891 201.0697 14.26340417493677,Fengyun-1C
FY1C_1820,1 41828U 99025EYF 26124.85451064  .00016881  00000+0  37016-2 0  9998,2 41828  98.9221 267.3650 0035944 104.2503 256.2689 14.57289863495442,Fengyun-1C
FY1C_1821,1 41829U 99025EYG 26125.17733500  .00003910  00000+0  16233-2 0  9990,2 41829  98.7302 198.9176 0056596 161.4177 198.9087 14.26172496493510,Fengyun-1C
FY1C_1822,1 41830U 99025EYH 26124.72176183  .00003593  00000+0  14534-2 0  9999,2 41830  98.7397 201.6968 0055006 160.3097 200.0224 14.27598456493136,Fengyun-1C
FY1C_1823,1 41831U 99025EYJ 26125.16381726  .00003935  00000+0  16524-2 0  9991,2 41831  98.7192 196.2407 0056867 164.5967 195.6959 14.25566800493023,Fengyun-1C
FY1C_1824,1 41832U 99025EYK 26123.64021611  .00002936  00000+0  12470-2 0  9993,2 41832  98.7137 191.7339 0055816 173.1084 187.0875 14.25225714493710,Fengyun-1C
FY1C_1825,1 41833U 99025EYL 26124.13778086  .00003613  00000+0  14805-2 0  9991,2 41833  98.7339 198.4619 0054812 168.8229 191.4183 14.26942747493946,Fengyun-1C
FY1C_1826,1 43213U 99025EYM 26125.14618360  .00002655  00000+0  11388-2 0  9993,2 43213  98.7202 193.5993 0055546 170.8453 189.3752 14.24807286424147,Fengyun-1C
FY1C_1827,1 43214U 99025EYN 26123.16571126  .00003169  00000+0  13478-2 0  9995,2 43214  98.7211 192.0330 0055748 175.9750 184.1889 14.25096685424178,Fengyun-1C
FY1C_1828,1 43358U 99025EYP 26124.76716494  .00001831  00000+0  22913-2 0  9998,2 43358  98.6898 229.8856 0364770 200.7354 157.8648 13.40817276556476,Fengyun-1C
FY1C_1829,1 43359U 99025EYQ 26122.69046540  .00003826  00000+0  16223-2 0  9990,2 43359  99.0444 211.7722 0070878 330.3973  29.3201 14.24659781497550,Fengyun-1C
FY1C_1830,1 45526U 99025EYR 26124.16505629  .00003487  00000+0  14251-2 0  9992,2 45526  98.7499 201.3649 0054341 167.8877 192.3624 14.27126906454071,Fengyun-1C
FY1C_1831,1 45527U 99025EYS 26124.17622756  .00002883  00000+0  12183-2 0  9996,2 45527  98.7239 195.0785 0055534 171.7461 188.4645 14.25506789416089,Fengyun-1C
FY1C_1832,1 46439U 99025EYU 26123.17900766  .00000718  00000+0  31667-3 0  9992,2 46439  98.5432 110.6908 0120596 356.7421   3.2960 14.22515918623745,Fengyun-1C
FY1C_1833,1 46440U 99025EYV 26121.33939878  .00000898  00000+0  37384-3 0  9997,2 46440  98.5756 149.3711 0176361  91.3117 325.9842 14.20555226643516,Fengyun-1C
FY1C_1834,1 46443U 99025EYY 26118.15159905  .00002791  00000+0  14928-2 0  9993,2 46443  99.2014 193.5329 0094381 334.4799  55.6138 14.11777707615208,Fengyun-1C
FY1C_1835,1 46444U 99025EYZ 26123.27142500  .00001180  00000+0  47815-3 0  9999,2 46444  98.5162 126.6235 0084930  96.4133 282.0915 14.27562729646019,Fengyun-1C
FY1C_1836,1 46450U 99025EZF 26122.83320034  .00002990  00000+0  16289-2 0  9997,2 46450  98.0726 329.0358 0181940  18.7540 342.0219 14.04741946630999,Fengyun-1C
FY1C_1837,1 46451U 99025EZG 26122.26926220  .00006575  00000+0  25683-2 0  9995,2 46451  98.1437 135.8020 0169142 133.0765 289.3613 14.22324573590033,Fengyun-1C
FY1C_1838,1 46468U 99025EZK 26124.72427899  .00003251  00000+0  13673-2 0  9998,2 46468  98.8781 219.2587 0045249 176.2036 337.4854 14.25954960758531,Fengyun-1C
FY1C_1839,1 46986U 99025EZL 26121.79482528  .00001333  00000+0  34880-3 0  9990,2 46986  98.2219 146.7952 0105250 144.0577 216.7756 14.47682548654267,Fengyun-1C
FY1C_1840,1 46987U 99025EZM 26122.35095404  .00009219  00000+0  25264-2 0  9993,2 46987  98.9136 264.7578 0029899 281.1787  78.6043 14.47088130593733,Fengyun-1C
FY1C_1841,1 46989U 99025EZP 26123.24982685  .00003406  00000+0  26797-2 0  9994,2 46989  99.5105 290.8832 0227588 326.2354 214.7594 13.81139086729949,Fengyun-1C
FY1C_1842,1 46990U 99025EZQ 26122.34868671  .00012464  00000+0  26193-2 0  9998,2 46990  98.2251 323.4632 0337818   4.7195 174.3347 14.29613523105344,Fengyun-1C
FY1C_1843,1 46992U 99025EZS 26118.68511714  .00000649  00000+0  45272-3 0  9997,2 46992  98.9294 107.1134 0072527 140.1943 220.4574 14.00882415628749,Fengyun-1C
FY1C_1844,1 46993U 99025EZT 26101.08225608  .00000289  00000+0  29749-3 0  9999,2 46993  98.7283 213.4453 0262044 343.5932 193.0107 13.69285698618901,Fengyun-1C
FY1C_1845,1 46995U 99025EZV 26125.15062804  .00002363  00000+0  17766-2 0  9992,2 46995  98.5866 200.6141 0188118  86.2544 276.0103 13.87214463624568,Fengyun-1C
FY1C_1846,1 46997U 99025EZX 26123.88906764  .00002126  00000+0  85880-3 0  9994,2 46997  98.5405 166.3708 0023410 276.5422 262.2702 14.28767927644803,Fengyun-1C
FY1C_1847,1 47001U 99025FAB 26123.47575379  .00003959  00000+0  12569-2 0  9998,2 47001  99.2888 198.3600 0049358 356.4552   3.6277 14.39905277759535,Fengyun-1C
FY1C_1848,1 47003U 99025FAD 26113.03439981  .00000374  00000+0  51456-3 0  9996,2 47003  98.8628  34.0565 0334296  88.8220 275.1185 13.42877886670685,Fengyun-1C
FY1C_1849,1 47005U 99025FAF 26123.05993481  .00004032  00000+0  21726-2 0  9992,2 47005  99.5960 226.7778 0063240 209.5918 330.7594 14.12368742847619,Fengyun-1C
FY1C_1850,1 47007U 99025FAH 26122.32498675  .00003570  00000+0  19880-2 0  9992,2 47007  98.2022 334.6408 0234941  18.1291 342.8078 13.98520238808139,Fengyun-1C
FY1C_1851,1 47009U 99025FAK 26122.18861170  .00000111  00000+0  20179-3 0  9994,2 47009  98.9594  94.3559 0351368 269.3184  86.7681 13.37395693606861,Fengyun-1C
FY1C_1852,1 47012U 99025FAN 26123.92512700  .00000276  00000+0  28339-3 0  9991,2 47012  98.7389 356.3557 0163679  42.4376 318.9300 13.78063907565310,Fengyun-1C
FY1C_1853,1 47013U 99025FAP 26123.44296008  .00003625  00000+0  15066-2 0  9992,2 47013  98.0651 187.0669 0057811 104.2239 256.5374 14.26044821752789,Fengyun-1C
FY1C_1854,1 47015U 99025FAR 26124.45674882  .00005493  00000+0  44281-3 0  9993,2 47015  98.6878 200.1525 0167575  13.5943 346.9703 14.89990361665050,Fengyun-1C
FY1C_1855,1 47025U 99025FBB 26123.88858539  .00005426  00000+0  14477-2 0  9992,2 47025  99.0278 344.9719 0036938 296.0831  78.2306 14.48450913647989,Fengyun-1C
FY1C_1856,1 47029U 99025FBF 26124.35153363  .00024520  00000+0  13758-2 0  9999,2 47029  98.9356 153.2204 0107682 240.0886 118.9609 15.08472807 52196,Fengyun-1C
FY1C_1857,1 47036U 99025FBN 26121.89616734  .00000210  00000+0  12695-3 0  9999,2 47036  98.6981 167.0550 0068696  57.7380 120.7544 14.15264253619093,Fengyun-1C
FY1C_1858,1 47040U 99025FBS 26102.05812363  .00000471  00000+0  31182-3 0  9998,2 47040 100.2963  30.2341 0062343 271.1765  88.2257 14.06721188908005,Fengyun-1C
FY1C_1859,1 47041U 99025FBT 26121.36258398  .00073966  00000+0  35243-2 0  9996,2 47041  98.2364 164.1049 0012895  89.8035 283.4216 15.18742570733002,Fengyun-1C
FY1C_1860,1 47042U 99025FBU 26124.49300265  .00000406  00000+0  19807-3 0  9993,2 47042  98.9918  30.0530 0054415 345.6322 196.3991 14.23016092645515,Fengyun-1C
FY1C_1861,1 47100U 99025FBY 26124.99967707  .00005663  00000+0  12911-2 0  9991,2 47100  99.0219 320.3597 0083510 282.8098  76.3775 14.54133002288485,Fengyun-1C
FY1C_1862,1 47101U 99025FBZ 26121.36677778  .00007659  00000+0  33598-2 0  9997,2 47101  98.8096 186.4799 0103121  21.4320 339.1127 14.21069840366421,Fengyun-1C
FY1C_1863,1 47102U 99025FCA 26122.09149089  .00002514  00000+0  11678-2 0  9998,2 47102  98.4470  58.7438 0118355   7.6027   8.0382 14.17832375639299,Fengyun-1C
FY1C_1864,1 47104U 99025FCC 26116.82632679  .00000317  00000+0  17053-3 0  9999,2 47104  98.8887 152.0369 0039747 310.3871  49.3838 14.19560641642896,Fengyun-1C
FY1C_1865,1 48518U 99025FCG 26120.35305881  .00004274  00000+0  22336-2 0  9999,2 48518  99.2588  90.7445 0130984  72.1916 289.3495 14.10618055621234,Fengyun-1C
FY1C_1866,1 49389U 99025FCJ 26100.24522416  .00002803  00000+0  17643-2 0  9998,2 49389  98.7067 290.2881 0135833 219.7078 139.4083 14.00642553245075,Fengyun-1C
IR33_001,1 24946U 97051C   26125.13329409  .00000254  00000+0  81933-4 0  9992,2 24946  86.3907   8.0291 0009924 102.8296 257.4010 14.35131674498917,Iridium-33
IR33_002,1 33773U 97051L   26125.07581646  .00000791  00000+0  22756-3 0  9999,2 33773  86.4038 359.8469 0012823  46.6686 313.5582 14.43588633904151,Iridium-33
IR33_003,1 33775U 97051N   26125.05587229  .00001273  00000+0  38236-3 0  9998,2 33775  86.3647 348.3671 0014721  54.0158 111.5884 14.41916907902057,Iridium-33
IR33_004,1 33776U 97051P   26124.76574784  .00000727  00000+0  23115-3 0  9991,2 33776  86.4078  20.6856 0016691  87.7114 333.0658 14.38492621901388,Iridium-33
IR33_005,1 33777U 97051Q   26125.04053574  .00002477  00000+0  55098-3 0  9992,2 33777  86.3775 332.8354 0008622 125.0828 235.1190 14.56600317906196,Iridium-33
IR33_006,1 33850U 97051T   26125.05856718  .00000956  00000+0  28170-3 0  9997,2 33850  86.3403 328.5580 0013264  61.9952 102.2412 14.42598064902189,Iridium-33
IR33_007,1 33853U 97051W   26124.69880897  .00001600  00000+0  89376-3 0  9996,2 33853  85.9960 287.0878 0209162 157.4312 216.0226 13.99773758873459,Iridium-33
IR33_008,1 33860U 97051AD  26125.03037622  .00005019  00000+0  83792-3 0  9997,2 33860  86.3807 323.6971 0007683 192.1795 328.9888 14.69747943908257,Iridium-33
IR33_009,1 33862U 97051AF  26125.09674884  .00008950  00000+0  13674-2 0  9990,2 33862  86.4086 334.1488 0046702 293.1409 190.9803 14.72950149909318,Iridium-33
IR33_010,1 33866U 97051AK  26125.19027571  .00004932  00000+0  19141-2 0  9991,2 33866  86.3030  32.2939 0116531  60.3101 101.4524 14.26091209888548,Iridium-33
IR33_011,1 33870U 97051AP  26125.13127345  .00001787  00000+0  48809-3 0  9999,2 33870  86.3769 356.7714 0022876  68.0226  86.6186 14.46657464902096,Iridium-33
IR33_012,1 33881U 97051BA  26124.74808968  .00017210  00000+0  34189-2 0  9997,2 33881  86.3845  44.3505 0061626  49.7563 340.2391 14.60844250895856,Iridium-33
IR33_013,1 33884U 97051BD  26124.97451308  .00014027  00000+0  17674-2 0  9990,2 33884  86.3647 304.9349 0011547 163.0723 349.2792 14.81864188909658,Iridium-33
IR33_014,1 33886U 97051BF  26125.14733146  .00000421  00000+0  13723-3 0  9990,2 33886  86.3866   6.8630 0015464 131.1329  21.5068 14.36226702901106,Iridium-33
IR33_015,1 33887U 97051BG  26124.97068742  .00000372  00000+0  11798-3 0  9999,2 33887  86.3002 301.6821 0007959 121.9207  10.0757 14.37366327902220,Iridium-33
IR33_016,1 33953U 97051BN  26125.07405434  .00003053  00000+0  67549-3 0  9992,2 33953  86.3869 351.5089 0016130 345.7818 176.6195 14.56873067903894,Iridium-33
IR33_017,1 33960U 97051BV  26124.79979979  .00019241  00000+0  18466-2 0  9997,2 33960  86.2559 221.6105 0002065 175.3689 313.0977 14.92991986909968,Iridium-33
IR33_018,1 33966U 97051CB  26125.10407919  .00001711  00000+0  43444-3 0  9997,2 33966  86.3931 344.4929 0009753  84.3920  35.6407 14.50252121905196,Iridium-33
IR33_019,1 34071U 97051CE  26125.00554796  .00001700  00000+0  43202-3 0  9990,2 34071  86.3421 315.5384 0007575   7.8529 352.2793 14.50219246904104,Iridium-33
IR33_020,1 34077U 97051CL  26125.10628413  .00006797  00000+0  11965-2 0  9996,2 34077  86.3864 348.2250 0006773 254.7951 267.7028 14.67457622904333,Iridium-33
IR33_021,1 34079U 97051CN  26124.99501051  .00014070  00000+0  15098-2 0  9996,2 34079  86.3720 303.2215 0006303 177.6518 341.0942 14.88507707911050,Iridium-33
IR33_022,1 34088U 97051CX  26125.05739654  .00032092  00000+0  24710-2 0  9991,2 34088  86.3795 324.3237 0004682  56.8596  73.9305 15.01509766908853,Iridium-33
IR33_023,1 34091U 97051DA  26125.06899451  .00021948  00000+0  20666-2 0  9992,2 34091  86.3474   0.5690 0028621 139.7738 220.5616 14.93424700899987,Iridium-33
IR33_024,1 34097U 97051DG  26124.91591170  .00003083  00000+0  10200-2 0  9991,2 34097  86.1946 298.1471 0079694 252.9480 106.2975 14.35886187891735,Iridium-33
IR33_025,1 34145U 97051DY  26124.39451703  .00002571  00000+0  74397-3 0  9993,2 34145  86.2079 268.9064 0051207 345.4713  14.5012 14.43418209896954,Iridium-33
IR33_026,1 34146U 97051DZ  26124.51323122  .00002862  00000+0  73030-3 0  9997,2 34146  86.2787 286.6749 0028624 109.0724 316.5443 14.49996284901759,Iridium-33
IR33_027,1 34159U 97051EN  26125.07885881  .00000845  00000+0  26709-3 0  9998,2 34159  86.3522 347.1304 0027752 172.3286 187.8343 14.38877401900202,Iridium-33
IR33_028,1 34350U 97051ES  26124.97225904  .00000992  00000+0  27318-3 0  9993,2 34350  86.3230 300.6475 0021876  29.2577 133.6851 14.45808682903623,Iridium-33
IR33_029,1 34366U 97051FJ  26125.10571751  .00003326  00000+0  75798-3 0  9999,2 34366  86.3694 346.8963 0021295  24.0671 130.3289 14.55467622902669,Iridium-33
IR33_030,1 34375U 97051FT  26124.99062169  .00000899  00000+0  40603-3 0  9992,2 34375  86.4272 124.9693 0103090  33.0985 355.5482 14.18275932887421,Iridium-33
IR33_031,1 34376U 97051FU  26124.93302492  .00008308  00000+0  15255-2 0  9990,2 34376  86.2919 301.9963 0025907  46.9189 313.4186 14.65386727901028,Iridium-33
IR33_032,1 34486U 97051GB  26125.01896718  .00031290  00000+0  21749-2 0  9992,2 34486  86.3863 305.3488 0006954 316.5051 172.9285 15.05364326911355,Iridium-33
IR33_033,1 34487U 97051GC  26124.96388806  .00000525  00000+0  14864-3 0  9998,2 34487  86.3397 310.7266 0031585  20.8068 131.6743 14.43444977903144,Iridium-33
IR33_034,1 34492U 97051GH  26124.16796531  .00012168  00000+0  39999-2 0  9995,2 34492  86.4706 276.9081 0185509 139.2496 348.0458 14.28836104870903,Iridium-33
IR33_035,1 34497U 97051GN  26124.08289083  .00001217  00000+0  46833-3 0  9999,2 34497  86.2799 351.5861 0077264 239.0825 274.6544 14.27978763889140,Iridium-33
IR33_036,1 34508U 97051GZ  26125.20357697  .00004136  00000+0  12869-2 0  9998,2 34508  86.3725  41.7336 0066811  62.5060 298.2908 14.39486787893722,Iridium-33
IR33_037,1 34521U 97051HN  26125.00848043  .00005246  00000+0  96800-3 0  9992,2 34521  86.3770 327.3853 0005022 116.0194 244.1537 14.65329141905691,Iridium-33
IR33_038,1 34525U 97051HS  26125.10196920  .00000856  00000+0  24848-3 0  9992,2 34525  86.3740 345.6567 0004412   7.5346 148.0643 14.43297078901552,Iridium-33
IR33_039,1 34529U 97051HW  26124.98417084  .00000572  00000+0  17255-3 0  9997,2 34529  86.3633 334.3668 0007101  90.3591 269.8422 14.40805533902044,Iridium-33
IR33_040,1 34538U 97051JF  26124.94235815  .00002155  00000+0  62727-3 0  9996,2 34538  86.2722 302.7949 0033129 208.6318 304.2787 14.43521615898213,Iridium-33
IR33_041,1 34540U 97051JH  26124.33372294  .00009257  00000+0  12594-2 0  9991,2 34540  86.3102 242.2130 0015419  42.6903 341.9318 14.78588454911268,Iridium-33
IR33_042,1 34648U 97051JZ  26125.22754552  .00009719  00000+0  43772-2 0  9995,2 34648  86.3944 223.8890 0177141 203.7923 155.5002 14.14181380869877,Iridium-33
IR33_043,1 34651U 97051KC  26124.30605056  .00006181  00000+0  22487-2 0  9991,2 34651  86.2780  79.7533 0137483 103.4906 258.1649 14.27916119879296,Iridium-33
IR33_044,1 34652U 97051KD  26124.37473328  .00003920  00000+0  74999-3 0  9998,2 34652  86.3273 276.4102 0028520 165.0669 224.7225 14.63380356905695,Iridium-33
IR33_045,1 34690U 97051KM  26125.08096000  .00001796  00000+0  40641-3 0  9993,2 34690  86.3775 334.6812 0007633 246.1050 276.6451 14.55671097901796,Iridium-33
IR33_046,1 34696U 97051KT  26124.99699169  .00023803  00000+0  33790-2 0  9992,2 34696  86.1823 320.2664 0060751  35.6255 117.0216 14.75559449887785,Iridium-33
IR33_047,1 34765U 97051LJ  26124.31766248  .00000987  00000+0  30128-3 0  9999,2 34765  86.3382 331.5867 0018400 106.1943  70.7907 14.40879102896668,Iridium-33
IR33_048,1 34833U 97051MH  26124.38604101  .00002103  00000+0  49985-3 0  9994,2 34833  86.3944 349.4877 0018932 344.9976  74.1109 14.53360854897863,Iridium-33
IR33_049,1 34870U 97051MQ  26124.32859330  .00008033  00000+0  10682-2 0  9994,2 34870  86.3089 248.5837 0017147  62.9105 326.6684 14.79520689910172,Iridium-33
IR33_050,1 34896U 97051MY  26124.15611422  .00004761  00000+0  82618-3 0  9994,2 34896  86.3265 262.7122 0027513  91.3247  81.3561 14.67786377897079,Iridium-33
IR33_051,1 34926U 97051NF  26124.51675611  .00020502  00000+0  40062-2 0  9995,2 34926  86.1319 301.6901 0072369 169.2003 252.6080 14.61118398885378,Iridium-33
IR33_052,1 34985U 97051NR  26125.09310015  .00001436  00000+0  42468-3 0  9996,2 34985  86.3722 355.7097 0023184 108.7227  43.4991 14.42682459892419,Iridium-33
IR33_053,1 35051U 97051NX  26123.48369582  .00001949  00000+0  51624-3 0  9998,2 35051  86.3200 307.0583 0007726 352.3669   7.7416 14.48314653890479,Iridium-33
IR33_054,1 35052U 97051NY  26124.51917688  .00000483  00000+0  15121-3 0  9994,2 35052  86.3280 319.2825 0010737 345.5130  14.5758 14.38685277893284,Iridium-33
IR33_055,1 35080U 97051PF  26124.03233713  .00119143  00000+0  60397-2 0  9990,2 35080  86.2137 342.9063 0033121  22.4998 337.7685 15.15960652718214,Iridium-33
IR33_056,1 35297U 97051PM  26119.42483574  .00001693  00000+0  47088-3 0  9992,2 35297  86.3902   3.9750 0017806  50.7594 309.5185 14.45814462724151,Iridium-33
IR33_057,1 35299U 97051PP  26124.54607296  .00003334  00000+0  99027-3 0  9996,2 35299  86.2868 330.9711 0055443 353.3040  35.9730 14.42102283883880,Iridium-33
IR33_058,1 35480U 97051QA  26124.97903044  .00001646  00000+0  41525-3 0  9999,2 35480  86.3547 322.7968 0013360 355.5322   4.5761 14.50510248891078,Iridium-33
IR33_059,1 35484U 97051QE  26124.19425280  .00044968  00000+0  25867-2 0  9992,2 35484  86.3449 285.2604 0011625 328.5443  31.5100 15.12213984641592,Iridium-33
IR33_060,1 35488U 97051QJ  26124.27550071  .00009169  00000+0  10297-2 0  9997,2 35488  86.3258 234.9551 0023561 250.4602 109.4079 14.86447653903816,Iridium-33
IR33_061,1 35616U 97051QN  26123.71296758  .00014702  00000+0  16723-2 0  9996,2 35616  86.3494 280.7047 0009576  50.8983 309.3091 14.86112021896807,Iridium-33
IR33_062,1 35618U 97051QQ  26114.22865173  .00001209  00000+0  28755-3 0  9994,2 35618  86.3344 295.5416 0026280 294.7776  65.0696 14.52870281673179,Iridium-33
IR33_063,1 35620U 97051QS  26124.34580164  .00005353  00000+0  14673-2 0  9992,2 35620  86.3901 157.1626 0137996 147.4450 213.5356 14.41436002620180,Iridium-33
IR33_064,1 35622U 97051QU  26124.67812727  .00056221  00000+0  26269-2 0  9997,2 35622  86.1924 192.2100 0009023 115.0843  15.6202 15.19529325895203,Iridium-33
IR33_065,1 35628U 97051RA  26124.22837128  .00006175  00000+0  10267-2 0  9990,2 35628  86.3527 305.4029 0010864 189.0292 171.0730 14.69936307885389,Iridium-33
IR33_066,1 35631U 97051RD  26124.30603032  .00000816  00000+0  21521-3 0  9990,2 35631  86.3642 319.5904 0017303  13.1819 168.1910 14.47742694892594,Iridium-33
IR33_067,1 35680U 97051RJ  26117.30302034  .00004588  00000+0  18248-2 0  9995,2 35680  86.1041 321.4198 0146432 206.9728 331.8904 14.22819205626271,Iridium-33
IR33_068,1 35744U 97051RX  26123.79746613  .00006765  00000+0  10434-2 0  9999,2 35744  86.3265 261.1095 0022077  72.0040 288.3581 14.73099400894216,Iridium-33
IR33_069,1 35797U 97051SF  26124.15434580  .00012336  00000+0  13660-2 0  9990,2 35797  86.3331 264.2688 0010396  28.4832 331.6959 14.87203628894546,Iridium-33
IR33_070,1 35806U 97051SQ  26124.79990090  .00003959  00000+0  83916-3 0  9997,2 35806  86.3410 317.5638 0011691 313.1208  46.9023 14.58963259884090,Iridium-33
IR33_071,1 35809U 97051ST  26123.68143889  .00011798  00000+0  15898-2 0  9996,2 35809  86.3226 270.5035 0013776 113.7753 246.4914 14.79017401889039,Iridium-33
IR33_072,1 35846U 97051SW  26124.08511396  .00001407  00000+0  40722-3 0  9995,2 35846  86.3776 358.0801 0020029  66.1124 294.2173 14.43750055733828,Iridium-33
IR33_073,1 35848U 97051SY  26124.80551110  .00010269  00000+0  12778-2 0  9990,2 35848  86.3860 311.5828 0009599  71.9595 288.2673 14.82392404688079,Iridium-33
IR33_074,1 35850U 97051TA  26122.16423679  .00013763  00000+0  17098-2 0  9990,2 35850  86.3444 280.1463 0010886  76.4877 283.7557 14.82458618734354,Iridium-33
IR33_075,1 35915U 97051TY  26123.17959467  .00015108  00000+0  17657-2 0  9999,2 35915  86.3391 278.0707 0011850  70.8014 289.4492 14.84978769101824,Iridium-33
IR33_076,1 35918U 97051UB  26125.01768728  .00003100  00000+0  75048-3 0  9993,2 35918  86.4045  14.2513 0028199  53.3244  11.8650 14.52506490872869,Iridium-33
IR33_077,1 35929U 97051UN  26123.60182233  .00051250  00000+0  27676-2 0  9991,2 35929  86.3447 244.8290 0014913 219.0612 140.9552 15.14410609899182,Iridium-33
IR33_078,1 36011U 97051US  26124.37814995  .00001123  00000+0  33698-3 0  9992,2 36011  86.3402 334.1627 0020518 108.9305  13.9441 14.41821202665952,Iridium-33
IR33_079,1 36012U 97051UT  26122.77532928  .00005414  00000+0  19428-2 0  9999,2 36012  86.4385 250.5413 0220747 171.9595 188.5231 14.21042442674860,Iridium-33
IR33_080,1 36028U 97051VK  26125.06203550  .00027259  00000+0  19983-2 0  9994,2 36028  86.3238 238.8269 0015467 238.1834 121.7894 15.03303953892723,Iridium-33
IR33_081,1 36080U 97051VM  26121.77793910  .00001847  00000+0  49910-3 0  9999,2 36080  86.3167 306.9571 0019036  60.5701 299.7399 14.47230814494390,Iridium-33
IR33_082,1 36083U 97051VQ  26124.31126996  .00001352  00000+0  38963-3 0  9996,2 36083  86.3431 332.7728 0028204 112.8661 247.5523 14.43788886875061,Iridium-33
IR33_083,1 36390U 97051VU  26123.57485515  .00006114  00000+0  88514-3 0  9997,2 36390  86.2917 234.2459 0029730  40.7720 319.5715 14.75665622683525,Iridium-33
IR33_084,1 36483U 97051VZ  26124.37109980  .00001298  00000+0  35604-3 0  9998,2 36483  86.3817 351.4302 0010223  27.7417 332.4328 14.46367908672078,Iridium-33
IR33_085,1 36490U 97051WG  26124.94711660  .00010060  00000+0  13276-2 0  9990,2 36490  86.3605 305.6577 0000742 293.5059  66.6084 14.79964594886001,Iridium-33
IR33_086,1 36493U 97051WK  26123.25399650  .00006291  00000+0  11106-2 0  9998,2 36493  86.3530 308.7030 0008863 215.1074 144.9557 14.67313013765921,Iridium-33
IR33_087,1 36497U 97051WP  26120.45525925  .00005368  00000+0  96970-3 0  9994,2 36497  86.1576 189.0700 0044911  11.2576 348.9630 14.65611634676829,Iridium-33
IR33_088,1 37548U 97051XH  26123.86688658  .00002680  00000+0  64948-3 0  9997,2 37548  86.3518 341.4770 0026823  76.8556 283.5641 14.52444358675944,Iridium-33
IR33_089,1 37550U 97051XK  26120.28820587  .00006067  00000+0  10207-2 0  9993,2 37550  86.3751 322.3686 0003884  36.6998 323.4483 14.69457114883666,Iridium-33
IR33_090,1 37562U 97051XX  26121.39951569  .00004583  00000+0  99004-3 0  9998,2 37562  86.3756 342.6477 0024184   0.0495 119.5772 14.57972208883624,Iridium-33
IR33_091,1 37565U 97051YA  26099.33400274  .00001712  00000+0  41706-3 0  9998,2 37565  86.3473 318.3481 0014606  52.1997 308.0529 14.52140920675437,Iridium-33
IR33_092,1 38017U 97051YD  26124.39563355  .00006652  00000+0  15473-2 0  9995,2 38017  86.3373 103.9618 0084502 354.2765   5.7466 14.52582536634710,Iridium-33
IR33_093,1 38022U 97051YJ  26122.79255312  .00002785  00000+0  82734-3 0  9992,2 38022  86.2651 314.6269 0042654 304.4493  55.2680 14.42417946712260,Iridium-33
IR33_094,1 38028U 97051YQ  26124.74483022  .00000725  00000+0  19456-3 0  9999,2 38028  86.3211 298.0886 0028027  12.2227 347.9650 14.46631710675623,Iridium-33
IR33_095,1 38228U 97051ZC  26124.92159932  .00000645  00000+0  24845-3 0  9990,2 38228  86.2962 347.6057 0065891  89.5793 334.2014 14.27538748868244,Iridium-33
IR33_096,1 38241U 97051ZR  26123.20425630  .00003152  00000+0  71464-3 0  9991,2 38241  86.3176 288.1350 0001616 336.5865  23.5269 14.55836251622588,Iridium-33
IR33_097,1 38474U 97051AAB 26123.25452926  .00001638  00000+0  40432-3 0  9990,2 38474  86.3369 308.3695 0024369 337.7716  22.2430 14.51398139673705,Iridium-33
IR33_098,1 39777U 97051AAJ 26124.65924641  .00015194  00000+0  30577-2 0  9990,2 39777  85.9577 105.4513 0060864  65.0463 295.7054 14.60292575622680,Iridium-33
IR33_099,1 39778U 97051AAK 26125.03610183  .00002959  00000+0  67520-3 0  9991,2 39778  86.3781 340.9767 0004764 263.6183  96.4482 14.55507355627766,Iridium-33
IR33_100,1 39781U 97051AAN 26120.47374645  .00012772  00000+0  46999-2 0  9998,2 39781  86.3754 200.6999 0177042 186.8763 190.5660 14.24200589100797,Iridium-33
IR33_101,1 40996U 97051ABJ 26124.23855618  .00043187  00000+0  27197-2 0  9993,2 40996  86.3415 294.1091 0005740 216.4275 266.3288 15.08972812646280,Iridium-33
IR33_102,1 40998U 97051ABL 26124.40934323  .00001207  00000+0  33593-3 0  9990,2 40998  86.3856 352.7020 0006773 342.7646 142.2486 14.45641741 87427,Iridium-33
IR33_103,1 46435U 97051ABN 26124.78337219  .00007076  00000+0  18206-2 0  9997,2 46435  86.2804 132.0015 0200160 164.5227  13.0618 14.38662847 99691,Iridium-33
IR33_104,1 46734U 97051ABR 26118.77406775  .00002781  00000+0  82109-3 0  9997,2 46734  86.2580 302.6594 0037955 238.7248 137.1241 14.42834568649864,Iridium-33
IR33_105,1 46965U 97051ABX 26123.89066829  .00003607  00000+0  72338-3 0  9995,2 46965  86.3311 277.5827 0018680 196.1364 316.1277 14.61380700643432,Iridium-33
IR33_106,1 46971U 97051ACD 26116.16693559  .00047558  00000+0  31213-2 0  9999,2 46971  86.3145 269.2889 0007067 181.1926 306.0754 15.07424987662497,Iridium-33
IR33_107,1 46972U 97051ACE 26121.35695721  .00001883  00000+0  46759-3 0  9993,2 46972  86.3872 339.2922 0009359  13.6253 111.5367 14.51350828635971,Iridium-33
IR33_108,1 46974U 97051ACG 26123.49944152  .00011893  00000+0  30534-2 0  9992,2 46974  86.2996  43.1930 0092674  74.6820 286.4602 14.47584298595578,Iridium-33
COS2251_001,1 22675U 93036A   26124.55697691  .00000102  00000+0  46312-4 0  9998,2 22675  74.0406  54.9326 0023693 105.7150 254.6617 14.33247429718192,Cosmos-2251
COS2251_002,1 33757U 93036E   26124.97524918  .00000074  00000+0  36584-4 0  9996,2 33757  74.0374  62.1219 0013955  41.9237  31.4899 14.32617908900477,Cosmos-2251
COS2251_003,1 33758U 93036F   26125.20033772  .00003066  00000+0  75379-3 0  9995,2 33758  74.0273 304.5586 0015718 341.4753 136.9400 14.52657133903878,Cosmos-2251
COS2251_004,1 33760U 93036H   26125.18981764  .00000254  00000+0  96789-4 0  9993,2 33760  74.0337  18.1676 0019444  85.4949  72.1723 14.35764941901832,Cosmos-2251
COS2251_005,1 33761U 93036J   26125.05593534  .00000994  00000+0  30392-3 0  9992,2 33761  74.0367 346.1624 0022291  35.5248 114.9218 14.42971239903019,Cosmos-2251
COS2251_006,1 33762U 93036K   26124.82732934  .00000109  00000+0  48733-4 0  9993,2 33762  74.0429  48.4227 0014157  78.9488 336.9880 14.33711075900983,Cosmos-2251
COS2251_007,1 33764U 93036M   26125.12797412  .00000688  00000+0  22726-3 0  9996,2 33764  74.0351   7.8165 0022476 295.2457 217.1977 14.39812442902202,Cosmos-2251
COS2251_008,1 33765U 93036N   26125.04103137  .00049241  00000+0  21225-2 0  9993,2 33765  74.0020 234.2772 0056137 288.1457  71.3633 15.20879466917898,Cosmos-2251
COS2251_009,1 33766U 93036P   26125.04979323  .00001136  00000+0  39494-3 0  9991,2 33766  74.1864 234.6193 0063426  36.7860 323.7619 14.35430522898012,Cosmos-2251
COS2251_010,1 33768U 93036R   26125.08054336  .00000483  00000+0  44170-3 0  9996,2 33768  74.0697 348.4852 0367242 114.5878  44.8392 13.58594788852423,Cosmos-2251
COS2251_011,1 33779U 93036U   26125.05240801  .00010830  00000+0  16437-2 0  9990,2 33779  74.0446 251.9206 0013837 254.0887 226.3137 14.74094107906373,Cosmos-2251
COS2251_012,1 33782U 93036X   26124.77653454  .00001067  00000+0  34043-3 0  9990,2 33782  74.0346  12.9247 0019663  48.0743  14.6451 14.40840838901860,Cosmos-2251
COS2251_013,1 33785U 93036AA  26125.05823655  .00003956  00000+0  60882-3 0  9996,2 33785  73.8631 138.1292 0016533  43.4329  19.5081 14.73757409906168,Cosmos-2251
COS2251_014,1 33789U 93036AE  26124.92154229  .00000324  00000+0  22837-3 0  9993,2 33789  74.0643 204.3543 0240574 286.4194 192.6438 13.89003830870837,Cosmos-2251
COS2251_015,1 33791U 93036AG  26124.98645741  .00000869  00000+0  26115-3 0  9993,2 33791  74.1719 133.6083 0031020 283.8497 102.4508 14.43866722901198,Cosmos-2251
COS2251_016,1 33792U 93036AH  26125.10885779  .00000481  00000+0  47778-3 0  9994,2 33792  73.8970 116.3114 0429449 156.0090 281.9486 13.46099042843719,Cosmos-2251
COS2251_017,1 33793U 93036AJ  26124.76433769  .00001113  00000+0  44240-3 0  9998,2 33793  73.9807 249.8516 0077897   7.5586 110.4452 14.28220013892486,Cosmos-2251
COS2251_018,1 33795U 93036AL  26125.07383811  .00020329  00000+0  11281-2 0  9995,2 33795  74.0336 141.0405 0031793 197.0721 223.5837 15.13261459921848,Cosmos-2251
COS2251_019,1 33797U 93036AN  26125.06002126  .00001354  00000+0  29013-3 0  9993,2 33797  74.0439 122.4148 0061984 175.0447 241.9697 14.58517645910741,Cosmos-2251
COS2251_020,1 33798U 93036AP  26123.74219892  .00000353  00000+0  10474-3 0  9996,2 33798  74.0299 231.3653 0092057 317.2516 205.5145 14.44778764906441,Cosmos-2251
COS2251_021,1 33799U 93036AQ  26125.06754391  .00013029  00000+0  15644-2 0  9999,2 33799  74.0301 158.6835 0024065 202.0284 186.6240 14.83830792909346,Cosmos-2251
COS2251_022,1 33805U 93036AW  26125.15398083  .00000895  00000+0  19547-3 0  9993,2 33805  74.0322  38.4243 0061585 191.0351 168.9468 14.58205369913174,Cosmos-2251
COS2251_023,1 33811U 93036BC  26125.12146943  .00016502  00000+0  95877-3 0  9995,2 33811  73.8383   3.7826 0025642  67.6235  84.5993 15.11810950921803,Cosmos-2251
COS2251_024,1 33816U 93036BH  26124.69402850  .00000710  00000+0  52251-3 0  9996,2 33816  73.8956 223.0346 0265185 209.1473 149.4631 13.82018897866481,Cosmos-2251
COS2251_025,1 33818U 93036BK  26125.21874462  .00099907  00000+0  34617-2 0  9990,2 33818  74.0765 226.0347 0009145 166.0532 194.0925 15.29325023920430,Cosmos-2251
COS2251_026,1 33819U 93036BL  26124.95000787  .00001779  00000+0  63314-3 0  9999,2 33819  74.1784 310.6793 0089947 131.5009 343.7094 14.32746928895460,Cosmos-2251
COS2251_027,1 33821U 93036BN  26125.16881855  .00044827  00000+0  12532-2 0  9995,2 33821  74.0260 197.1647 0039069 194.6811 165.3264 15.35687375771956,Cosmos-2251
COS2251_028,1 33822U 93036BP  26124.92515019  .00001866  00000+0  89653-3 0  9990,2 33822  74.0674 300.6950 0148654 313.0910 200.3836 14.13960920880773,Cosmos-2251
COS2251_029,1 33823U 93036BQ  26124.78340339  .00000526  00000+0  31537-3 0  9996,2 33823  73.8092 258.5526 0208283 359.0060 121.8380 13.99321281876103,Cosmos-2251
COS2251_030,1 33825U 93036BS  26124.97726536  .00010619  00000+0  16029-2 0  9998,2 33825  73.9815 108.6450 0076672  40.7331 345.1188 14.72393677909867,Cosmos-2251
COS2251_031,1 33826U 93036BT  26125.10608837  .00006243  00000+0  14337-2 0  9996,2 33826  74.0625 139.9372 0081663 150.5834 268.3443 14.53626453898512,Cosmos-2251
COS2251_032,1 33828U 93036BV  26125.03644572  .00000994  00000+0  29236-3 0  9998,2 33828  74.0464 331.5136 0028208  11.1493 112.3260 14.44801667903820,Cosmos-2251
COS2251_033,1 33830U 93036BX  26124.94962742  .00004853  00000+0  65514-3 0  9999,2 33830  74.0315 309.1334 0041137  35.2077 114.5885 14.78783888915876,Cosmos-2251
COS2251_034,1 33832U 93036BZ  26124.52005719  .00004672  00000+0  92074-3 0  9997,2 33832  74.0543 297.0613 0021257 294.4588 121.3033 14.62663898905111,Cosmos-2251
COS2251_035,1 33835U 93036CC  26124.65343855  .00003057  00000+0  58105-3 0  9993,2 33835  74.0564 187.4218 0054931 204.9012 314.9544 14.63639860908790,Cosmos-2251
COS2251_036,1 33836U 93036CD  26124.99799133  .00007297  00000+0  90874-3 0  9994,2 33836  73.9969 335.6000 0025049 149.4781  12.7363 14.82424508662092,Cosmos-2251
COS2251_037,1 33837U 93036CE  26125.05828609  .00000640  00000+0  16774-3 0  9996,2 33837  74.0102 145.7017 0034959 329.9389  29.9764 14.51011484908742,Cosmos-2251
COS2251_038,1 33838U 93036CF  26124.61799176  .00001104  00000+0  29823-3 0  9999,2 33838  74.0371 242.1284 0027082 327.3333  43.8398 14.48813006906381,Cosmos-2251
COS2251_039,1 33839U 93036CG  26124.70703042  .00000921  00000+0  16979-3 0  9991,2 33839  74.0378 291.6580 0083723   7.2783   9.1186 14.64862335916731,Cosmos-2251
COS2251_040,1 33841U 93036CJ  26125.14301769  .00000472  00000+0  16420-3 0  9995,2 33841  74.0394  13.9693 0019843  63.4268  93.2204 14.38062650901750,Cosmos-2251
COS2251_041,1 33842U 93036CK  26125.20047513  .00000816  00000+0  24848-3 0  9992,2 33842  74.0326 313.2877 0046434  26.4028 333.9480 14.43024874904064,Cosmos-2251
COS2251_042,1 33844U 93036CM  26125.06985299  .00000714  00000+0  26136-3 0  9999,2 33844  74.0645 151.0205 0047169 139.8453 251.5832 14.34079254897801,Cosmos-2251
COS2251_043,1 33848U 93036CR  26124.94574251  .00002659  00000+0  75927-3 0  9993,2 33848  74.0295  90.9363 0041632 118.5889 304.8246 14.45135002898996,Cosmos-2251
COS2251_044,1 33892U 93036CV  26125.17170840  .00001408  00000+0  58648-3 0  9996,2 33892  73.8027 200.2748 0113879 206.4489 179.8971 14.23826236889968,Cosmos-2251
COS2251_045,1 33894U 93036CX  26125.13877441  .00001583  00000+0  16446-2 0  9998,2 33894  73.7628 127.1923 0570117  25.9914 336.8653 13.21624671826023,Cosmos-2251
COS2251_046,1 33896U 93036CZ  26124.39550984  .00000991  00000+0  44665-3 0  9994,2 33896  73.7660 257.5825 0125462  49.4726 335.7503 14.19492550887645,Cosmos-2251
COS2251_047,1 33899U 93036DC  26125.10122588  .00002597  00000+0  50762-3 0  9991,2 33899  74.0520 171.6226 0057153 198.3621 189.8615 14.62384615909341,Cosmos-2251
COS2251_048,1 33900U 93036DD  26124.93184858  .00001516  00000+0  32424-3 0  9997,2 33900  74.0168  86.8951 0048809 203.1491 222.1103 14.58962958911244,Cosmos-2251
COS2251_049,1 33901U 93036DE  26125.00886794  .00082011  00000+0  18840-2 0  9999,2 33901  73.7660 100.5051 0032066 220.1364 139.7475 15.41763846917013,Cosmos-2251
COS2251_050,1 33905U 93036DJ  26124.58858031  .00001412  00000+0  48693-3 0  9994,2 33905  73.8869  52.1308 0058058 269.2054 270.0816 14.35911255897370,Cosmos-2251
COS2251_051,1 33906U 93036DK  26125.17674977  .00010201  00000+0  21339-2 0  9999,2 33906  74.0303  48.3454 0032109  52.2125  16.5595 14.59558080900993,Cosmos-2251
COS2251_052,1 33907U 93036DL  26125.00049838  .00003888  00000+0  13463-2 0  9996,2 33907  74.0666 133.0128 0114216 156.6520 234.8874 14.32376927886306,Cosmos-2251
COS2251_053,1 33908U 93036DM  26124.95946988  .00001675  00000+0  79881-3 0  9991,2 33908  73.8374 311.3508 0216133 309.8444  48.3849 14.08584603874897,Cosmos-2251
COS2251_054,1 33911U 93036DQ  26125.10984756  .00011160  00000+0  15159-2 0  9995,2 33911  74.0898 241.7225 0011936 134.4038 287.2062 14.78849587907612,Cosmos-2251
COS2251_055,1 33912U 93036DR  26124.88720073  .00002337  00000+0  57465-3 0  9993,2 33912  74.0337 279.8399 0010669 326.6558 198.7138 14.52837033905117,Cosmos-2251
COS2251_056,1 33913U 93036DS  26124.80314332  .00001224  00000+0  32491-3 0  9999,2 33913  74.0330 275.4562 0047329 342.8103 145.9892 14.49107009905293,Cosmos-2251
COS2251_057,1 33914U 93036DT  26125.05550380  .00000382  00000+0  31923-3 0  9996,2 33914  74.0875 138.8515 0304442 208.6689 160.1704 13.72181569860477,Cosmos-2251
COS2251_058,1 33915U 93036DU  26125.07444034  .00000803  00000+0  27068-3 0  9990,2 33915  74.0403 131.3216 0106312 189.2677 228.1330 14.35498644898148,Cosmos-2251
COS2251_059,1 33916U 93036DV  26125.06866255  .00000410  00000+0  34892-3 0  9990,2 33916  74.0503 165.0743 0325257 304.9897  76.8748 13.68738597858528,Cosmos-2251
COS2251_060,1 33917U 93036DW  26124.80739566  .00000866  00000+0  69225-3 0  9999,2 33917  74.1057 247.7287 0330986 315.0847  42.3916 13.69748460856926,Cosmos-2251
COS2251_061,1 33920U 93036DZ  26124.13630197  .00005948  00000+0  12200-2 0  9995,2 33920  74.0622  27.3079 0031579   1.4107 358.7142 14.60598221901925,Cosmos-2251
COS2251_062,1 33922U 93036EB  26124.75209818  .00001291  00000+0  33934-3 0  9992,2 33922  74.0473 239.4885 0023126 313.2122 208.9975 14.50003347906500,Cosmos-2251
COS2251_063,1 33924U 93036ED  26125.18484051  .00000762  00000+0  73900-3 0  9995,2 33924  73.9147  39.6023 0401509  48.9528 314.5552 13.50438165846753,Cosmos-2251
COS2251_064,1 33928U 93036EH  26124.76076956  .00000702  00000+0  19359-3 0  9995,2 33928  73.9231 143.2155 0059382  46.2717 314.3335 14.47730488907146,Cosmos-2251
COS2251_065,1 33932U 93036EM  26124.89364698  .00001167  00000+0  38243-3 0  9996,2 33932  74.0344  51.7977 0035405  97.3008 263.2173 14.39173725900571,Cosmos-2251
COS2251_066,1 33933U 93036EN  26125.03508123  .00000557  00000+0  20357-3 0  9996,2 33933  74.0872 158.8900 0070494 132.2147 228.5017 14.33810108898386,Cosmos-2251
COS2251_067,1 33934U 93036EP  26125.12755138  .00002340  00000+0  49000-3 0  9995,2 33934  74.0367 187.0949 0017093 271.7642  88.1566 14.60256394908313,Cosmos-2251
COS2251_068,1 33936U 93036ER  26125.03688480  .00002237  00000+0  45709-3 0  9999,2 33936  74.0150 123.3798 0029594 240.3952 119.4265 14.61239272909823,Cosmos-2251
COS2251_069,1 33938U 93036ET  26125.19998906  .00001442  00000+0  40043-3 0  9998,2 33938  74.0442 299.1987 0015899 348.3535 128.3737 14.47338372904755,Cosmos-2251
COS2251_070,1 33939U 93036EU  26125.01171392  .00079760  00000+0  37638-2 0  9995,2 33939  73.9981 144.9156 0010853 262.8697  97.1266 15.19009579909132,Cosmos-2251
COS2251_071,1 33940U 93036EV  26124.75732446  .00003744  00000+0  78226-3 0  9998,2 33940  74.0399 230.8436 0011513 276.1126 212.3530 14.60179667906801,Cosmos-2251
COS2251_072,1 33942U 93036EX  26125.10206345  .00000462  00000+0  16057-3 0  9992,2 33942  74.0381  10.7570 0019623  63.0540   9.0559 14.38189885901952,Cosmos-2251
COS2251_073,1 33944U 93036EZ  26125.20027659  .00000874  00000+0  27888-3 0  9995,2 33944  74.0413  44.9172 0112375 110.2879  40.1773 14.37634345900896,Cosmos-2251
COS2251_074,1 33945U 93036FA  26125.21670323  .00000318  00000+0  12118-3 0  9992,2 33945  74.0311  43.3432 0021742  99.1365 261.2248 14.34714482900732,Cosmos-2251
COS2251_075,1 33948U 93036FD  26125.21030875  .00000465  00000+0  16934-3 0  9990,2 33948  74.0369  41.8651 0022321  87.0002 273.3704 14.35790865900823,Cosmos-2251
COS2251_076,1 33971U 93036FE  26125.09149133  .00000580  00000+0  19238-3 0  9998,2 33971  74.0258 348.7376 0018063  58.9708  95.5869 14.39988770902025,Cosmos-2251
COS2251_077,1 33972U 93036FF  26124.72314661  .00004242  00000+0  12928-2 0  9995,2 33972  73.9938 286.9384 0124253  62.3987 317.9110 14.37889879891281,Cosmos-2251
COS2251_078,1 33973U 93036FG  26125.19487703  .00000309  00000+0  94159-4 0  9994,2 33973  74.0086 195.0089 0046600 337.7608  52.9611 14.45535835906736,Cosmos-2251
COS2251_079,1 33975U 93036FJ  26124.50251947  .00000562  00000+0  33696-3 0  9998,2 33975  73.8013 193.4502 0191647 301.3410  56.9088 14.00744241878281,Cosmos-2251
COS2251_080,1 33980U 93036FP  26125.05908403  .00001750  00000+0  37212-3 0  9999,2 33980  74.0181 146.0192 0030544 253.1694 137.7901 14.59558265908853,Cosmos-2251
COS2251_081,1 33982U 93036FR  26125.22101942  .00002427  00000+0  48238-3 0  9995,2 33982  74.0693  86.4041 0073326  94.8485 329.8440 14.60981633912540,Cosmos-2251
COS2251_082,1 33983U 93036FS  26124.75642795  .00001414  00000+0  36173-3 0  9999,2 33983  74.0500 238.2851 0021238 303.7940 208.8324 14.51248648907034,Cosmos-2251
COS2251_083,1 33984U 93036FT  26124.92096759  .00003879  00000+0  68239-3 0  9997,2 33984  74.0084  70.2941 0025286 226.9992 194.7945 14.67760630911669,Cosmos-2251
COS2251_084,1 33986U 93036FV  26125.18949830  .00002390  00000+0  70120-3 0  9994,2 33986  74.0377  36.0579 0040468  77.8983  71.1618 14.43908128900983,Cosmos-2251
COS2251_085,1 33990U 93036FZ  26125.23474737  .00001080  00000+0  10348-2 0  9994,2 33990  73.9289  55.5991 0404470  49.3303  20.9354 13.50225510846666,Cosmos-2251
COS2251_086,1 33992U 93036GB  26125.09351138  .00003249  00000+0  56696-3 0  9995,2 33992  74.0240  60.9235 0053126 144.9313 227.5595 14.67479774912274,Cosmos-2251
COS2251_087,1 33994U 93036GD  26124.90523125  .00000218  00000+0  75234-4 0  9996,2 33994  74.0422 285.4499 0022692  24.4958 100.0489 14.41316126904827,Cosmos-2251
COS2251_088,1 33995U 93036GE  26124.63897986  .00001989  00000+0  68606-3 0  9996,2 33995  74.0617 217.7513 0059977 197.3331 162.5776 14.35501847895695,Cosmos-2251
COS2251_089,1 33999U 93036GJ  26125.18448106  .00018223  00000+0  20021-2 0  9994,2 33999  73.9165 303.8339 0043573 162.8786 197.3876 14.86923334913800,Cosmos-2251
COS2251_090,1 34001U 93036GL  26125.13280624  .00000382  00000+0  13680-3 0  9994,2 34001  74.0403  17.8837 0019280  67.8565  82.4462 14.37263613902068,Cosmos-2251
COS2251_091,1 34003U 93036GN  26124.94147830  .00001636  00000+0  10898-2 0  9995,2 34003  74.0775  43.9468 0277355 123.3938 239.4056 13.84823032864072,Cosmos-2251
COS2251_092,1 34004U 93036GP  26124.23045546  .00003434  00000+0  88256-3 0  9991,2 34004  74.0364  45.6203 0029082  27.9958 332.2759 14.50325471900954,Cosmos-2251
COS2251_093,1 34005U 93036GQ  26124.99550147  .00000246  00000+0  85454-4 0  9999,2 34005  74.0445 308.9425 0019916  32.6625 125.8245 14.40422113904416,Cosmos-2251
COS2251_094,1 34006U 93036GR  26123.69024684  .00056825  00000+0  35672-2 0  9997,2 34006  74.0492 214.2676 0002479  95.7663  54.3146 15.08996919907991,Cosmos-2251
COS2251_095,1 34007U 93036GS  26125.20992649  .00003903  00000+0  70734-3 0  9990,2 34007  74.0187  70.4407 0046649 170.7085 189.4959 14.65937775911811,Cosmos-2251
COS2251_096,1 34008U 93036GT  26125.22350758  .00000289  00000+0  11422-3 0  9995,2 34008  74.0343  68.2777 0022709  29.4425  38.5756 14.33245471900200,Cosmos-2251
COS2251_097,1 34009U 93036GU  26124.92645918  .00000281  00000+0  11100-3 0  9992,2 34009  74.0366  75.2457 0026551 113.8572 302.7612 14.33339839899979,Cosmos-2251
COS2251_098,1 34011U 93036GW  26124.79235122  .00002262  00000+0  68347-3 0  9998,2 34011  74.0148  64.5096 0037172 119.1492 241.3393 14.42571894899783,Cosmos-2251
COS2251_099,1 34014U 93036GZ  26125.06590498  .00004866  00000+0  72056-3 0  9996,2 34014  74.0176   0.6896 0038243 107.4586  52.2261 14.74923928914156,Cosmos-2251
COS2251_100,1 34015U 93036HA  26124.76862551  .00002241  00000+0  45857-3 0  9999,2 34015  74.0243 245.9311 0020359 308.0743 202.2787 14.61303566906192,Cosmos-2251
COS2251_101,1 34018U 93036HD  26125.20949464  .00000690  00000+0  51644-3 0  9998,2 34018  73.8782 208.9081 0265117 218.4710 170.6134 13.81270476866388,Cosmos-2251
COS2251_102,1 34019U 93036HE  26125.03721242  .00000860  00000+0  30759-3 0  9995,2 34019  73.9510 147.0690 0062906 294.0311  87.0306 14.34515184895758,Cosmos-2251
COS2251_103,1 34021U 93036HG  26125.23817816  .00001240  00000+0  32356-3 0  9991,2 34021  74.0363 220.2696 0020754 326.2846  62.0339 14.50435589907105,Cosmos-2251
COS2251_104,1 34022U 93036HH  26124.11363889  .00000504  00000+0  17081-3 0  9994,2 34022  74.0557   8.4110 0021529  40.6451 109.5420 14.39172706902433,Cosmos-2251
COS2251_105,1 34023U 93036HJ  26125.07729785  .00000693  00000+0  22391-3 0  9991,2 34023  74.0257 346.4036 0017952  52.1659 100.9009 14.40874495902788,Cosmos-2251
COS2251_106,1 34024U 93036HK  26125.08381897  .00000401  00000+0  14809-3 0  9993,2 34024  74.0474  53.2301 0020130  72.9598 298.2964 14.35556587900818,Cosmos-2251
COS2251_107,1 34026U 93036HM  26124.99006163  .00001080  00000+0  89353-3 0  9994,2 34026  73.7653  99.0388 0348432 306.2263 107.8536 13.65590395854879,Cosmos-2251
COS2251_108,1 34028U 93036HP  26124.98471183  .00000395  00000+0  46754-3 0  9999,2 34028  73.8799 127.5878 0546951 241.3085 143.2740 13.20766642828997,Cosmos-2251
COS2251_109,1 34031U 93036HS  26125.06383169  .00003334  00000+0  67962-3 0  9999,2 34031  74.0132 221.5874 0023306 306.0586 108.6413 14.61230586906588,Cosmos-2251
COS2251_110,1 34035U 93036HW  26124.88258161  .00005712  00000+0  13538-2 0  9996,2 34035  74.0642  79.5210 0038855  49.6121 341.6613 14.53766089900457,Cosmos-2251
COS2251_111,1 34036U 93036HX  26124.52193332  .00056147  00000+0  34136-2 0  9991,2 34036  74.0124 217.6788 0008322 262.0433  97.9815 15.10145801907146,Cosmos-2251
COS2251_112,1 34037U 93036HY  26125.07881413  .00000888  00000+0  31511-3 0  9993,2 34037  74.0488 147.9908 0053185 164.9493 195.3258 14.35117985897737,Cosmos-2251
COS2251_113,1 34040U 93036JB  26125.16131150  .00000840  00000+0  66989-3 0  9998,2 34040  73.9568 188.7517 0337061 114.3416 249.3282 13.68940756855623,Cosmos-2251
COS2251_114,1 34045U 93036JG  26124.81290461  .00000184  00000+0  74843-4 0  9995,2 34045  74.0402  49.0288 0025408 100.8554 318.9446 14.34147081900847,Cosmos-2251
COS2251_115,1 34046U 93036JH  26124.36954069  .00002984  00000+0  78453-3 0  9997,2 34046  74.0365 103.8467 0076713 154.8985 355.7226 14.47800481898896,Cosmos-2251
COS2251_116,1 34050U 93036JM  26124.33149484  .00000374  00000+0  23479-3 0  9995,2 34050  74.0850 125.3515 0216658 156.2730 268.0931 13.96580865874225,Cosmos-2251
COS2251_117,1 34053U 93036JQ  26125.07867858  .00000523  00000+0  49411-3 0  9992,2 34053  73.8459  11.1229 0423721 135.9915 227.5762 13.49332203846178,Cosmos-2251
COS2251_118,1 34056U 93036JT  26125.12995647  .00002477  00000+0  10532-2 0  9990,2 34056  74.0576 179.7415 0126144 194.4587 194.7490 14.21562031884480,Cosmos-2251
COS2251_119,1 34058U 93036JV  26124.97961262  .00000324  00000+0  31371-3 0  9994,2 34058  73.9331 305.8977 0377236 273.9340 256.1113 13.56249908850844,Cosmos-2251
COS2251_120,1 34059U 93036JW  26124.85007597  .00002145  00000+0  51617-3 0  9992,2 34059  74.0380 276.0780 0017437 319.1932 191.2097 14.53846928905389,Cosmos-2251
COS2251_121,1 34061U 93036JY  26125.09482711  .00000715  00000+0  23164-3 0  9994,2 34061  74.0404 358.3358 0019616  44.2512 106.6809 14.40669475902446,Cosmos-2251
COS2251_122,1 34062U 93036JZ  26125.22226458  .00018754  00000+0  21826-2 0  9998,2 34062  74.0270 214.6439 0069705 257.8296 130.0453 14.83496777907202,Cosmos-2251
COS2251_123,1 34064U 93036KB  26125.10048105  .00001081  00000+0  33091-3 0  9991,2 34064  74.0337   4.7914 0021058  41.4079 110.6704 14.42851108902092,Cosmos-2251
COS2251_124,1 34065U 93036KC  26125.04082501  .00000331  00000+0  11746-3 0  9993,2 34065  74.0369 354.1329 0015682  60.6666   9.8312 14.38212248902658,Cosmos-2251
COS2251_125,1 34070U 93036KH  26125.16876904  .00014505  00000+0  18343-2 0  9997,2 34070  73.9989 193.3106 0020094 275.8022 113.6414 14.81718978907320,Cosmos-2251
COS2251_126,1 34114U 93036KK  26125.06251389  .00007615  00000+0  15949-2 0  9992,2 34114  74.0559 131.5785 0040834  95.6964 320.7575 14.59363922898900,Cosmos-2251
COS2251_127,1 34115U 93036KL  26124.98314779  .00007120  00000+0  89355-3 0  9990,2 34115  74.0055 318.9068 0030283 107.6071 252.8418 14.82006167915325,Cosmos-2251
COS2251_128,1 34116U 93036KM  26124.88845248  .00002550  00000+0  61133-3 0  9996,2 34116  74.0407 272.5199 0011113 316.1450 210.7513 14.53964957905669,Cosmos-2251
COS2251_129,1 34117U 93036KN  26124.60043106  .00001570  00000+0  49124-3 0  9997,2 34117  74.0381  79.7430 0055659 124.2889 236.3554 14.40624910901802,Cosmos-2251
COS2251_130,1 34118U 93036KP  26124.00587834  .00024129  00000+0  18513-2 0  9995,2 34118  73.9501 319.9155 0057679 116.1618  36.8539 15.00374072913056,Cosmos-2251
COS2251_131,1 34120U 93036KR  26124.98968230  .00000500  00000+0  31432-3 0  9991,2 34120  73.9921 328.0438 0182744 124.6926  26.4890 13.98833118879836,Cosmos-2251
COS2251_132,1 34121U 93036KS  26125.23551220  .00001179  00000+0  73983-3 0  9998,2 34121  73.9918 211.1415 0238360  25.4571   5.2472 13.92485206871221,Cosmos-2251
COS2251_133,1 34122U 93036KT  26125.19271815  .00005865  00000+0  10007-2 0  9996,2 34122  74.0355 202.1724 0080153  61.7314 322.2526 14.67061639907871,Cosmos-2251
COS2251_134,1 34127U 93036KY  26124.51128806  .00003413  00000+0  11763-2 0  9994,2 34127  74.1754 145.5701 0113412 303.8079 219.7082 14.32714073888153,Cosmos-2251
COS2251_135,1 34128U 93036KZ  26125.07912566  .00047185  00000+0  26705-2 0  9997,2 34128  73.9941   1.7818 0026241  99.2530  51.4158 15.12519913913252,Cosmos-2251
COS2251_136,1 34129U 93036LA  26124.17780601  .00007774  00000+0  10613-2 0  9992,2 34129  74.0341  60.1735 0032303 112.0797 248.3814 14.78400315634017,Cosmos-2251
COS2251_137,1 34136U 93036LH  26125.04038387  .00002049  00000+0  25219-3 0  9993,2 34136  74.0173 119.7606 0086205 206.0563 210.7716 14.81101785921310,Cosmos-2251
COS2251_138,1 34139U 93036LL  26124.61800946  .00005884  00000+0  11821-2 0  9999,2 34139  74.0307 341.1967 0040113  23.2290   7.4717 14.61341403902353,Cosmos-2251
COS2251_139,1 34141U 93036LN  26124.43076449  .00003638  00000+0  91034-3 0  9995,2 34141  74.0073 120.3596 0050482 175.8244 335.0108 14.51060591897626,Cosmos-2251
COS2251_140,1 34270U 93036LQ  26125.16103307  .00003878  00000+0  69861-3 0  9992,2 34270  74.0128  30.0278 0049435 148.3902 212.0253 14.66117283911973,Cosmos-2251
COS2251_141,1 34271U 93036LR  26124.47387984  .00009916  00000+0  14798-2 0  9998,2 34271  74.0187 281.0118 0015141 310.0993 106.0766 14.74827616903367,Cosmos-2251
COS2251_142,1 34273U 93036LT  26124.92856280  .00002665  00000+0  53020-3 0  9996,2 34273  74.0347 173.3348 0015854 258.4442 155.9349 14.62535611907148,Cosmos-2251
COS2251_143,1 34274U 93036LU  26125.08512698  .00003567  00000+0  64639-3 0  9997,2 34274  74.0011 151.9728 0024224 262.4163 128.5569 14.66500382907766,Cosmos-2251
COS2251_144,1 34276U 93036LW  26124.60148433  .00002018  00000+0  44243-3 0  9997,2 34276  74.0219 173.4788 0023757 280.8333 233.2589 14.58155750906745,Cosmos-2251
COS2251_145,1 34297U 93036MT  26125.15799752  .00000270  00000+0  10027-3 0  9998,2 34297  74.0503  20.8525 0016326  57.7251  93.3792 14.36751465901244,Cosmos-2251
COS2251_146,1 34301U 93036MX  26125.02509468  .00036638  00000+0  34907-2 0  9992,2 34301  74.0026 239.8561 0007777 287.0860 189.5823 14.93181194905332,Cosmos-2251
COS2251_147,1 34302U 93036MY  26124.54706747  .00001556  00000+0  48402-3 0  9995,2 34302  74.1780 222.0824 0077387  36.3095 342.4680 14.40064289897761,Cosmos-2251
COS2251_148,1 34303U 93036MZ  26125.13251647  .00005235  00000+0  10531-2 0  9995,2 34303  74.0062  15.8099 0135281 120.3439  39.5698 14.56133987900486,Cosmos-2251
COS2251_149,1 34304U 93036NA  26125.23820793  .00002579  00000+0  76875-3 0  9993,2 34304  74.0129 217.6221 0127562 320.8648  68.3579 14.38972301893606,Cosmos-2251
COS2251_150,1 34307U 93036ND  26123.33998008  .00000756  00000+0  69506-3 0  9998,2 34307  74.0526  85.8436 0393305 245.8540 270.5691 13.54563665847797,Cosmos-2251
COS2251_151,1 34314U 93036NL  26124.96863602  .00000716  00000+0  34444-3 0  9996,2 34314  74.0064  52.6982 0103853 126.9281 359.9263 14.17775405886874,Cosmos-2251
COS2251_152,1 34316U 93036NN  26124.76124104  .00020222  00000+0  16807-2 0  9999,2 34316  74.0644  48.7960 0011552 140.0196 220.1843 14.98628308913476,Cosmos-2251
COS2251_153,1 34317U 93036NP  26125.10567307  .00000230  00000+0  20935-3 0  9990,2 34317  73.9223 159.6909 0334671 122.3899 272.4467 13.65332678855760,Cosmos-2251
COS2251_154,1 34321U 93036NT  26125.04477030  .00001466  00000+0  37956-3 0  9994,2 34321  74.0284 246.9626 0015435 340.2246 136.6970 14.50691431905644,Cosmos-2251
COS2251_155,1 34323U 93036NV  26125.18032956  .00015776  00000+0  20940-2 0  9998,2 34323  73.9514 200.5649 0055148 213.4566 174.4554 14.78738257905570,Cosmos-2251
COS2251_156,1 34325U 93036NX  26124.94504500  .00001127  00000+0  60830-3 0  9990,2 34325  73.8708 300.3066 0188344 291.0902 223.7749 14.05282581875269,Cosmos-2251
COS2251_157,1 34327U 93036NZ  26125.07676082  .00011558  00000+0  10979-2 0  9999,2 34327  73.9932 243.7336 0031537  24.1184 151.7659 14.93179834916448,Cosmos-2251
COS2251_158,1 34340U 93036PN  26124.58446891  .00001037  00000+0  74267-3 0  9994,2 34340  74.0761  69.2673 0289696 144.9533  31.4246 13.80028057862384,Cosmos-2251
COS2251_159,1 34343U 93036PR  26125.09427316  .00005436  00000+0  86695-3 0  9990,2 34343  74.0174 170.9528 0019202  45.5686 336.9361 14.72048609908382,Cosmos-2251
COS2251_160,1 34344U 93036PS  26125.22676609  .00002233  00000+0  99308-3 0  9994,2 34344  73.9767 213.9555 0153519   6.0174  24.0860 14.17406666881290,Cosmos-2251
COS2251_161,1 34346U 93036PU  26124.80301453  .00001286  00000+0  73344-3 0  9990,2 34346  73.9941  63.8720 0209954 210.3111 180.8217 14.00199964874121,Cosmos-2251
COS2251_162,1 34383U 93036PY  26125.05222147  .00106993  00000+0  33316-2 0  9996,2 34383  74.0230 357.0707 0014463 145.3202 214.8948 15.32683700912916,Cosmos-2251
COS2251_163,1 34387U 93036QC  26123.96653069  .00000758  00000+0  22668-3 0  9990,2 34387  74.0399 307.4533 0037858  10.1384 112.8257 14.44188091902346,Cosmos-2251
COS2251_164,1 34388U 93036QD  26124.99397118  .00001930  00000+0  50270-3 0  9998,2 34388  74.0390 314.2272 0012067 331.6072 182.7830 14.50211398902318,Cosmos-2251
COS2251_165,1 34389U 93036QE  26124.66355501  .00000961  00000+0  30015-3 0  9991,2 34389  74.0193 344.7049 0028739  65.7071 350.5706 14.41916252900728,Cosmos-2251
COS2251_166,1 34396U 93036QM  26125.23316402  .00014447  00000+0  19797-2 0  9997,2 34396  74.0272 202.7792 0006388 231.8656 159.9469 14.78463440904641,Cosmos-2251
COS2251_167,1 34409U 93036RA  26125.23249479  .00000938  00000+0  20040-3 0  9995,2 34409  74.0648  34.2389 0078863  72.2754  88.0586 14.58345455912842,Cosmos-2251
COS2251_168,1 34410U 93036RB  26124.51800825  .00119086  00000+0  27888-2 0  9996,2 34410  73.7282 312.7326 0019865 128.8613 231.4371 15.41377541919564,Cosmos-2251
COS2251_169,1 34412U 93036RD  26125.20341352  .00005255  00000+0  11267-2 0  9996,2 34412  73.9484  54.4205 0185866 118.3861 243.6176 14.48632585897271,Cosmos-2251
COS2251_170,1 34413U 93036RE  26125.08939472  .00002960  00000+0  11048-2 0  9996,2 34413  74.0321   4.2953 0090104  49.6206 100.0062 14.30102905891796,Cosmos-2251
COS2251_171,1 34420U 93036RM  26124.94390513  .00000610  00000+0  10220-3 0  9997,2 34420  74.0328 186.8788 0106597 270.8575 142.8592 14.68617477918726,Cosmos-2251
COS2251_172,1 34425U 93036RS  26125.07991492  .00002345  00000+0  46044-3 0  9990,2 34425  74.0162 139.5522 0027823 229.4964 130.3779 14.63041165908362,Cosmos-2251
COS2251_173,1 34430U 93036RX  26125.16445159  .00001240  00000+0  39326-3 0  9998,2 34430  74.0528  38.6447 0059610  74.7533 286.0202 14.40034080900197,Cosmos-2251
COS2251_174,1 34431U 93036RY  26124.79833086  .00001364  00000+0  53365-3 0  9993,2 34431  74.0744 276.1345 0067257 225.5136 134.0504 14.29249551891863,Cosmos-2251
COS2251_175,1 34432U 93036RZ  26125.23104387  .00001068  00000+0  60537-3 0  9999,2 34432  73.8278 209.4162 0182180 266.2083 122.6321 14.03320904876974,Cosmos-2251
COS2251_176,1 34433U 93036SA  26124.82316971  .00001553  00000+0  74913-3 0  9990,2 34433  74.0103 261.3031 0151094   6.7684 353.5447 14.13669132879710,Cosmos-2251
COS2251_177,1 34434U 93036SB  26125.05126944  .00003327  00000+0  19234-2 0  9991,2 34434  74.0578 126.0704 0283393 229.1264 189.4981 13.91112772859584,Cosmos-2251
COS2251_178,1 34446U 93036SP  26125.04287376  .00000287  00000+0  81038-4 0  9995,2 34446  74.0395 148.5082 0052145 249.6695 109.8857 14.49507578907708,Cosmos-2251
COS2251_179,1 34449U 93036SS  26125.07700940  .00050345  00000+0  34152-2 0  9991,2 34449  74.0256 138.8515 0017540 169.5205 249.5219 15.06049778908439,Cosmos-2251
COS2251_180,1 34451U 93036SU  26124.49694306  .00036644  00000+0  23690-2 0  9998,2 34451  74.0405 157.0835 0016254 167.4162 192.7438 15.07929472907784,Cosmos-2251
COS2251_181,1 34452U 93036SV  26124.74514937  .00014205  00000+0  69488-3 0  9993,2 34452  74.0277 245.5049 0059072 284.7205  74.7448 15.16660268928270,Cosmos-2251
COS2251_182,1 34454U 93036SX  26124.37395123  .00000518  00000+0  17513-3 0  9992,2 34454  74.0605  14.9069 0034383  43.5649 316.8211 14.39026817901198,Cosmos-2251
COS2251_183,1 34459U 93036TC  26125.05881991  .00000676  00000+0  40029-3 0  9999,2 34459  74.0809   6.2918 0190620  42.0654 319.4935 14.00733926877180,Cosmos-2251
COS2251_184,1 34468U 93036TM  26125.22613627  .00000705  00000+0  19114-3 0  9991,2 34468  74.0132 208.3048 0075973 317.6829  41.8483 14.47948422905384,Cosmos-2251
COS2251_185,1 34472U 93036TR  26124.54550538  .00000873  00000+0  68781-3 0  9991,2 34472  74.0824 223.1867 0329197 320.7323  37.0324 13.70725883856830,Cosmos-2251
COS2251_186,1 34474U 93036TT  26124.88218619  .00002225  00000+0  11133-2 0  9992,2 34474  74.0756  76.0323 0199491 117.0759 277.9083 14.07436936875220,Cosmos-2251
COS2251_187,1 34476U 93036TV  26124.63560362  .00002289  00000+0  14421-2 0  9995,2 34476  74.0045 201.3351 0312509  29.4855 332.3494 13.83386544856130,Cosmos-2251
COS2251_188,1 34477U 93036TW  26125.19521000  .00002428  00000+0  51704-3 0  9995,2 34477  73.9760 155.9128 0076120 307.3830 167.5415 14.57765828907154,Cosmos-2251
COS2251_189,1 34478U 93036TX  26124.90651471  .00119864  00000+0  40979-2 0  9994,2 34478  74.0380  67.9275 0032747 227.4788 132.3648 15.29203461911457,Cosmos-2251
COS2251_190,1 34481U 93036UA  26125.08473196  .00001164  00000+0  42291-3 0  9997,2 34481  73.9767 150.7274 0071161 290.3707  99.8756 14.33010487895020,Cosmos-2251
COS2251_191,1 34482U 93036UB  26124.94090919  .00008956  00000+0  13817-2 0  9997,2 34482  74.0354 305.4047 0039080 333.8504 187.1679 14.72971157902931,Cosmos-2251
COS2251_192,1 34544U 93036UE  26123.86939391  .00000497  00000+0  47530-3 0  9994,2 34544  73.9170 333.9048 0381260 336.0975  43.9987 13.54921537848079,Cosmos-2251
COS2251_193,1 34546U 93036UG  26125.06958574  .00001512  00000+0  43008-3 0  9999,2 34546  74.0305 341.7804 0020835  25.8661 128.3658 14.46067042900978,Cosmos-2251
COS2251_194,1 34547U 93036UH  26124.56298560  .00007516  00000+0  11048-2 0  9994,2 34547  74.0294 181.9222 0018888 231.8563 128.0910 14.75495579906267,Cosmos-2251
COS2251_195,1 34553U 93036UP  26124.53079595  .00004148  00000+0  88099-3 0  9992,2 34553  74.0246 279.8436 0018004 326.3985  99.7239 14.59327529901784,Cosmos-2251
COS2251_196,1 34554U 93036UQ  26124.72968302  .00000663  00000+0  22608-3 0  9999,2 34554  74.0401  35.6384 0022228  67.8325 321.2534 14.38215370898116,Cosmos-2251
COS2251_197,1 34556U 93036US  26125.21678734  .00018262  00000+0  22633-2 0  9994,2 34556  74.0142 201.7298 0008556 244.2961 147.0352 14.82634239904528,Cosmos-2251
COS2251_198,1 34560U 93036UW  26124.71074681  .00009464  00000+0  13815-2 0  9990,2 34560  74.0164 222.7828 0014726 274.0232 238.0615 14.75794821903581,Cosmos-2251
COS2251_199,1 34563U 93036UZ  26124.45823131  .00001219  00000+0  34188-3 0  9993,2 34563  74.0369 297.1267 0012994 358.7930  31.3500 14.47036395902618,Cosmos-2251
COS2251_200,1 34564U 93036VA  26125.04648068  .00000561  00000+0  18269-3 0  9995,2 34564  74.0328 332.8147 0018384  45.1721 109.1906 14.40943883900706,Cosmos-2251
COS2251_201,1 34567U 93036VD  26124.81601405  .00000320  00000+0  14600-3 0  9994,2 34567  74.0415 259.2336 0074261 298.4401 178.4996 14.24163732891618,Cosmos-2251
COS2251_202,1 34569U 93036VF  26124.62469791  .00001708  00000+0  64797-3 0  9998,2 34569  73.9898 299.6597 0157378  95.7342  21.3096 14.25190328890037,Cosmos-2251
COS2251_203,1 34570U 93036VG  26121.88286948  .00000868  00000+0  51709-3 0  9991,2 34570  73.9585 334.4870 0191177 187.4075 190.7046 14.00096584875627,Cosmos-2251
COS2251_204,1 34571U 93036VH  26124.82972186  .00007438  00000+0  18163-2 0  9991,2 34571  74.0371 273.5851 0058909 274.8764  84.5672 14.51712982893680,Cosmos-2251
COS2251_205,1 34572U 93036VJ  26124.28528465  .00006134  00000+0  14682-2 0  9993,2 34572  74.0095 206.7550 0062914 247.1832 169.6017 14.52546245894461,Cosmos-2251
COS2251_206,1 34574U 93036VL  26125.05142273  .00005048  00000+0  76879-3 0  9990,2 34574  74.0654 124.9921 0062930 110.9325 305.8070 14.72843814908877,Cosmos-2251
COS2251_207,1 34576U 93036VN  26125.23519441  .00002971  00000+0  67469-3 0  9994,2 34576  74.0343 226.0985 0008394 322.6148  63.2273 14.56438161905556,Cosmos-2251
COS2251_208,1 34579U 93036VR  26125.00654271  .00000994  00000+0  28681-3 0  9999,2 34579  74.0523 317.0579 0026270 351.2521 168.9163 14.45784144902444,Cosmos-2251
COS2251_209,1 34582U 93036VU  26125.03727068  .00001468  00000+0  43164-3 0  9991,2 34582  74.0203   5.7399 0048330  84.0968 276.5694 14.43939606900155,Cosmos-2251
COS2251_210,1 34588U 93036WA  26124.76386426  .00001067  00000+0  32947-3 0  9997,2 34588  74.0445   3.1351 0017618  25.1933  42.7151 14.42457100900123,Cosmos-2251
COS2251_211,1 34589U 93036WB  26124.14310441  .00000455  00000+0  32405-3 0  9993,2 34589  73.9246 173.3141 0247710  89.2116 304.4267 13.86350956866855,Cosmos-2251
COS2251_212,1 34590U 93036WC  26125.21814000  .00000467  00000+0  11182-3 0  9996,2 34590  74.0449  51.0923 0068735 145.1908   5.7852 14.55006361912075,Cosmos-2251
COS2251_213,1 34609U 93036WE  26124.00422534  .00001087  00000+0  45154-3 0  9995,2 34609  73.7323 206.5709 0142043  43.2470 134.5340 14.22361831886544,Cosmos-2251
COS2251_214,1 34610U 93036WF  26124.77288010  .00001795  00000+0  92309-3 0  9990,2 34610  74.0180  11.2838 0180621 109.8417 252.2290 14.07855078875723,Cosmos-2251
COS2251_215,1 34611U 93036WG  26124.93138182  .00006908  00000+0  10932-2 0  9995,2 34611  74.0513 183.1991 0021645 194.5981 221.8552 14.72286585904965,Cosmos-2251
COS2251_216,1 34613U 93036WJ  26125.14505030  .00001495  00000+0  58026-3 0  9994,2 34613  73.9639  17.9368 0113677 176.8282 338.1907 14.27305288885089,Cosmos-2251
COS2251_217,1 34614U 93036WK  26124.90952088  .00010305  00000+0  40486-2 0  9997,2 34614  73.8783  85.4371 0180866  54.6244 336.6953 14.20813871867986,Cosmos-2251
COS2251_218,1 34615U 93036WL  26124.59236898  .00000554  00000+0  52966-3 0  9999,2 34615  74.0067  65.0141 0399234 302.4476 246.4343 13.52384093847461,Cosmos-2251
COS2251_219,1 34619U 93036WQ  26125.14137223  .00000815  00000+0  14845-3 0  9991,2 34619  74.0433 284.2654 0093292 342.0501  17.7378 14.65077974913980,Cosmos-2251
COS2251_220,1 34620U 93036WR  26124.54539154  .00006125  00000+0  14601-2 0  9994,2 34620  74.0511 311.1896 0071257 314.4205  45.1137 14.52399473888984,Cosmos-2251
COS2251_221,1 34622U 93036WT  26123.13661203  .00001770  00000+0  75895-3 0  9995,2 34622  74.0413  53.1877 0105596 104.0528 320.0103 14.22560325884701,Cosmos-2251
COS2251_222,1 34626U 93036WX  26125.23746759  .00006524  00000+0  99198-3 0  9996,2 34626  74.0484  44.4694 0026889 103.5046  49.3193 14.73950057912577,Cosmos-2251
COS2251_223,1 34634U 93036XF  26125.18119186  .00001182  00000+0  27072-3 0  9994,2 34634  74.0488 123.2904 0045888 194.7245 294.0313 14.56134189908695,Cosmos-2251
COS2251_224,1 34635U 93036XG  26125.03124666  .00004139  00000+0  68571-3 0  9992,2 34635  74.0418 153.3121 0029770 190.0230 189.0133 14.70306691753246,Cosmos-2251
COS2251_225,1 34637U 93036XJ  26125.15660793  .00002747  00000+0  55239-3 0  9993,2 34637  74.0484 187.3572 0050663 221.7748 168.5495 14.61306102906216,Cosmos-2251
COS2251_226,1 34641U 93036XN  26124.53901435  .00001569  00000+0  38662-3 0  9992,2 34641  73.8366 169.1334 0015026  55.6168  69.6141 14.53028478903297,Cosmos-2251
COS2251_227,1 34642U 93036XP  26124.14742076  .00001392  00000+0  80377-3 0  9998,2 34642  74.0019  93.0085 0210410 239.9689 133.5089 13.99496308872852,Cosmos-2251
COS2251_228,1 34671U 93036XR  26124.26499201  .00006176  00000+0  10451-2 0  9992,2 34671  74.0262 218.5359 0012001 266.9082 125.0480 14.69485212903895,Cosmos-2251
COS2251_229,1 34672U 93036XS  26125.16183051  .00000543  00000+0  19267-3 0  9993,2 34672  74.0350  42.0333 0023399  83.9712 345.7201 14.36623564672371,Cosmos-2251
COS2251_230,1 34678U 93036XY  26125.08329380  .00000014  00000+0  15457-4 0  9998,2 34678  74.0354 105.0889 0024435 122.7877 359.4414 14.30089037894282,Cosmos-2251
COS2251_231,1 34680U 93036YA  26125.22235573  .00004521  00000+0  90410-3 0  9995,2 34680  74.0433 215.5425 0007496 274.7905 113.8895 14.62134978904247,Cosmos-2251
COS2251_232,1 34681U 93036YB  26124.13524328  .00008501  00000+0  95737-3 0  9993,2 34681  74.0631   8.1172 0021408  37.1012 115.0194 14.86599129913843,Cosmos-2251
COS2251_233,1 34682U 93036YC  26124.46899464  .00001962  00000+0  41473-3 0  9998,2 34682  74.0374 170.9174 0019960 264.4137 159.0809 14.59906795907688,Cosmos-2251
COS2251_234,1 34683U 93036YD  26125.14589933  .00003085  00000+0  56352-3 0  9992,2 34683  74.0273 176.0982 0020037 254.2171 136.8716 14.66262370904491,Cosmos-2251
COS2251_235,1 34685U 93036YF  26125.02093931  .00003051  00000+0  65750-3 0  9994,2 34685  74.0301 236.0379 0014338 304.4444 170.8589 14.58817473906208,Cosmos-2251
COS2251_236,1 34689U 93036YK  26123.63507574  .00004842  00000+0  23472-2 0  9999,2 34689  74.0882 336.1073 0221697  12.5986  43.1172 14.06617169863356,Cosmos-2251
COS2251_237,1 34721U 93036YP  26124.84293388  .00002471  00000+0  14560-2 0  9999,2 34721  73.9231  77.8657 0216202 347.7301  38.9523 13.97462656871489,Cosmos-2251
COS2251_238,1 34722U 93036YQ  26124.12994042  .00002028  00000+0  98380-3 0  9997,2 34722  73.8739  82.0521 0163096 340.5349  34.7614 14.12326966882551,Cosmos-2251
COS2251_239,1 34726U 93036YU  26125.02259413  .00001655  00000+0  34567-3 0  9999,2 34726  74.0274  72.8444 0044134 187.7244 172.3247 14.60121434905934,Cosmos-2251
COS2251_240,1 34728U 93036YW  26124.99497778  .00003605  00000+0  56962-3 0  9994,2 34728  74.0167 333.0100 0041941  96.6481 263.9468 14.72129685909072,Cosmos-2251
COS2251_241,1 34729U 93036YX  26125.04669140  .00013408  00000+0  14833-2 0  9998,2 34729  74.0159  73.4914 0017182 169.6153 315.4310 14.87294001905851,Cosmos-2251
COS2251_242,1 34732U 93036ZA  26125.13199566  .00000275  00000+0  81722-4 0  9993,2 34732  74.0450 185.2003 0040459 298.5656  89.5560 14.47445784902184,Cosmos-2251
COS2251_243,1 34738U 93036ZG  26124.75388816  .00000704  00000+0  20025-3 0  9999,2 34738  74.0158 235.8852 0046657 346.7615 165.8627 14.46633869899264,Cosmos-2251
COS2251_244,1 34750U 93036ZU  26124.89123338  .00005402  00000+0  10464-2 0  9999,2 34750  74.1062 288.7815 0036721 199.0177 313.1886 14.63098781903237,Cosmos-2251
COS2251_245,1 34752U 93036ZW  26124.29976713  .00010125  00000+0  71442-3 0  9990,2 34752  74.0118  69.4424 0047750 163.7807 196.4924 15.04108559919909,Cosmos-2251
COS2251_246,1 34754U 93036ZY  26124.72538624  .00000487  00000+0  15986-3 0  9996,2 34754  74.0305 323.0622 0028919  45.9198  79.6527 14.40692417901922,Cosmos-2251
COS2251_247,1 34755U 93036ZZ  26125.08035071  .00001050  00000+0  99394-3 0  9997,2 34755  73.9249  59.5903 0404807  53.1238 325.7450 13.50856393844595,Cosmos-2251
COS2251_248,1 34756U 93036AAA 26124.29346853  .00000714  00000+0  57733-3 0  9990,2 34756  74.0027 229.8418 0342708  75.9224 287.9726 13.67650730853706,Cosmos-2251
COS2251_249,1 34758U 93036AAC 26125.15872137  .00000940  00000+0  80756-3 0  9999,2 34758  74.1051  68.5537 0386753 159.5775 202.1298 13.58458780848577,Cosmos-2251
COS2251_250,1 34760U 93036AAE 26125.18745581  .00001256  00000+0  57566-3 0  9991,2 34760  74.0641  46.2876 0095397  65.1495   5.9720 14.19929051887243,Cosmos-2251
COS2251_251,1 34761U 93036AAF 26124.93424736  .00001482  00000+0  48863-3 0  9991,2 34761  74.0262  98.7690 0035687 103.5955 256.9178 14.38632463897080,Cosmos-2251
COS2251_252,1 34784U 93036AAM 26124.78060086  .00001767  00000+0  35621-3 0  9997,2 34784  74.0071  50.3961 0051276 184.3857 175.6868 14.61472781906241,Cosmos-2251
COS2251_253,1 34790U 93036AAT 26124.68277604  .00001207  00000+0  49856-3 0  9993,2 34790  74.0543 346.2247 0098973  14.3756  43.0499 14.25153050886094,Cosmos-2251
COS2251_254,1 34792U 93036AAV 26124.81951071  .00003447  00000+0  76790-3 0  9992,2 34792  74.0180 257.8364 0012046 320.6404 166.4214 14.57246871897333,Cosmos-2251
COS2251_255,1 34793U 93036AAW 26125.04634787  .00000628  00000+0  20942-3 0  9997,2 34793  74.0032 345.5554 0050807 107.2327  42.6784 14.38875341893912,Cosmos-2251
COS2251_256,1 34796U 93036AAZ 26124.97113272  .00001588  00000+0  39681-3 0  9998,2 34796  74.0299 307.6118 0098460  15.0930 137.7131 14.49491890901027,Cosmos-2251
COS2251_257,1 34797U 93036ABA 26123.44511087  .00003867  00000+0  10938-2 0  9991,2 34797  73.9767 195.5871 0072277 275.3951  83.8963 14.44429542894607,Cosmos-2251
COS2251_258,1 34813U 93036ABC 26124.81309118  .00003423  00000+0  29305-2 0  9998,2 34813  73.9289 262.9796 0435287 270.0117  85.1126 13.51281494835879,Cosmos-2251
COS2251_259,1 34814U 93036ABD 26125.14266515  .00001704  00000+0  56782-3 0  9999,2 34814  73.8960  59.3583 0054959 275.2355 146.4093 14.37537919893937,Cosmos-2251
COS2251_260,1 34815U 93036ABE 26124.93511704  .00004533  00000+0  58271-3 0  9997,2 34815  74.0444 320.1250 0054498 353.6231   6.4244 14.80417681907457,Cosmos-2251
COS2251_261,1 34816U 93036ABF 26121.71033490  .00000549  00000+0  49929-3 0  9995,2 34816  73.8866 274.6869 0372027 314.0741  61.6394 13.58628107846845,Cosmos-2251
COS2251_262,1 34818U 93036ABH 26124.18867053  .00000543  00000+0  19087-3 0  9997,2 34818  74.0376  34.9740 0023578  80.1615  70.1068 14.37166279894162,Cosmos-2251
COS2251_263,1 34819U 93036ABJ 26124.74772394  .00005648  00000+0  10305-2 0  9997,2 34819  74.0173 227.2063 0016001 286.6203 201.7502 14.66138898903234,Cosmos-2251
COS2251_264,1 34823U 93036ABN 26124.23937589  .00001595  00000+0  31806-3 0  9992,2 34823  74.0406 192.3573 0154404 240.8689 117.6946 14.55593755904543,Cosmos-2251
COS2251_265,1 34845U 93036ABP 26124.05233032  .00000716  00000+0  20723-3 0  9998,2 34845  74.0250 242.6422 0021627   7.8200 352.3291 14.46152482895230,Cosmos-2251
COS2251_266,1 34846U 93036ABQ 26124.79875106  .00002065  00000+0  56019-3 0  9990,2 34846  74.0314 354.0397 0024732  31.2576 329.0047 14.48081801894741,Cosmos-2251
COS2251_267,1 34852U 93036ABW 26125.00748931  .00000238  00000+0  88766-4 0  9992,2 34852  74.0343 359.4613 0015556  71.6797 288.6047 14.37114542895925,Cosmos-2251
COS2251_268,1 34854U 93036ABY 26125.04127205  .00002925  00000+0  39604-3 0  9994,2 34854  74.0292 237.3235 0064457 311.8840  47.6845 14.78036719739982,Cosmos-2251
COS2251_269,1 34856U 93036ACA 26124.51097920  .00024591  00000+0  13188-2 0  9998,2 34856  74.0003 149.2715 0032085 251.6337 235.0293 15.14431577912673,Cosmos-2251
COS2251_270,1 34857U 93036ACB 26124.44978424  .00002379  00000+0  48642-3 0  9992,2 34857  74.0149 194.3248 0065910 282.8160  91.4022 14.60088353899836,Cosmos-2251
COS2251_271,1 34859U 93036ACD 26124.18282110  .01037391  00000+0  78524-2 0  9999,2 34859  74.0104  34.9931 0021545 191.3177 168.7565 15.69512736905414,Cosmos-2251
COS2251_272,1 34861U 93036ACF 26125.01800168  .00095568  00000+0  42650-2 0  9994,2 34861  74.0044 114.0581 0007351 225.5528 190.2150 15.20884680902571,Cosmos-2251
COS2251_273,1 34874U 93036ACM 26124.38527782  .00001495  00000+0  50432-3 0  9999,2 34874  74.0374 171.6047 0051074 165.1426 210.5651 14.37096619890936,Cosmos-2251
COS2251_274,1 34875U 93036ACN 26124.32505021  .00001197  00000+0  31949-3 0  9997,2 34875  74.0441 250.9456 0015696 337.8217  50.5219 14.49430738898211,Cosmos-2251
COS2251_275,1 34878U 93036ACR 26124.48911059  .00000673  00000+0  67333-3 0  9993,2 34878  73.9637 180.8008 0434143 137.2577 290.1490 13.44402997831913,Cosmos-2251
COS2251_276,1 34879U 93036ACS 26124.24150782  .00002646  00000+0  24410-2 0  9996,2 34879  73.9066  68.8393 0490431 124.5053 240.3381 13.39454233602480,Cosmos-2251
COS2251_277,1 34882U 93036ACV 26124.20278040  .00000650  00000+0  13014-3 0  9996,2 34882  74.0455 313.1337 0081830  43.7700 316.9913 14.61877472906064,Cosmos-2251
COS2251_278,1 34883U 93036ACW 26124.09106320  .00010116  00000+0  21963-2 0  9994,2 34883  74.1980 156.4482 0092745 295.1819  63.9748 14.55500934885081,Cosmos-2251
COS2251_279,1 34884U 93036ACX 26125.03865567  .00025550  00000+0  21154-2 0  9995,2 34884  74.0112 127.5779 0008139 221.2628 197.5211 14.98757845899466,Cosmos-2251
COS2251_280,1 34885U 93036ACY 26124.79490463  .00002260  00000+0  56126-3 0  9998,2 34885  74.0309 273.4509 0014334 326.4898 149.5533 14.52364213895551,Cosmos-2251
COS2251_281,1 34908U 93036ADD 26123.42806826  .00001330  00000+0  44507-3 0  9994,2 34908  74.0552 123.1710 0038950 108.4960  44.7182 14.37927855893150,Cosmos-2251
COS2251_282,1 34909U 93036ADE 26124.34681825  .00002051  00000+0  26730-3 0  9996,2 34909  74.0116 155.9602 0084472 254.8969 104.2850 14.78842322689590,Cosmos-2251
COS2251_283,1 34910U 93036ADF 26124.60499659  .00000444  00000+0  47137-3 0  9997,2 34910  73.8740 235.9267 0467100 330.3144  42.2219 13.37903353834358,Cosmos-2251
COS2251_284,1 34911U 93036ADG 26124.01035376  .00000525  00000+0  11150-3 0  9991,2 34911  74.0412 333.5460 0082741  63.3609  86.1506 14.59583555906620,Cosmos-2251
COS2251_285,1 34913U 93036ADJ 26125.05943464  .00000088  00000+0  40350-4 0  9993,2 34913  74.0301  19.8416 0020018  98.7493 326.3854 14.34680362672437,Cosmos-2251
COS2251_286,1 34918U 93036ADP 26116.59137369  .00009710  00000+0  18708-2 0  9997,2 34918  74.0687  55.8516 0026355 343.3396 195.9944 14.63411009673074,Cosmos-2251
COS2251_287,1 34924U 93036ADV 26124.94627963  .00002438  00000+0  49001-3 0  9997,2 34924  74.0388 175.9329 0055393 224.7198 202.8108 14.61230910898146,Cosmos-2251
COS2251_288,1 34944U 93036ADX 26123.30270213  .00001422  00000+0  59741-3 0  9994,2 34944  73.7483 336.5454 0220447 161.3329 199.6063 14.14557287660844,Cosmos-2251
COS2251_289,1 34946U 93036ADZ 26124.17347481  .00001981  00000+0  38665-3 0  9996,2 34946  74.0224  69.0175 0051071 171.9494 188.2505 14.62841494902917,Cosmos-2251
COS2251_290,1 34949U 93036AEC 26124.45762157  .00001569  00000+0  22770-3 0  9993,2 34949  74.0173 190.6450 0079631 298.9700  60.3506 14.74831600904657,Cosmos-2251
COS2251_291,1 34953U 93036AEG 26124.73848147  .00004711  00000+0  76228-3 0  9992,2 34953  74.0898 111.2239 0053483  66.1320 110.0247 14.70618538902292,Cosmos-2251
COS2251_292,1 34955U 93036AEJ 26125.20926256  .00009460  00000+0  65734-3 0  9991,2 34955  74.0371 313.9288 0071811 345.7203  14.1953 15.03518431921888,Cosmos-2251
COS2251_293,1 34962U 93036AER 26124.85490159  .00001256  00000+0  35192-3 0  9997,2 34962  74.0287 285.9047 0018144   5.9279 354.2091 14.47026508896485,Cosmos-2251
COS2251_294,1 34963U 93036AES 26121.41571510  .00004660  00000+0  11351-2 0  9990,2 34963  74.1680 141.8276 0043108 292.3918  67.2680 14.52439432888282,Cosmos-2251
COS2251_295,1 34964U 93036AET 26124.26900866  .00002327  00000+0  12859-2 0  9999,2 34964  73.9676  99.6305 0211605 286.6578  71.1421 14.01272543864749,Cosmos-2251
COS2251_296,1 34965U 93036AEU 26123.54523401  .00000811  00000+0  21994-3 0  9993,2 34965  74.0521 222.9076 0026414 312.3345  47.5577 14.49052146891676,Cosmos-2251
COS2251_297,1 34967U 93036AEW 26124.32843562  .00001635  00000+0  47255-3 0  9998,2 34967  73.9932 347.7098 0039517 102.6627 257.8953 14.44917151670167,Cosmos-2251
COS2251_298,1 34968U 93036AEX 26123.99643607  .00000643  00000+0  13460-3 0  9998,2 34968  74.0390 335.8389 0085645  60.6542 300.3143 14.59643291905535,Cosmos-2251
COS2251_299,1 34969U 93036AEY 26124.36804722  .00000505  00000+0  18992-3 0  9990,2 34969  74.0114 122.4606 0075700 221.5628 137.9753 14.32503317671790,Cosmos-2251
COS2251_300,1 34971U 93036AFA 26124.45585052  .00000474  00000+0  11143-3 0  9991,2 34971  73.9800  13.5534 0070669 205.0837 336.3246 14.55875653682492,Cosmos-2251
COS2251_301,1 34972U 93036AFB 26124.06806868  .00007857  00000+0  11368-2 0  9990,2 34972  73.9836 131.1015 0036609 250.6788 165.8824 14.75830819897481,Cosmos-2251
COS2251_302,1 34976U 93036AFF 26125.14994347  .00008093  00000+0  10767-2 0  9999,2 34976  74.0577  24.9968 0043015  37.2247 114.2448 14.79194940903922,Cosmos-2251
COS2251_303,1 34979U 93036AFJ 26124.03488507  .00006921  00000+0  86041-3 0  9992,2 34979  74.0393 346.6881 0045392  31.6184 328.7705 14.81993484903265,Cosmos-2251
COS2251_304,1 34990U 93036AFN 26120.35884238  .00000957  00000+0  29482-3 0  9996,2 34990  74.0463 354.2797 0015023  26.8635 333.3296 14.42754260893452,Cosmos-2251
COS2251_305,1 34997U 93036AFV 26123.48725622  .00005077  00000+0  13288-2 0  9995,2 34997  73.8812  43.9789 0090353 350.0509   9.8856 14.47162450727966,Cosmos-2251
COS2251_306,1 34998U 93036AFW 26124.81203208  .00001685  00000+0  44182-3 0  9994,2 34998  74.0097 251.0553 0020747   1.8893 151.1662 14.49918638894930,Cosmos-2251
COS2251_307,1 35012U 93036AFZ 26124.62940733  .00000332  00000+0  98127-4 0  9999,2 35012  74.0208 205.0099 0081371 309.6225  49.7768 14.45703524896263,Cosmos-2251
COS2251_308,1 35014U 93036AGB 26123.27512985  .00010236  00000+0  14048-2 0  9997,2 35014  73.9948 125.4393 0011628 248.5111 111.4825 14.78436798734263,Cosmos-2251
COS2251_309,1 35015U 93036AGC 26123.01250166  .00002858  00000+0  75370-3 0  9997,2 35015  73.9476 329.1191 0075291 165.0067 347.6312 14.47757090674846,Cosmos-2251
COS2251_310,1 35016U 93036AGD 26125.17629409  .00000800  00000+0  26834-3 0  9993,2 35016  73.9317  29.6635 0113591 274.6831 242.6837 14.35393774888405,Cosmos-2251
COS2251_311,1 35018U 93036AGF 26124.70607458  .00001343  00000+0  10645-2 0  9998,2 35018  73.9769 234.4278 0346414 114.6172 249.1447 13.67572717851409,Cosmos-2251
COS2251_312,1 35020U 93036AGH 26124.12400256  .00000538  00000+0  10514-3 0  9995,2 35020  74.0453 286.1155 0089749   3.4737 356.7033 14.63047014903205,Cosmos-2251
COS2251_313,1 35022U 93036AGK 26123.05371353  .00001658  00000+0  33541-3 0  9992,2 35022  74.0256  51.5827 0048326 214.3433 145.4608 14.61447244612070,Cosmos-2251
COS2251_314,1 35023U 93036AGL 26124.88736242  .00018376  00000+0  14173-2 0  9991,2 35023  74.0356 282.4132 0028277 327.5583 182.8982 15.01247892904236,Cosmos-2251
COS2251_315,1 35025U 93036AGN 26124.77422007  .00002186  00000+0  32341-3 0  9992,2 35025  73.9350 142.4914 0082086  21.7693 338.6934 14.73581140907490,Cosmos-2251
COS2251_316,1 35026U 93036AGP 26125.14791729  .00000198  00000+0  52074-4 0  9992,2 35026  74.0480  48.0571 0082587 125.9415 301.1585 14.53715987902276,Cosmos-2251
COS2251_317,1 35028U 93036AGR 26124.09481494  .00000344  00000+0  80012-4 0  9998,2 35028  74.0395   0.8050 0082210  99.3429  50.3572 14.56700570903582,Cosmos-2251
COS2251_318,1 35031U 93036AGU 26124.35927409  .00000350  00000+0  12314-3 0  9998,2 35031  74.0395 356.4706 0018093  58.3923 301.8994 14.38454662673344,Cosmos-2251
COS2251_319,1 35032U 93036AGV 26124.26712100  .00003240  00000+0  66166-3 0  9994,2 35032  73.8497  92.4885 0068100 271.7619 153.1487 14.59893238897530,Cosmos-2251
COS2251_320,1 35033U 93036AGW 26124.13818945  .00002048  00000+0  51610-3 0  9998,2 35033  74.0254 268.4286 0013904 342.0241  18.0427 14.51734316679938,Cosmos-2251
COS2251_321,1 35038U 93036AHB 26123.05747825  .00002584  00000+0  10205-2 0  9990,2 35038  74.1044 148.4662 0109077  97.9088 292.1445 14.26295560875835,Cosmos-2251
COS2251_322,1 35043U 93036AHG 26124.97554318  .00026487  00000+0  29149-2 0  9996,2 35043  73.9461 121.4493 0086782 290.5041  68.6839 14.84730653695396,Cosmos-2251
COS2251_323,1 35045U 93036AHJ 26123.37429608  .00000767  00000+0  46247-3 0  9996,2 35045  73.7176 162.5011 0180288  22.8776 338.0259 14.00692915866260,Cosmos-2251
COS2251_324,1 35060U 93036AHP 26124.27243310  .00000724  00000+0  22869-3 0  9994,2 35060  74.0378 340.2320 0017572  34.7913 325.4388 14.41926761892966,Cosmos-2251
COS2251_325,1 35061U 93036AHQ 26124.70132558  .00003277  00000+0  55712-3 0  9993,2 35061  74.0468  29.3580 0039752 107.0590 253.4941 14.69021374906731,Cosmos-2251
COS2251_326,1 35062U 93036AHR 26125.17763814  .00003042  00000+0  12207-2 0  9992,2 35062  74.0778 195.7255 0125530 160.3216 200.2840 14.24400100875406,Cosmos-2251
COS2251_327,1 35065U 93036AHU 26123.16822845  .00001310  00000+0  37281-3 0  9998,2 35065  74.0183 290.2104 0019274  23.1119 337.0902 14.46199963703952,Cosmos-2251
COS2251_328,1 35071U 93036AJA 26120.62473359  .00013267  00000+0  84944-3 0  9997,2 35071  73.9312 247.0469 0063955 109.6812 251.1294 15.06878427696261,Cosmos-2251
COS2251_329,1 35073U 93036AJC 26119.50514154  .00050859  00000+0  26797-2 0  9992,2 35073  73.9882  46.4804 0016558 161.7163 198.4630 15.15227821695558,Cosmos-2251
COS2251_330,1 35284U 93036AJN 26124.42519323  .00000342  00000+0  12032-3 0  9996,2 35284  74.0501   1.6728 0015779  46.0841 136.5841 14.38474758675778,Cosmos-2251
COS2251_331,1 35287U 93036AJR 26123.47140824  .00000295  00000+0  10938-3 0  9999,2 35287  74.0320  15.6716 0017040  82.5290  98.9488 14.36495106889276,Cosmos-2251
COS2251_332,1 35288U 93036AJS 26124.33199325  .00005768  00000+0  10160-2 0  9992,2 35288  73.9478  98.8151 0038237 292.9821  66.7316 14.67303695899687,Cosmos-2251
COS2251_333,1 35290U 93036AJU 26124.44674294  .00011642  00000+0  13594-2 0  9992,2 35290  74.0008 136.4756 0008124 237.6987 122.3405 14.85194365900731,Cosmos-2251
COS2251_334,1 35433U 93036AKB 26123.23215689  .00000665  00000+0  24185-3 0  9998,2 35433  74.0342  79.1481 0025341 104.5505 321.0699 14.34979300886108,Cosmos-2251
COS2251_335,1 35434U 93036AKC 26121.24420579  .00001231  00000+0  50510-3 0  9995,2 35434  74.0402 321.7227 0085762 359.7984   0.3114 14.26172979881065,Cosmos-2251
COS2251_336,1 35435U 93036AKD 26124.41377800  .00010371  00000+0  12740-2 0  9993,2 35435  74.0085 182.1839 0011406 250.5614 123.6270 14.83092493896516,Cosmos-2251
COS2251_337,1 35439U 93036AKH 26124.64172071  .00001333  00000+0  81260-3 0  9997,2 35439  74.0170 249.7113 0241305  27.1927 346.4065 13.93542711859517,Cosmos-2251
COS2251_338,1 35440U 93036AKJ 26124.72184801  .00002234  00000+0  36763-3 0  9991,2 35440  74.0122 290.3450 0068066  36.1960 324.3788 14.69674240708652,Cosmos-2251
COS2251_339,1 35441U 93036AKK 26122.73254351  .00006147  00000+0  11421-2 0  9999,2 35441  74.1354  29.0123 0035669 236.4811 123.2949 14.64963537894935,Cosmos-2251
COS2251_340,1 35442U 93036AKL 26124.11007641  .00015386  00000+0  15514-2 0  9994,2 35442  74.0236 175.0310 0003553 236.0876 123.9968 14.91121076894705,Cosmos-2251
COS2251_341,1 35443U 93036AKM 26107.60791505  .00033270  00000+0  17720-2 0  9992,2 35443  73.9742  72.9924 0062600 188.9461 171.0624 15.13351893887718,Cosmos-2251
COS2251_342,1 35445U 93036AKP 26124.69428109  .00007301  00000+0  12783-2 0  9999,2 35445  74.0379  26.8292 0138657  79.6675 282.0089 14.61820331894168,Cosmos-2251
COS2251_343,1 35446U 93036AKQ 26123.20793158  .00000362  00000+0  88168-4 0  9997,2 35446  74.0479  50.6618 0074929 133.8842 226.8544 14.54777581900651,Cosmos-2251
COS2251_344,1 35448U 93036AKS 26123.55857406  .00002903  00000+0  67390-3 0  9990,2 35448  73.9022 178.9038 0011964 316.0233  43.9977 14.55431249893977,Cosmos-2251
COS2251_345,1 35451U 93036AKV 26124.78893282  .00190830  00000+0  18278-2 0  9999,2 35451  73.9178 147.6632 0022345 329.0572  30.9330 15.65663621696198,Cosmos-2251
COS2251_346,1 35453U 93036AKX 26118.37029156  .00001676  00000+0  54161-3 0  9991,2 35453  74.0021 128.1497 0068613 229.1950 130.3241 14.38572178881838,Cosmos-2251
COS2251_347,1 35455U 93036AKZ 26123.98278843  .00003691  00000+0  88947-3 0  9993,2 35455  74.0291  27.4752 0099859  98.2022 263.0479 14.50579005886051,Cosmos-2251
COS2251_348,1 35456U 93036ALA 26121.94703539  .00007722  00000+0  11817-2 0  9993,2 35456  73.9492 203.6920 0061920  18.6656 341.6765 14.72573536679378,Cosmos-2251
COS2251_349,1 35459U 93036ALD 26124.72227352  .00000700  00000+0  24145-3 0  9997,2 35459  73.8702 281.4695 0016917 199.7318 160.3182 14.37715324604167,Cosmos-2251
COS2251_350,1 35462U 93036ALG 26125.05812907  .00002787  00000+0  10401-2 0  9990,2 35462  74.0370   8.1275 0082964   9.7558 350.5177 14.30474705684291,Cosmos-2251
COS2251_351,1 35465U 93036ALK 26123.45714952  .00001329  00000+0  38109-3 0  9993,2 35465  73.9969 292.6128 0063558  60.1258 300.6194 14.44758059892882,Cosmos-2251
COS2251_352,1 35469U 93036ALP 26124.69224418  .00000268  00000+0  74272-4 0  9990,2 35469  74.0146 115.1369 0078055 235.0953 124.2855 14.49948138901838,Cosmos-2251
COS2251_353,1 35475U 93036ALV 26122.61657071  .00010098  00000+0  15678-2 0  9997,2 35475  74.0211 251.5693 0018758 293.2392  66.6805 14.73073590676897,Cosmos-2251
COS2251_354,1 35476U 93036ALW 26125.18360314  .00015437  00000+0  20527-2 0  9995,2 35476  73.9735 138.3098 0011885  99.2135  21.6964 14.79692134900064,Cosmos-2251
COS2251_355,1 35580U 93036ALX 26122.18583355  .00001202  00000+0  81299-3 0  9999,2 35580  73.9030 299.7483 0276889 278.4011  78.5817 13.84555128642000,Cosmos-2251
COS2251_356,1 35583U 93036AMA 26124.33541219  .00000429  00000+0  40518-3 0  9993,2 35583  73.9184 340.8648 0383043 338.9699  19.6009 13.55696742843445,Cosmos-2251
COS2251_357,1 35585U 93036AMC 26123.95417200  .00002346  00000+0  17392-2 0  9997,2 35585  73.9681 110.8892 0306293 353.5298  33.9881 13.75760842660196,Cosmos-2251
COS2251_358,1 35586U 93036AMD 26124.14673207  .00000424  00000+0  40561-3 0  9991,2 35586  74.0210  74.3149 0404663 279.4000  95.9611 13.52240606623074,Cosmos-2251
COS2251_359,1 35587U 93036AME 26123.40979804  .00001121  00000+0  17032-3 0  9994,2 35587  74.0014 142.3970 0102103 293.9160  65.1342 14.71952413684308,Cosmos-2251
COS2251_360,1 35593U 93036AML 26124.00212288  .00002342  00000+0  93403-3 0  9996,2 35593  74.0874  32.2391 0101030   3.8463 356.3437 14.26311476870939,Cosmos-2251
COS2251_361,1 35594U 93036AMM 26123.59081417  .00009568  00000+0  93572-3 0  9992,2 35594  73.8048 178.6387 0030501 262.2022  97.5696 14.92098156902988,Cosmos-2251
COS2251_362,1 35602U 93036AMV 26124.07837772  .00021678  00000+0  45771-3 0  9993,2 35602  73.9935 234.3915 0077128 262.1991 273.8649 15.41900017922804,Cosmos-2251
COS2251_363,1 35606U 93036AMZ 26123.32735356  .00000564  00000+0  57319-3 0  9991,2 35606  73.8072 145.1052 0455296 327.8789  29.5290 13.41390130629382,Cosmos-2251
COS2251_364,1 35611U 93036ANE 26123.82122111  .00010749  00000+0  15177-2 0  9992,2 35611  74.0207 261.2756 0018914 305.8317  54.1100 14.77142547893853,Cosmos-2251
COS2251_365,1 35614U 93036ANH 26123.08519023  .00003724  00000+0  62154-3 0  9998,2 35614  73.9592  53.0588 0076061 232.1400 127.2873 14.68410554898033,Cosmos-2251
COS2251_366,1 35645U 93036ANL 26123.14114947  .00003849  00000+0  10294-2 0  9990,2 35645  73.9631 182.5040 0069845 305.5561  53.9099 14.47208846888161,Cosmos-2251
COS2251_367,1 35646U 93036ANM 26124.52037218  .00000937  00000+0  93347-3 0  9995,2 35646  73.8700 189.4108 0459075 274.9399 145.3663 13.41070641837727,Cosmos-2251
COS2251_368,1 35647U 93036ANN 26123.99268759  .00001941  00000+0  56410-3 0  9998,2 35647  74.0237  29.7691 0046313  98.0845 262.5570 14.44349964697170,Cosmos-2251
COS2251_369,1 35650U 93036ANR 26124.91462351  .00015195  00000+0  16375-2 0  9990,2 35650  74.0431  94.2442 0013256 132.6354 260.4991 14.88377859897618,Cosmos-2251
COS2251_370,1 35660U 93036APB 26121.57735715  .00001245  00000+0  32523-3 0  9992,2 35660  74.0400 230.6230 0017991 341.8872  37.6330 14.50408767678985,Cosmos-2251
COS2251_371,1 35661U 93036APC 26124.50655184  .00004479  00000+0  45169-3 0  9992,2 35661  74.0103 154.6414 0086714 222.5418 136.9024 14.88636295899916,Cosmos-2251
COS2251_372,1 35663U 93036APE 26119.60531522  .00006508  00000+0  11449-2 0  9996,2 35663  74.0175 218.4274 0007164 262.9304  97.1051 14.67787760754036,Cosmos-2251
COS2251_373,1 35667U 93036APJ 26119.06715106  .00004153  00000+0  84272-3 0  9991,2 35667  74.0565 238.0395 0018986 264.2320  95.6681 14.61399632728081,Cosmos-2251
COS2251_374,1 35668U 93036APK 26123.23100088  .00001075  00000+0  19950-3 0  9994,2 35668  74.0434 308.8207 0081760  17.8460 342.5548 14.64442925897183,Cosmos-2251
COS2251_375,1 35669U 93036APL 26124.12557380  .00000356  00000+0  32295-3 0  9993,2 35669  73.8850 287.0003 0388297  14.3392 346.8369 13.57495391627215,Cosmos-2251
COS2251_376,1 35670U 93036APM 26121.79788120  .00014811  00000+0  12167-2 0  9999,2 35670  73.8902 138.8975 0029190  67.9854 292.4428 14.98853863898228,Cosmos-2251
COS2251_377,1 35671U 93036APN 26123.90607483  .00000446  00000+0  12496-3 0  9992,2 35671  74.0166 172.7036 0041335 310.1188 231.8745 14.48566582888218,Cosmos-2251
COS2251_378,1 35674U 93036APR 26124.19467841  .00006065  00000+0  13051-2 0  9999,2 35674  74.0597  47.0621 0091234  57.9687 303.0299 14.56105033881832,Cosmos-2251
COS2251_379,1 35701U 93036APW 26121.19804728  .00001328  00000+0  92655-3 0  9991,2 35701  73.9999  67.6974 0288893 246.5976 110.4527 13.81391986640841,Cosmos-2251
COS2251_380,1 35703U 93036APY 26116.77529289  .00006631  00000+0  62147-3 0  9992,2 35703  74.0386 131.9495 0062977 168.6858 191.5760 14.92704999686297,Cosmos-2251
COS2251_381,1 35705U 93036AQA 26124.00071409  .00019531  00000+0  26600-2 0  9991,2 35705  74.2734 221.6592 0025475 118.5244 241.8503 14.78450684880246,Cosmos-2251
COS2251_382,1 35706U 93036AQB 26121.90977885  .00001459  00000+0  11942-2 0  9994,2 35706  73.8879 191.1288 0343452 215.6736 142.0991 13.66366970639760,Cosmos-2251
COS2251_383,1 35711U 93036AQG 26122.77937401  .00000950  00000+0  17735-3 0  9998,2 35711  74.0448 309.7239 0083792  14.6608 345.6960 14.64237222898352,Cosmos-2251
COS2251_384,1 35716U 93036AQM 26124.19745971  .00000521  00000+0  10842-3 0  9996,2 35716  73.9923 281.5464 0088017  88.7403  89.2515 14.60277652897061,Cosmos-2251
COS2251_385,1 35717U 93036AQN 26118.85998245  .00003552  00000+0  11043-2 0  9997,2 35717  74.1608 326.4002 0078796 146.2427 214.3782 14.39565964760722,Cosmos-2251
COS2251_386,1 35718U 93036AQP 26124.51631699  .00007178  00000+0  11617-2 0  9990,2 35718  74.0304 213.0059 0010840 234.2109 125.8055 14.71420353679387,Cosmos-2251
COS2251_387,1 35721U 93036AQS 26122.14261029  .00003617  00000+0  11186-2 0  9992,2 35721  73.9484 278.8907 0145487  34.9981 326.0627 14.35686398598033,Cosmos-2251
COS2251_388,1 35724U 93036AQV 26124.16476722  .00000791  00000+0  17245-3 0  9990,2 35724  74.0337  31.5312 0060047 150.2809 210.1791 14.58545475896051,Cosmos-2251
COS2251_389,1 35759U 93036ARD 26124.21576394  .00001084  00000+0  19813-3 0  9999,2 35759  74.0371 301.9260 0075694  24.1746 336.2943 14.65402691682227,Cosmos-2251
COS2251_390,1 35764U 93036ARJ 26121.52148742  .00009603  00000+0  12923-2 0  9997,2 35764  74.0227  68.6010 0025357 158.6244 201.5997 14.79101497681137,Cosmos-2251
COS2251_391,1 35771U 93036ARR 26124.25072390  .00010269  00000+0  41971-2 0  9998,2 35771  74.1596  59.1935 0206470 317.5389  40.9935 14.16458225848765,Cosmos-2251
COS2251_392,1 35773U 93036ART 26124.83468955  .00002201  00000+0  42906-3 0  9997,2 35773  74.0076  66.1628 0047298 190.3372 169.6828 14.62940817889316,Cosmos-2251
COS2251_393,1 35777U 93036ARX 26123.35905387  .00000666  00000+0  68065-3 0  9999,2 35777  73.7689  96.4645 0450457 329.9859 185.5505 13.41445560815832,Cosmos-2251
COS2251_394,1 35784U 93036ASE 26120.46053226  .00000734  00000+0  19319-3 0  9996,2 35784  74.0373 189.1466 0042409 283.5744  76.0695 14.50356852677170,Cosmos-2251
COS2251_395,1 35786U 93036ASG 26124.26411183  .00003748  00000+0  65429-3 0  9991,2 35786  74.0113 128.3050 0036799 222.4919 137.3402 14.67883811754989,Cosmos-2251
COS2251_396,1 35789U 93036ASK 26124.69073336  .00000274  00000+0  10185-3 0  9995,2 35789  74.0410  21.9563 0046904  88.1240 272.5284 14.36093012632798,Cosmos-2251
COS2251_397,1 35793U 93036ASP 26124.78037458  .00009696  00000+0  12019-2 0  9999,2 35793  74.0371 138.1084 0006501 212.5779 323.9160 14.82760975679141,Cosmos-2251
COS2251_398,1 35824U 93036ASW 26123.85194766  .00001741  00000+0  11252-2 0  9998,2 35824  73.8432 164.3725 0254399 225.0943 132.9288 13.88998626862005,Cosmos-2251
COS2251_399,1 35825U 93036ASX 26122.66609165  .00000789  00000+0  58091-3 0  9995,2 35825  74.1134 270.8325 0351358 333.4910  24.8599 13.71537062844402,Cosmos-2251
COS2251_400,1 35829U 93036ATB 26121.89020766  .00009833  00000+0  12943-2 0  9991,2 35829  74.0228 183.2458 0007932 228.5829 131.4667 14.80237120898461,Cosmos-2251
COS2251_401,1 35830U 93036ATC 26117.98246501  .00004211  00000+0  16730-2 0  9998,2 35830  73.8641  18.2169 0117193 318.9930  40.2446 14.25355864632040,Cosmos-2251
COS2251_402,1 35834U 93036ATG 26125.08524301  .00000152  00000+0  89701-4 0  9999,2 35834  73.9336  49.4275 0110402 180.0616 196.7788 14.13099591682887,Cosmos-2251
COS2251_403,1 35835U 93036ATH 26119.51389431  .00001280  00000+0  84733-3 0  9996,2 35835  74.0631  36.6690 0294645 146.9471 215.0461 13.83354318636046,Cosmos-2251
COS2251_404,1 35836U 93036ATJ 26123.77644454  .00011448  00000+0  17134-2 0  9996,2 35836  74.0315 256.1772 0021189 281.8330  78.0467 14.74599670656116,Cosmos-2251
COS2251_405,1 35837U 93036ATK 26123.33733490  .00003933  00000+0  27529-2 0  9997,2 35837  73.7284 331.7879 0411174 230.8376 312.3595 13.64823091599079,Cosmos-2251
COS2251_406,1 35840U 93036ATN 26124.08194501  .00006322  00000+0  18863-2 0  9994,2 35840  73.9314 253.9646 0113560 124.9492 236.2392 14.39502721873381,Cosmos-2251
COS2251_407,1 35883U 93036ATW 26122.86130109  .00000702  00000+0  17727-3 0  9994,2 35883  74.0224 164.4618 0084569 258.3496 279.8543 14.50912798644320,Cosmos-2251
COS2251_408,1 35884U 93036ATX 26124.11479996  .00002632  00000+0  10255-2 0  9997,2 35884  73.9884  77.9557 0113804 191.9685 167.8756 14.26713494243870,Cosmos-2251
COS2251_409,1 35885U 93036ATY 26123.44257376  .00000723  00000+0  24802-3 0  9992,2 35885  74.0298  33.8310 0022891  84.9432 275.4334 14.37780412670526,Cosmos-2251
COS2251_410,1 35888U 93036AUB 26124.22721270  .00001311  00000+0  28160-3 0  9996,2 35888  74.0313  85.3038 0050115 182.2037 177.8915 14.58885553883519,Cosmos-2251
COS2251_411,1 35890U 93036AUD 26124.28082678  .00005835  00000+0  12022-2 0  9991,2 35890  73.9355 329.5923 0054810  66.3736 294.3170 14.59758735672297,Cosmos-2251
COS2251_412,1 35891U 93036AUE 26124.77991907  .00070742  00000+0  12129-2 0  9997,2 35891  73.9804 143.1899 0035814 239.7098 120.0570 15.50143353694243,Cosmos-2251
COS2251_413,1 35895U 93036AUJ 26100.82403680  .00001464  00000+0  80810-3 0  9995,2 35895  74.0489 140.9499 0204787 212.2492 146.5989 14.02261385606815,Cosmos-2251
COS2251_414,1 35898U 93036AUM 26121.99018656  .00007519  00000+0  61604-3 0  9991,2 35898  73.9924  13.3716 0077797 122.8843 252.6710 14.97051444689077,Cosmos-2251
COS2251_415,1 35901U 93036AUQ 26124.16720277  .00161456  00000+0  46621-2 0  9999,2 35901  74.0004  84.0153 0013644 214.3950 145.6373 15.34858158882902,Cosmos-2251
COS2251_416,1 35902U 93036AUR 26117.31998269  .00002606  00000+0  10097-2 0  9996,2 35902  73.9862 348.3403 0102351  74.0819 287.1579 14.27648262630642,Cosmos-2251
COS2251_417,1 35905U 93036AUU 26124.13722017  .00004180  00000+0  30258-3 0  9994,2 35905  74.0303 281.1385 0085834 323.1936  36.3376 15.01396518907186,Cosmos-2251
COS2251_418,1 35959U 93036AUZ 26124.04745601  .00000249  00000+0  97821-4 0  9999,2 35959  74.0336  51.5272 0021299 101.7306 258.6237 14.34235548869688,Cosmos-2251
COS2251_419,1 35961U 93036AVB 26122.80083358  .00002228  00000+0  11681-2 0  9995,2 35961  73.9265 315.8985 0187555 219.3376 139.4014 14.06206064646646,Cosmos-2251
COS2251_420,1 35975U 93036AVR 26120.25258756  .00002950  00000+0  11275-2 0  9994,2 35975  74.0494  79.0971 0110661 127.0670 234.0660 14.27785527660786,Cosmos-2251
COS2251_421,1 35979U 93036AVV 26122.80815037  .00004997  00000+0  70451-3 0  9997,2 35979  74.0107 321.9945 0058023  60.9437 313.9392 14.76351385907148,Cosmos-2251
COS2251_422,1 35980U 93036AVW 26119.98409146  .00004448  00000+0  89282-3 0  9997,2 35980  73.9102 216.7225 0053238 320.0943  39.6313 14.61098904635041,Cosmos-2251
COS2251_423,1 35982U 93036AVY 26123.27692310  .00002827  00000+0  53359-3 0  9998,2 35982  74.0569  75.7720 0063387 107.7495 253.0604 14.63652522882361,Cosmos-2251
COS2251_424,1 35987U 93036AWD 26123.81543982  .00002471  00000+0  71950-3 0  9995,2 35987  73.9980  61.9606 0049289 156.0899 204.2563 14.44035155631158,Cosmos-2251
COS2251_425,1 35989U 93036AWF 26123.46781002  .00000440  00000+0  15586-3 0  9992,2 35989  74.0395  23.1692 0021325  73.9341 286.4159 14.37270979892156,Cosmos-2251
COS2251_426,1 35993U 93036AWK 26123.10389328  .00003294  00000+0  59647-3 0  9999,2 35993  74.0150  60.1229 0031356 211.4501 148.4794 14.66430151625146,Cosmos-2251
COS2251_427,1 35996U 93036AWN 26123.39301872  .00008572  00000+0  45800-3 0  9991,2 35996  74.0104 170.2337 0083393 223.8602 135.5951 15.12212628744657,Cosmos-2251
COS2251_428,1 35997U 93036AWP 26122.17265027  .00002336  00000+0  58245-3 0  9997,2 35997  74.0440 282.9586 0014608 325.6165  34.4049 14.52146231729226,Cosmos-2251
COS2251_429,1 36000U 93036AWS 26118.87666763  .00020913  00000+0  17468-2 0  9999,2 36000  73.9880 169.8763 0031754 254.3297 105.4384 14.98085506622188,Cosmos-2251
COS2251_430,1 36005U 93036AWX 26124.17399032  .00000356  00000+0  10220-3 0  9995,2 36005  74.0266 187.4629 0062172 288.6922  70.7495 14.47545455896451,Cosmos-2251
COS2251_431,1 36045U 93036AXG 26124.30638597  .00007504  00000+0  11322-2 0  9991,2 36045  73.7597 137.1703 0042956 131.9406 228.5440 14.73875554104863,Cosmos-2251
COS2251_432,1 36046U 93036AXH 26123.43552149  .00002399  00000+0  43222-3 0  9995,2 36046  74.0166   3.2866 0056330 115.4758  62.6624 14.66110056660792,Cosmos-2251
COS2251_433,1 36047U 93036AXJ 26125.19737295  .00057475  00000+0  38777-2 0  9991,2 36047  74.0333  41.9755 0004583 142.8804 217.2704 15.06326017680929,Cosmos-2251
COS2251_434,1 36048U 93036AXK 26122.83300862  .00000643  00000+0  22006-3 0  9990,2 36048  74.0580  39.7601 0025333  57.9644   0.7994 14.38084412875301,Cosmos-2251
COS2251_435,1 36049U 93036AXL 26124.48308302  .00003853  00000+0  74166-3 0  9991,2 36049  74.0304 205.3520 0011744 261.4785  98.5051 14.63893290874528,Cosmos-2251
COS2251_436,1 36050U 93036AXM 26123.79550848  .00006476  00000+0  44104-3 0  9993,2 36050  74.0302 264.0798 0083815 305.5884  53.7514 15.03609212691680,Cosmos-2251
COS2251_437,1 36053U 93036AXQ 26123.58340647  .00007568  00000+0  15952-2 0  9998,2 36053  73.8706 240.0149 0030396 159.0436 201.1982 14.59314590895128,Cosmos-2251
COS2251_438,1 36058U 93036AXV 26124.71495669  .00001825  00000+0  38539-3 0  9991,2 36058  74.0200 120.7785 0046643 218.9908 140.7892 14.59466049681966,Cosmos-2251
COS2251_439,1 36060U 93036AXX 26124.26164431  .00000759  00000+0  23764-3 0  9993,2 36060  74.0291 330.1858 0014583  37.0367 323.1793 14.42337048870644,Cosmos-2251
COS2251_440,1 36061U 93036AXY 26124.63572146  .00000625  00000+0  23131-3 0  9991,2 36061  74.0220  98.1487 0038272 154.5045 205.8006 14.33963882671525,Cosmos-2251
COS2251_441,1 36073U 93036AYL 26123.10290204  .00000477  00000+0  17568-3 0  9999,2 36073  74.0325  63.3791 0023645 101.8570 258.5236 14.35138268722354,Cosmos-2251
COS2251_442,1 36074U 93036AYM 26123.27654332  .00003423  00000+0  98053-3 0  9996,2 36074  73.9924  76.3943 0043727 139.5019 220.9407 14.44821585879537,Cosmos-2251
COS2251_443,1 36366U 93036AYT 26122.96960916  .00003770  00000+0  12838-2 0  9994,2 36366  74.0697  14.9986 0085315  10.0252 350.2576 14.34798540883134,Cosmos-2251
COS2251_444,1 36367U 93036AYU 26124.33226363  .00000978  00000+0  65165-3 0  9998,2 36367  74.1016 350.7768 0262327  30.1978 331.3975 13.86947759595067,Cosmos-2251
COS2251_445,1 36369U 93036AYW 26121.37241627  .00011271  00000+0  16074-2 0  9993,2 36369  74.0284 157.6449 0013005 215.3466 144.6848 14.76771113879812,Cosmos-2251
COS2251_446,1 36371U 93036AYY 26125.04220370  .00009733  00000+0  14760-2 0  9996,2 36371  74.0121 242.1621 0008178 255.9222 104.1042 14.74193831735543,Cosmos-2251
COS2251_447,1 36379U 93036AZG 26124.47825323  .00000592  00000+0  20881-3 0  9995,2 36379  74.0135  44.3071 0045953 141.0814 337.7547 14.36320627668778,Cosmos-2251
COS2251_448,1 36385U 93036AZN 26124.70192227  .00007298  00000+0  91713-3 0  9990,2 36385  73.9694 234.1590 0134524  14.0611 346.4247 14.76010339872091,Cosmos-2251
COS2251_449,1 36420U 93036AZT 26123.46330663  .00000337  00000+0  12207-3 0  9998,2 36420  74.0396  14.9194 0017372  71.9529 108.0622 14.37034081870721,Cosmos-2251
COS2251_450,1 36423U 93036AZW 26122.74113929  .00074466  00000+0  51305-2 0  9990,2 36423  73.7780 290.4251 0061355 252.4714 106.9763 15.03925133271419,Cosmos-2251
COS2251_451,1 36430U 93036BAD 26123.96798029  .00000605  00000+0  24156-3 0  9992,2 36430  74.0052 210.2828 0096962 326.5826  32.9225 14.28084156665877,Cosmos-2251
COS2251_452,1 36437U 93036BAL 26124.31273564  .00008518  00000+0  13069-2 0  9992,2 36437  73.9385 114.9823 0022442 299.5485  60.3450 14.73573617681494,Cosmos-2251
COS2251_453,1 36439U 93036BAN 26124.39198097  .00000906  00000+0  86042-3 0  9994,2 36439  73.9689 168.9531 0423069 113.9033 250.6991 13.48280896605356,Cosmos-2251
COS2251_454,1 36441U 93036BAQ 26123.47870766  .00008705  00000+0  48111-3 0  9995,2 36441  73.8354  54.3138 0103647 124.8255 236.2740 15.09451659891021,Cosmos-2251
COS2251_455,1 36451U 93036BBA 26121.59216348  .00001483  00000+0  60473-3 0  9998,2 36451  73.9540  84.0583 0186771 237.3410 120.9597 14.19306032862094,Cosmos-2251
COS2251_456,1 36453U 93036BBC 26124.75475889  .00003572  00000+0  83123-3 0  9996,2 36453  73.9246 240.5549 0068871 112.3427  36.8440 14.53797167865456,Cosmos-2251
COS2251_457,1 36459U 93036BBJ 26100.38857877  .00003017  00000+0  11522-2 0  9993,2 36459  74.0459 145.2651 0117873 213.9220 145.4353 14.27392974 95746,Cosmos-2251
COS2251_458,1 36470U 93036BBV 26124.79514579  .00139280  00000+0  45503-2 0  9994,2 36470  73.8295 311.9663 0020908 117.6876 242.6450 15.30893246682640,Cosmos-2251
COS2251_459,1 36528U 93036BCN 26121.63145556  .00001605  00000+0  59421-3 0  9997,2 36528  74.0150 250.1651 0084138 266.6042  92.5481 14.31209301664282,Cosmos-2251
COS2251_460,1 36533U 93036BCT 26124.65593419  .00001007  00000+0  26200-3 0  9998,2 36533  74.0115 206.0069 0048949 319.1894  40.5604 14.50285458865563,Cosmos-2251
COS2251_461,1 36539U 93036BCZ 26124.76121470  .00002140  00000+0  44717-3 0  9992,2 36539  74.0204 142.1223 0029215 248.9433 110.8608 14.60243239860341,Cosmos-2251
COS2251_462,1 36540U 93036BDA 26124.40170232  .00004265  00000+0  89152-3 0  9997,2 36540  74.0285 268.4387 0013647 306.8461  53.1453 14.60089765880916,Cosmos-2251
COS2251_463,1 36550U 93036BDL 26120.18934194  .00001073  00000+0  43197-3 0  9997,2 36550  74.0432 302.1873 0076665 319.6433  39.9041 14.27695366865716,Cosmos-2251
COS2251_464,1 36551U 93036BDM 26117.22134870  .00035791  00000+0  21809-2 0  9991,2 36551  73.8817  94.2203 0038330   7.0527 353.1195 15.09589428689713,Cosmos-2251
COS2251_465,1 36557U 93036BDT 26124.64105565  .00006451  00000+0  76638-3 0  9992,2 36557  73.9798 203.0500 0021493 320.1401  39.8198 14.84475085360138,Cosmos-2251
COS2251_466,1 36558U 93036BDU 26123.74081449  .00003062  00000+0  69503-3 0  9995,2 36558  74.0422 245.4383 0012747 298.1457  61.8418 14.56418658873356,Cosmos-2251
COS2251_467,1 36559U 93036BDV 26123.45291085  .00003490  00000+0  18903-2 0  9995,2 36559  74.1249 127.1176 0257479 127.4505 235.0356 13.97296612830720,Cosmos-2251
COS2251_468,1 36614U 93036BEC 26122.11932937  .00005111  00000+0  10197-2 0  9996,2 36614  74.0226 265.9115 0014604 302.7801  57.1958 14.62152903676634,Cosmos-2251
COS2251_469,1 36622U 93036BEL 26124.55307552  .00002833  00000+0  38738-3 0  9994,2 36622  74.0139 225.1209 0067250 323.9195  35.7450 14.77506461688588,Cosmos-2251
COS2251_470,1 36632U 93036BEW 26123.45439751  .00002049  00000+0  60420-3 0  9992,2 36632  74.0023  28.4339 0033710 107.5672 252.9172 14.43912902672603,Cosmos-2251
COS2251_471,1 37084U 93036BFE 26120.05607861  .00005839  00000+0  39519-3 0  9991,2 37084  74.0271 239.1655 0093645 282.3446  76.7272 15.03179384683449,Cosmos-2251
COS2251_472,1 37089U 93036BFK 26124.06065394  .00005722  00000+0  11689-2 0  9998,2 37089  74.0366 236.4057 0130184 301.3203  57.5268 14.55860058681797,Cosmos-2251
COS2251_473,1 37094U 93036BFQ 26123.98543237  .00002252  00000+0  71408-3 0  9992,2 37094  74.1097 220.1855 0081993 149.3206 211.2781 14.38686424865514,Cosmos-2251
COS2251_474,1 37095U 93036BFR 26119.22783324  .00001041  00000+0  57195-3 0  9990,2 37095  73.8470 307.5990 0192132 341.8661  17.5681 14.04079911645655,Cosmos-2251
COS2251_475,1 37101U 93036BFX 26119.52784439  .00004319  00000+0  76763-3 0  9992,2 37101  74.0311 188.2956 0044156 241.0925 118.5811 14.66840864676913,Cosmos-2251
COS2251_476,1 37108U 93036BGE 26124.53547657  .00002602  00000+0  75516-3 0  9993,2 37108  74.0426 175.9747 0092868 217.8201 141.6408 14.42386184875654,Cosmos-2251
COS2251_477,1 37118U 93036BGQ 26104.99406129  .00006024  00000+0  75993-3 0  9991,2 37118  74.0147 200.2132 0005481 264.8630  95.1922 14.82149615673759,Cosmos-2251
COS2251_478,1 37126U 93036BGY 26122.59723999  .00001416  00000+0  19875-3 0  9990,2 37126  73.9507  78.5059 0122469 282.7697  75.9812 14.73523961101736,Cosmos-2251
COS2251_479,1 37132U 93036BHE 26121.23105811  .00008918  00000+0  11623-2 0  9990,2 37132  74.0007 319.1235 0040367  82.9784 277.5981 14.80114660644787,Cosmos-2251
COS2251_480,1 37270U 93036BHJ 26124.37664700  .00002392  00000+0  19116-2 0  9993,2 37270  73.9332 102.8786 0390948  89.1135 275.4739 13.60998145790098,Cosmos-2251
COS2251_481,1 37278U 93036BHS 26112.34605590  .00001480  00000+0  49662-3 0  9994,2 37278  73.7874 113.5122 0300383 273.0872 149.2392 14.15754660656776,Cosmos-2251
COS2251_482,1 37280U 93036BHU 26124.49139946  .00002143  00000+0  93016-3 0  9992,2 37280  74.0284 161.6914 0133805 255.6247 103.0014 14.20104151593494,Cosmos-2251
COS2251_483,1 37284U 93036BHY 26116.20873132  .00001319  00000+0  62900-3 0  9990,2 37284  74.0149 278.5337 0163249  39.9877 137.8345 14.13434754610749,Cosmos-2251
COS2251_484,1 37292U 93036BJG 26121.44897949  .00003339  00000+0  17427-2 0  9990,2 37292  74.1251 167.5953 0207083 136.0955 225.6850 14.04396951618094,Cosmos-2251
COS2251_485,1 37295U 93036BJK 26122.67012284  .00002491  00000+0  45179-3 0  9994,2 37295  74.0070   9.7258 0045548 154.4507 205.8928 14.66150196843692,Cosmos-2251
COS2251_486,1 37305U 93036BJV 26123.98370798  .00001465  00000+0  50025-3 0  9994,2 37305  73.8706  26.5361 0046974 316.8962  42.8515 14.36684445689091,Cosmos-2251
COS2251_487,1 37312U 93036BKC 26124.17050617  .00001227  00000+0  34672-3 0  9995,2 37312  74.0304 298.1930 0017599   9.0829 351.0644 14.46642255882232,Cosmos-2251
COS2251_488,1 37316U 93036BKG 26124.30870338  .00032279  00000+0  23011-2 0  9999,2 37316  74.0148  91.2506 0026159 142.9190 217.3813 15.04154113882804,Cosmos-2251
COS2251_489,1 37320U 93036BKL 26118.25357191  .00005060  00000+0  64991-3 0  9999,2 37320  74.0445 309.4822 0043853   2.4469 357.6913 14.80783072681668,Cosmos-2251
COS2251_490,1 37326U 93036BKS 26123.50801913  .00002139  00000+0  41968-3 0  9998,2 37326  74.0223  63.0991 0056768 157.3100 203.0596 14.62341434875555,Cosmos-2251
COS2251_491,1 37330U 93036BKW 26125.02614808  .00000939  00000+0  19755-3 0  9992,2 37330  74.0190  21.4487 0058281 193.7248 166.2337 14.59982476884590,Cosmos-2251
COS2251_492,1 37331U 93036BKX 26124.37883526  .00000937  00000+0  32859-3 0  9993,2 37331  74.0729 166.9043 0055359 147.7811 212.6744 14.35528336868067,Cosmos-2251
COS2251_493,1 37336U 93036BLC 26125.19009677  .00000161  00000+0  68009-4 0  9992,2 37336  74.0413  69.3176 0028845 114.9650 245.4503 14.32821038671748,Cosmos-2251
COS2251_494,1 37340U 93036BLG 26123.40362005  .00000423  00000+0  15096-3 0  9994,2 37340  74.0271  16.4915 0017352  82.2099 278.1023 14.37089656861023,Cosmos-2251
COS2251_495,1 37483U 93036BLL 26122.58806977  .00000623  00000+0  18187-3 0  9997,2 37483  73.9741 240.4919 0091786  54.7190 306.2509 14.43809692673124,Cosmos-2251
COS2251_496,1 37486U 93036BLP 26122.52628859  .00004373  00000+0  17850-2 0  9996,2 37486  73.6907 219.6718 0223815  66.9054 310.4313 14.14956477653600,Cosmos-2251
COS2251_497,1 37487U 93036BLQ 26117.17825203  .00035219  00000+0  36657-2 0  9993,2 37487  73.8961 280.8047 0029340  88.4522 272.0019 14.89356283832565,Cosmos-2251
COS2251_498,1 37491U 93036BLU 26121.49184053  .00001757  00000+0  12911-2 0  9996,2 37491  73.9078  39.7375 0311608   6.5010 354.0006 13.75744397576685,Cosmos-2251
COS2251_499,1 37496U 93036BLZ 26116.52245194  .00038279  00000+0  29343-2 0  9999,2 37496  73.9477  47.7014 0053155  27.4171 332.9801 15.00513667680343,Cosmos-2251
COS2251_500,1 37498U 93036BMB 26125.08677378  .00003317  00000+0  75971-3 0  9999,2 37498  74.0319 272.3333 0011088 308.3602  51.6564 14.55984948674405,Cosmos-2251
COS2251_501,1 37499U 93036BMC 26123.09963622  .00000349  00000+0  13244-3 0  9996,2 37499  74.0381  63.3743 0026860 108.7765 251.6305 14.34476209871760,Cosmos-2251
COS2251_502,1 37528U 93036BNH 26124.50905965  .00001132  00000+0  29245-3 0  9991,2 37528  74.0371 213.7130 0020940 323.4451  36.5279 14.51010308880015,Cosmos-2251
COS2251_503,1 37530U 93036BNK 26125.09357075  .00000463  00000+0  17203-3 0  9999,2 37530  74.0356  71.0635 0025688 102.5643 273.5593 14.34693211872888,Cosmos-2251
COS2251_504,1 37532U 93036BNM 26120.53688235  .00000600  00000+0  18827-3 0  9996,2 37532  74.0500 318.4369 0014942  26.4872   4.4024 14.42647231869170,Cosmos-2251
COS2251_505,1 37533U 93036BNN 26119.26965303  .00002078  00000+0  10060-2 0  9990,2 37533  74.0683 309.1758 0154662 333.6075  25.7243 14.13031046648638,Cosmos-2251
COS2251_506,1 37535U 93036BNQ 26125.07238205  .00001913  00000+0  40774-3 0  9995,2 37535  74.0214 160.2173 0029359 260.9552 127.3336 14.59419061874150,Cosmos-2251
COS2251_507,1 37537U 93036BNS 26121.94290568  .00000497  00000+0  17145-3 0  9991,2 37537  74.0134   6.6877 0050750 115.1356 245.5075 14.37676288870486,Cosmos-2251
COS2251_508,1 37546U 93036BPB 26124.41181432  .00013012  00000+0  14883-2 0  9997,2 37546  74.0195 175.2082 0004346 200.4366 159.6641 14.86037203680039,Cosmos-2251
COS2251_509,1 37959U 93036BPJ 26124.49566639  .00001923  00000+0  40631-3 0  9998,2 37959  74.0065 144.6896 0059206 251.1672 262.0180 14.58995732822083,Cosmos-2251
COS2251_510,1 37960U 93036BPK 26123.21225878  .00000694  00000+0  31944-3 0  9997,2 37960  74.0596 298.8384 0245536 283.7308  73.6609 14.08384037793970,Cosmos-2251
COS2251_511,1 37961U 93036BPL 26123.55587413  .00003244  00000+0  68595-3 0  9997,2 37961  74.0435 227.1345 0039893 272.2324  87.4274 14.59239486821339,Cosmos-2251
COS2251_512,1 37966U 93036BPR 26111.28626792  .00126430  00000+0  34420-2 0  9995,2 37966  73.9732 316.6679 0015677 143.5514 216.6762 15.36817077873149,Cosmos-2251
COS2251_513,1 37967U 93036BPS 26124.54153596  .00002504  00000+0  67750-3 0  9994,2 37967  74.0147 232.4782 0148461 336.8813  22.5706 14.41946760667936,Cosmos-2251
COS2251_514,1 37968U 93036BPT 26116.39023898  .00012696  00000+0  86818-3 0  9999,2 37968  74.0004 355.8654 0075755  79.1978 281.7726 15.03806591622412,Cosmos-2251
COS2251_515,1 37971U 93036BPW 26121.77920136  .00002205  00000+0  54864-3 0  9993,2 37971  73.9845 138.1775 0079445 243.3068 115.9944 14.50471008627077,Cosmos-2251
COS2251_516,1 37975U 93036BQA 26123.05369841  .00027426  00000+0  31570-2 0  9990,2 37975  74.0001  45.0735 0074473 359.3671   0.7400 14.83618420718361,Cosmos-2251
COS2251_517,1 37985U 93036BQL 26124.35118143  .00000092  00000+0  41028-4 0  9993,2 37985  74.0268   3.9727 0020412  95.6570 264.6911 14.35527362669637,Cosmos-2251
COS2251_518,1 37988U 93036BQP 26124.35193586  .00004152  00000+0  66687-3 0  9998,2 37988  74.0597 107.9791 0060585 111.2184 249.5474 14.70720393254917,Cosmos-2251
COS2251_519,1 37993U 93036BQU 26125.06272514  .00004759  00000+0  95734-3 0  9990,2 37993  74.0220 252.7832 0020863 308.0313  51.8970 14.61731994674107,Cosmos-2251
COS2251_520,1 37994U 93036BQV 26124.78634150  .00000731  00000+0  23990-3 0  9998,2 37994  74.0377  11.4671 0022231  60.3403 299.9962 14.39938002791235,Cosmos-2251
COS2251_521,1 37998U 93036BQZ 26124.28072174  .00001338  00000+0  38193-3 0  9994,2 37998  74.0363 329.2533 0018828  12.8959 347.2676 14.46060630663470,Cosmos-2251
COS2251_522,1 38001U 93036BRC 26124.67771391  .00003483  00000+0  44200-3 0  9999,2 38001  74.0005 210.1587 0064097 323.3159 187.2980 14.80664310768229,Cosmos-2251
COS2251_523,1 38006U 93036BRH 26123.29284715  .00006803  00000+0  17826-2 0  9992,2 38006  73.8439 130.3546 0067477  50.8599 309.8530 14.48090049650088,Cosmos-2251
COS2251_524,1 38054U 93036BRL 26124.19210519  .00002346  00000+0  19989-2 0  9996,2 38054  73.9558  32.5600 0348133 342.8485 168.5690 13.63330999691200,Cosmos-2251
COS2251_525,1 38055U 93036BRM 26124.72871186  .00004515  00000+0  59743-3 0  9992,2 38055  74.0086 285.5157 0063632  18.1947 353.0790 14.78829419627950,Cosmos-2251
COS2251_526,1 38056U 93036BRN 26123.73985213  .00004590  00000+0  27636-2 0  9998,2 38056  73.9242  32.7558 0273659 352.5120   7.1954 13.90055738662462,Cosmos-2251
COS2251_527,1 38060U 93036BRS 26121.99096950  .00002058  00000+0  38370-3 0  9995,2 38060  74.0433  25.9340 0057875  98.2845 262.4891 14.64611606740177,Cosmos-2251
COS2251_528,1 38062U 93036BRU 26120.46896441  .00025695  00000+0  19271-2 0  9991,2 38062  74.0074   8.5369 0016383 125.7041  50.7510 15.02458456651083,Cosmos-2251
COS2251_529,1 38064U 93036BRW 26124.23360311  .00002219  00000+0  48900-3 0  9993,2 38064  74.0225 213.3421 0047347 296.7042  62.9279 14.57346048739404,Cosmos-2251
COS2251_530,1 38067U 93036BRZ 26123.42169352  .00001414  00000+0  28076-3 0  9996,2 38067  74.0169   3.2034 0069781 116.8497  62.2124 14.61615474646251,Cosmos-2251
COS2251_531,1 38068U 93036BSA 26124.18321453  .00000595  00000+0  21208-3 0  9992,2 38068  74.0228  46.4564 0025161 104.9985 255.3955 14.36224378686914,Cosmos-2251
COS2251_532,1 38197U 93036BSM 26124.22339235  .00010448  00000+0  12477-2 0  9992,2 38197  73.9360  75.8605 0114241 275.7417  83.0743 14.79692564878590,Cosmos-2251
COS2251_533,1 38199U 93036BSP 26120.51482190  .00000422  00000+0  34486-3 0  9997,2 38199  73.9559 194.1309 0366434  93.4602 270.8490 13.65032731629151,Cosmos-2251
COS2251_534,1 38208U 93036BSY 26124.08503606  .00015164  00000+0  15641-2 0  9990,2 38208  74.0020 154.7746 0007463 242.6613 148.7972 14.90195702732754,Cosmos-2251
COS2251_535,1 38212U 93036BTC 26124.07867047  .00001804  00000+0  23431-3 0  9999,2 38212  74.0494 157.2434 0092177 187.1436 172.8435 14.78608436834134,Cosmos-2251
COS2251_536,1 38220U 93036BTL 26124.77658113  .00033035  00000+0  24125-2 0  9998,2 38220  74.0077 137.7571 0003150 244.4488 115.6376 15.03513395735139,Cosmos-2251
COS2251_537,1 38479U 93036BTP 26125.12027984  .00003209  00000+0  99031-3 0  9999,2 38479  74.0066 279.1912 0081818 356.0346 124.6225 14.39858833667508,Cosmos-2251
COS2251_538,1 38481U 93036BTR 26124.68954183  .00002104  00000+0  12646-2 0  9991,2 38481  73.9305 120.3731 0226491  31.8882 329.5729 13.95481836610545,Cosmos-2251
COS2251_539,1 38483U 93036BTT 26121.27276206  .00001769  00000+0  65442-3 0  9997,2 38483  74.2582 121.8363 0114030 186.3839 173.5867 14.29496691654718,Cosmos-2251
COS2251_540,1 38486U 93036BTW 26124.72020556  .00018092  00000+0  24706-2 0  9992,2 38486  73.9402 283.3714 0031338  39.7397 337.4621 14.78239077775441,Cosmos-2251
COS2251_541,1 38487U 93036BTX 26122.63237175  .00067761  00000+0  20214-2 0  9995,2 38487  73.9646  94.8964 0026283 226.4717 133.4305 15.33977827689483,Cosmos-2251
COS2251_542,1 39109U 93036BTY 26116.27570896  .00002921  00000+0  46127-3 0  9999,2 39109  74.0405 323.7997 0056991  33.8489  84.5431 14.71754970671520,Cosmos-2251
COS2251_543,1 39546U 93036BUC 26124.50985794  .00010828  00000+0  94219-3 0  9996,2 39546  73.9975 208.4708 0041418 330.5551  29.3300 14.96353542665699,Cosmos-2251
COS2251_544,1 39547U 93036BUD 26124.64362225  .00095165  00000+0  38748-2 0  9991,2 39547  74.0013  81.4161 0013200 203.3525 334.8705 15.23953559661866,Cosmos-2251
COS2251_545,1 39553U 93036BUK 26121.64404567  .00002074  00000+0  11759-2 0  9991,2 39553  74.0272  87.5470 0206413 191.7404 167.8880 14.00460490775759,Cosmos-2251
COS2251_546,1 39554U 93036BUL 26119.33801345  .00085161  00000+0  29416-2 0  9997,2 39554  74.0076 335.8780 0011897 135.1807 225.0358 15.29466645664758,Cosmos-2251
COS2251_547,1 39583U 93036BUN 26124.27259024  .00008959  00000+0  15292-2 0  9996,2 39583  73.9323 332.5399 0132538  55.7311 305.6323 14.63382787638621,Cosmos-2251
COS2251_548,1 39585U 93036BUQ 26122.48714778  .00001015  00000+0  21586-3 0  9991,2 39585  74.0433  33.3021 0065879 119.8266 240.9470 14.59031825645732,Cosmos-2251
COS2251_549,1 39586U 93036BUR 26122.86260369  .00000761  00000+0  34065-3 0  9999,2 39586  74.0094 334.8256 0100939  77.6309 301.2747 14.21511967629774,Cosmos-2251
COS2251_550,1 39591U 93036BUW 26124.96735016  .00000945  00000+0  29326-3 0  9992,2 39591  74.0205 340.9929 0028940  62.6251   4.4195 14.42211254638419,Cosmos-2251
COS2251_551,1 40218U 93036BUX 26123.88840525  .00000848  00000+0  26646-3 0  9996,2 40218  74.0316 345.3329 0015909  39.4668 320.7643 14.41948977609102,Cosmos-2251
COS2251_552,1 40223U 93036BVC 26124.05476435  .00115198  00000+0  40712-2 0  9991,2 40223  73.9262 150.9259 0017971 284.0093  75.9110 15.28498229615290,Cosmos-2251
COS2251_553,1 40228U 93036BVH 26122.93414492  .00000736  00000+0  23512-3 0  9997,2 40228  74.0561 359.4499 0022638  28.1388 351.3411 14.41295728609551,Cosmos-2251
COS2251_554,1 40230U 93036BVK 26124.30134381  .00001934  00000+0  50355-3 0  9995,2 40230  74.0455 319.4141 0016821 343.9447 195.1143 14.50183137610375,Cosmos-2251
COS2251_555,1 40233U 93036BVN 26123.58288844  .00003533  00000+0  73293-3 0  9994,2 40233  73.9391 191.1630 0046061 234.6586 125.0270 14.59916187612061,Cosmos-2251
COS2251_556,1 40236U 93036BVR 26117.19404248  .00001610  00000+0  17382-2 0  9995,2 40236  73.5332 290.1918 0536069 158.1550 204.3370 13.24910428554180,Cosmos-2251
COS2251_557,1 40237U 93036BVS 26124.70484860  .00166567  00000+0  49616-2 0  9997,2 40237  74.0154 109.3271 0010571 242.7550 292.6215 15.33887639616723,Cosmos-2251
COS2251_558,1 40238U 93036BVT 26121.56934970  .00001860  00000+0  19083-2 0  9990,2 40238  73.9912 208.7649 0547526 154.1757 208.7800 13.25598126558897,Cosmos-2251
COS2251_559,1 40239U 93036BVU 26118.98952221  .00001632  00000+0  31181-3 0  9993,2 40239  74.0313  12.8531 0084090  90.8766 285.7942 14.62527250616177,Cosmos-2251
COS2251_560,1 40792U 93036BVV 26122.76529360  .00004463  00000+0  75848-3 0  9995,2 40792  74.0431 134.8082 0018505 208.7851 327.6650 14.69335972652549,Cosmos-2251
COS2251_561,1 40793U 93036BVW 26125.09575499  .00000630  00000+0  32309-3 0  9996,2 40793  73.9771 273.4658 0214416  38.6598 322.9666 14.06194565702601,Cosmos-2251
COS2251_562,1 40794U 93036BVX 26122.48413565  .00052877  00000+0  36691-2 0  9999,2 40794  73.9718 197.3118 0013368 307.0295  72.6778 15.05243564640347,Cosmos-2251
COS2251_563,1 40796U 93036BVZ 26124.53211385  .00004515  00000+0  53580-3 0  9998,2 40796  74.0118 219.2402 0054534 319.0386  56.4544 14.83730461782754,Cosmos-2251
COS2251_564,1 40797U 93036BWA 26106.95092390  .00006561  00000+0  33006-3 0  9992,2 40797  73.9350 193.7181 0061950  73.6007 287.1985 15.15723578665382,Cosmos-2251
COS2251_565,1 40799U 93036BWC 26119.44194748  .00004085  00000+0  30332-3 0  9990,2 40799  73.9254 177.6284 0114252  26.5953 334.1029 14.98266211520381,Cosmos-2251
COS2251_566,1 40802U 93036BWF 26124.59257013  .00003346  00000+0  44264-3 0  9990,2 40802  74.0408 232.3789 0061623 293.6518  65.8196 14.79063224665207,Cosmos-2251
COS2251_567,1 40803U 93036BWG 26118.81499582  .00000848  00000+0  21469-3 0  9994,2 40803  74.0119 153.3078 0033418 333.0570  26.8854 14.52176419607428,Cosmos-2251
COS2251_568,1 40808U 93036BWM 26124.54534094  .00006987  00000+0  11653-2 0  9997,2 40808  74.0415 229.1600 0008550 236.9228 137.8558 14.70122210657165,Cosmos-2251
COS2251_569,1 40810U 93036BWP 26125.09197250  .00001915  00000+0  40705-3 0  9997,2 40810  74.0336 161.5097 0019870 272.0530  87.8360 14.59683362637747,Cosmos-2251
COS2251_570,1 46271U 93036BWT 26123.86970738  .00000729  00000+0  18656-3 0  9999,2 46271  74.0453 170.7881 0041365 255.2874 104.3701 14.51773094867041,Cosmos-2251
COS2251_571,1 46430U 93036BWU 26123.62828110  .00008569  00000+0  19380-2 0  9990,2 46430  73.9126  86.7410 0093666 333.2950  26.3402 14.53625175817437,Cosmos-2251
COS2251_572,1 46432U 93036BWW 26124.58909671  .00000374  00000+0  40147-3 0  9992,2 46432  73.8707 246.1672 0473451 339.4112  33.3751 13.36845729688752,Cosmos-2251
COS2251_573,1 47045U 93036BWZ 26123.61920022  .00000182  00000+0  67309-4 0  9996,2 47045  74.0586 247.8117 0029412 352.1089  26.9951 14.38979622 98468,Cosmos-2251
COS2251_574,1 47048U 93036BXC 26121.51163372  .00003995  00000+0  85082-3 0  9995,2 47048  73.9784  54.3518 0133851 208.3401 274.3961 14.53834283617207,Cosmos-2251
COS2251_575,1 47051U 93036BXF 26115.27937706  .00001486  00000+0  11876-2 0  9997,2 47051  74.1004 325.2480 0342054  48.0787  68.2467 13.67638416617632,Cosmos-2251
COS2251_576,1 47052U 93036BXG 26123.63947086  .00000663  00000+0  23375-3 0  9993,2 47052  74.0479  80.1775 0058468 121.3929  58.7996 14.35728695638255,Cosmos-2251
COS2251_577,1 47053U 93036BXH 26108.08806634  .00000495  00000+0  42789-3 0  9992,2 47053  74.0569  49.4679 0381558 195.2151 183.8703 13.60010295306067,Cosmos-2251
COS2251_578,1 47059U 93036BXP 26124.18285359  .00151912  00000+0  38442-2 0  9993,2 47059  73.9701 293.8737 0013265  81.3046 278.9663 15.39004937104751,Cosmos-2251
COS2251_579,1 47061U 93036BXR 26124.62332021  .00280780  00000+0  41635-2 0  9998,2 47061  73.9735 248.0391 0013160  41.0128 319.2074 15.54084481665618,Cosmos-2251
COS2251_580,1 47062U 93036BXS 26104.09786735  .00000477  00000+0  37666-3 0  9996,2 47062  74.0804 236.3268 0323901 333.7316 207.6937 13.72305270572804,Cosmos-2251
COS2251_581,1 47068U 93036BXY 26123.18163806  .00003459  00000+0  81992-3 0  9995,2 47068  74.0231 296.0518 0017144 353.5468   6.5471 14.54314720638120,Cosmos-2251
COS2251_582,1 47069U 93036BXZ 26108.03362727  .00012694  00000+0  14406-2 0  9992,2 47069  74.0117 222.2654 0003662 183.1233 176.9924 14.86366161743700,Cosmos-2251
COS2251_583,1 47073U 93036BYD 26124.79365492  .00000496  00000+0  28845-3 0  9990,2 47073  74.0830 312.8984 0159941 316.5360  42.3257 14.05033146623701,Cosmos-2251
COS2251_584,1 47074U 93036BYE 26124.06462918  .00005725  00000+0  17246-2 0  9994,2 47074  74.0936  48.0365 0138719  40.8319 335.9308 14.37303286 47260,Cosmos-2251
COS2251_585,1 47116U 93036BYJ 26123.27021801  .00028270  00000+0  19073-2 0  9995,2 47116  74.0197 311.7456 0017249  27.8938 147.5482 15.06395585616366,Cosmos-2251
COS2251_586,1 53093U 93036BYP 26125.14159596  .00002896  00000+0  87596-3 0  9999,2 53093  74.0371  35.4869 0019687  87.8187 272.5223 14.42684404197938,Cosmos-2251
